PLAYER_NAME,PLAYER_ID,GAME_DATE,GAME_ID,PTS,REB,AST,opp_TEAM_ID,opp_TEAM_NAME_Base,opp_E_OFF_RATING,opp_E_DEF_RATING,opp_E_NET_RATING,opp_REB_PCT,PTS_8_game_avg,PTS_8_game_slope,REB_8_game_avg,REB_8_game_slope,AST_8_game_avg,AST_8_game_slope
Drew Timme,1631166,2025-03-28,22401068,11,10,1,1610612746,LA Clippers,107.2,106.1,1.1,0.493,,,,,,
Drew Timme,1631166,2025-03-29,22401075,19,6,3,1610612764,Washington Bullets,109.0,103.8,5.2,0.503,,,,,,
Drew Timme,1631166,2025-03-31,22401095,9,3,1,1610612742,Dallas Mavericks,105.2,104.5,0.7,0.494,,,,,,
Drew Timme,1631166,2025-04-03,22401113,6,1,2,1610612750,Minnesota Timberwolves,103.7,105.5,-1.8,0.496,,,,,,
Drew Timme,1631166,2025-04-06,22401134,13,7,2,1610612761,Toronto Raptors,103.5,103.4,0.1,0.498,,,,,,
Drew Timme,1631166,2025-04-08,22401150,16,9,1,1610612740,New Orleans Hornets,99.0,102.6,-3.6,0.494,,,,,,
Drew Timme,1631166,2025-04-10,22401169,13,11,6,1610612737,Atlanta Hawks,102.8,104.7,-1.9,0.497,,,,,,
Drew Timme,1631166,2025-04-11,22401179,11,10,2,1610612750,Minnesota Timberwolves,103.8,105.6,-1.7,0.497,,,,,,
Drew Timme,1631166,2025-04-13,22401188,11,8,2,1610612752,New York Knicks,102.8,103.9,-1.2,0.498,12.25,-0.023809523809522917,7.125,0.5833333333333336,2.25,0.2619047619047619
