slug,name,team,location,opponent,outcome,seconds_played,made_field_goals,attempted_field_goals,made_three_point_field_goals,attempted_three_point_field_goals,made_free_throws,attempted_free_throws,offensive_rebounds,defensive_rebounds,assists,steals,blocks,turnovers,personal_fouls,plus_minus,game_score
avdijde01,Deni Avdija,Team.PORTLAND_TRAIL_BLAZERS,Location.HOME,Team.DENVER_NUGGETS,Outcome.WIN,2297,12,16,4,6,8,9,2,6,7,3,1,5,2,27.0,35.2
duranke01,Kevin Durant,Team.PHOENIX_SUNS,Location.HOME,Team.CLEVELAND_CAVALIERS,Outcome.WIN,2311,17,29,4,9,4,4,0,6,8,0,1,3,1,7.0,33.2
dinwisp01,Spencer Dinwiddie,Team.DALLAS_MAVERICKS,Location.HOME,Team.DETROIT_PISTONS,Outcome.WIN,2319,9,12,2,5,11,13,1,2,7,2,0,1,0,-1.0,32.6
vanvlfr01,Fred VanVleet,Team.HOUSTON_ROCKETS,Location.AWAY,Team.MIAMI_HEAT,Outcome.WIN,2169,13,17,9,11,2,4,0,0,3,3,0,1,3,2.0,32.4
hardeja01,James Harden,Team.LOS_ANGELES_CLIPPERS,Location.HOME,Team.MEMPHIS_GRIZZLIES,Outcome.WIN,2154,8,14,5,10,9,10,0,4,9,2,2,3,2,24.0,30.1
gilgesh01,Shai Gilgeous-Alexander,Team.OKLAHOMA_CITY_THUNDER,Location.HOME,Team.CHARLOTTE_HORNETS,Outcome.WIN,1776,13,18,2,2,2,2,0,6,9,1,0,1,2,31.0,29.9
porzikr01,Kristaps Porziņģis,Team.BOSTON_CELTICS,Location.AWAY,Team.UTAH_JAZZ,Outcome.WIN,1480,9,15,3,5,6,6,4,6,6,1,0,1,4,3.0,27.3
banchpa01,Paolo Banchero,Team.ORLANDO_MAGIC,Location.AWAY,Team.WASHINGTON_WIZARDS,Outcome.WIN,1831,11,22,3,5,5,6,1,7,5,1,0,2,0,31.0,23.9
thompam01,Amen Thompson,Team.HOUSTON_ROCKETS,Location.AWAY,Team.MIAMI_HEAT,Outcome.WIN,2071,8,14,0,0,2,3,3,6,5,7,1,2,1,20.0,23.7
wiggian01,Andrew Wiggins,Team.MIAMI_HEAT,Location.HOME,Team.HOUSTON_ROCKETS,Outcome.LOSS,1777,10,13,2,4,8,9,0,2,3,1,1,4,3,4.0,23.7
cunnica01,Cade Cunningham,Team.DETROIT_PISTONS,Location.AWAY,Team.DALLAS_MAVERICKS,Outcome.LOSS,2305,15,30,2,5,3,5,1,6,6,1,0,2,4,-5.0,23.3
yabusgu01,Guerschon Yabusele,Team.PHILADELPHIA_76ERS,Location.AWAY,Team.SAN_ANTONIO_SPURS,Outcome.LOSS,2274,11,16,0,3,1,2,4,5,5,1,0,1,2,-4.0,22.8
leonaka01,Kawhi Leonard,Team.LOS_ANGELES_CLIPPERS,Location.HOME,Team.MEMPHIS_GRIZZLIES,Outcome.WIN,2194,9,12,1,3,4,4,0,10,4,0,0,1,1,16.0,22.6
castlst01,Stephon Castle,Team.SAN_ANTONIO_SPURS,Location.HOME,Team.PHILADELPHIA_76ERS,Outcome.WIN,2091,6,14,0,3,5,5,1,4,14,3,1,3,0,20.0,22.0
sextoco01,Collin Sexton,Team.UTAH_JAZZ,Location.HOME,Team.BOSTON_CELTICS,Outcome.LOSS,2136,12,16,4,6,2,3,0,2,3,1,0,3,5,-17.0,21.9
bantoda01,Dalano Banton,Team.PORTLAND_TRAIL_BLAZERS,Location.HOME,Team.DENVER_NUGGETS,Outcome.WIN,1763,6,10,2,5,5,6,0,3,5,3,3,2,0,14.0,21.5
randlju01,Julius Randle,Team.MINNESOTA_TIMBERWOLVES,Location.HOME,Team.NEW_ORLEANS_PELICANS,Outcome.WIN,1513,7,11,2,5,4,4,4,2,5,2,0,2,3,13.0,20.8
gordoaa01,Aaron Gordon,Team.DENVER_NUGGETS,Location.AWAY,Team.PORTLAND_TRAIL_BLAZERS,Outcome.LOSS,1893,6,10,1,3,10,12,2,1,4,0,0,1,1,-11.0,20.7
johnske04,Keldon Johnson,Team.SAN_ANTONIO_SPURS,Location.HOME,Team.PHILADELPHIA_76ERS,Outcome.WIN,1584,6,10,2,3,4,5,1,4,3,3,2,0,2,9.0,20.6
vukcetr01,Tristan Vukcevic,Team.WASHINGTON_WIZARDS,Location.HOME,Team.ORLANDO_MAGIC,Outcome.LOSS,1255,5,10,4,4,3,3,1,5,3,3,1,0,0,8.0,20.0
marshna01,Naji Marshall,Team.DALLAS_MAVERICKS,Location.HOME,Team.DETROIT_PISTONS,Outcome.WIN,2154,8,12,1,2,2,4,3,8,5,2,1,3,2,4.0,19.9
goberru01,Rudy Gobert,Team.MINNESOTA_TIMBERWOLVES,Location.HOME,Team.NEW_ORLEANS_PELICANS,Outcome.WIN,1801,4,5,0,0,7,8,2,9,3,3,0,1,4,34.0,19.3
edwarju01,Justin Edwards,Team.PHILADELPHIA_76ERS,Location.AWAY,Team.SAN_ANTONIO_SPURS,Outcome.LOSS,2285,9,14,3,6,4,6,1,4,2,0,1,2,2,-8.0,19.2
wareke01,Kel'el Ware,Team.MIAMI_HEAT,Location.HOME,Team.HOUSTON_ROCKETS,Outcome.LOSS,2109,7,10,2,2,0,0,2,12,1,2,2,1,3,7.0,18.7
sochaje01,Jeremy Sochan,Team.SAN_ANTONIO_SPURS,Location.HOME,Team.PHILADELPHIA_76ERS,Outcome.WIN,2126,11,17,0,0,1,2,4,5,2,0,0,1,3,12.0,18.6
councri01,Ricky Council IV,Team.PHILADELPHIA_76ERS,Location.AWAY,Team.SAN_ANTONIO_SPURS,Outcome.LOSS,1446,6,9,3,5,5,6,0,8,1,1,0,1,1,-8.0,18.4
mobleev01,Evan Mobley,Team.CLEVELAND_CAVALIERS,Location.AWAY,Team.PHOENIX_SUNS,Outcome.LOSS,1846,7,14,2,4,0,2,4,8,5,1,2,1,0,-9.0,18.3
vassede01,Devin Vassell,Team.SAN_ANTONIO_SPURS,Location.HOME,Team.PHILADELPHIA_76ERS,Outcome.WIN,2239,7,16,4,8,2,2,1,4,7,3,0,2,3,5.0,18.2
grimequ01,Quentin Grimes,Team.PHILADELPHIA_76ERS,Location.AWAY,Team.SAN_ANTONIO_SPURS,Outcome.LOSS,2094,10,20,4,11,1,2,0,2,10,2,0,5,3,1.0,18.0
durenja01,Jalen Duren,Team.DETROIT_PISTONS,Location.AWAY,Team.DALLAS_MAVERICKS,Outcome.LOSS,1649,5,5,0,0,4,6,5,4,3,0,2,1,4,-8.0,17.3
bridgmi02,Miles Bridges,Team.CHARLOTTE_HORNETS,Location.AWAY,Team.OKLAHOMA_CITY_THUNDER,Outcome.LOSS,1547,5,12,4,10,6,6,0,3,4,1,1,1,2,-18.0,17.2
jeromty01,Ty Jerome,Team.CLEVELAND_CAVALIERS,Location.AWAY,Team.PHOENIX_SUNS,Outcome.LOSS,1143,5,8,2,5,4,4,1,0,5,2,1,2,1,-9.0,16.9
wagnefr01,Franz Wagner,Team.ORLANDO_MAGIC,Location.AWAY,Team.WASHINGTON_WIZARDS,Outcome.WIN,1448,9,18,1,4,2,2,0,8,5,0,1,1,3,12.0,16.4
aldamsa01,Santi Aldama,Team.MEMPHIS_GRIZZLIES,Location.AWAY,Team.LOS_ANGELES_CLIPPERS,Outcome.LOSS,1906,5,11,3,8,3,5,1,4,7,1,0,1,0,-22.0,16.3
camarto01,Toumani Camara,Team.PORTLAND_TRAIL_BLAZERS,Location.HOME,Team.DENVER_NUGGETS,Outcome.WIN,2146,5,10,2,5,4,6,2,4,4,2,0,1,1,20.0,16.2
cartewe01,Wendell Carter Jr.,Team.ORLANDO_MAGIC,Location.AWAY,Team.WASHINGTON_WIZARDS,Outcome.WIN,1768,7,13,2,4,0,0,6,6,1,0,2,1,2,32.0,16.0
jonesty01,Tyus Jones,Team.PHOENIX_SUNS,Location.HOME,Team.CLEVELAND_CAVALIERS,Outcome.WIN,1470,6,11,4,9,0,0,1,2,3,2,0,0,1,4.0,15.7
kennalu01,Luke Kennard,Team.MEMPHIS_GRIZZLIES,Location.AWAY,Team.LOS_ANGELES_CLIPPERS,Outcome.LOSS,1770,6,9,3,5,0,0,0,2,4,3,0,1,2,-9.0,15.7
paulch01,Chris Paul,Team.SAN_ANTONIO_SPURS,Location.HOME,Team.PHILADELPHIA_76ERS,Outcome.WIN,1571,6,7,6,7,0,0,0,4,3,0,1,3,2,-3.0,15.7
tatumja01,Jayson Tatum,Team.BOSTON_CELTICS,Location.AWAY,Team.UTAH_JAZZ,Outcome.WIN,2008,11,25,3,10,1,1,0,6,6,3,0,6,1,18.0,15.5
pippesc02,Scotty Pippen Jr.,Team.MEMPHIS_GRIZZLIES,Location.AWAY,Team.LOS_ANGELES_CLIPPERS,Outcome.LOSS,1636,6,9,3,4,0,0,1,2,5,1,1,2,2,-17.0,14.8
sharpsh01,Shaedon Sharpe,Team.PORTLAND_TRAIL_BLAZERS,Location.HOME,Team.DENVER_NUGGETS,Outcome.WIN,2315,10,22,1,10,2,2,2,4,2,1,1,1,4,21.0,14.7
reidna01,Naz Reid,Team.MINNESOTA_TIMBERWOLVES,Location.HOME,Team.NEW_ORLEANS_PELICANS,Outcome.WIN,1469,6,13,3,8,0,0,0,5,6,1,0,0,1,19.0,14.6
edwaran01,Anthony Edwards,Team.MINNESOTA_TIMBERWOLVES,Location.HOME,Team.NEW_ORLEANS_PELICANS,Outcome.WIN,1534,6,13,3,7,2,2,2,1,5,2,0,3,0,21.0,14.5
washipj01,P.J. Washington,Team.DALLAS_MAVERICKS,Location.HOME,Team.DETROIT_PISTONS,Outcome.WIN,2302,9,16,5,8,4,6,0,3,0,2,4,9,2,5.0,14.5
mcdanja02,Jaden McDaniels,Team.MINNESOTA_TIMBERWOLVES,Location.HOME,Team.NEW_ORLEANS_PELICANS,Outcome.WIN,1253,7,10,2,2,1,1,1,4,0,1,0,1,1,15.0,14.3
huntede01,De'Andre Hunter,Team.CLEVELAND_CAVALIERS,Location.AWAY,Team.PHOENIX_SUNS,Outcome.LOSS,1322,6,8,3,5,2,2,0,1,1,0,0,0,2,3.0,14.0
powelno01,Norman Powell,Team.LOS_ANGELES_CLIPPERS,Location.HOME,Team.MEMPHIS_GRIZZLIES,Outcome.WIN,1611,4,8,1,2,5,6,1,2,3,2,0,1,0,20.0,14.0
pritcpa01,Payton Pritchard,Team.BOSTON_CELTICS,Location.AWAY,Team.UTAH_JAZZ,Outcome.WIN,1895,6,13,4,11,2,3,1,1,4,1,0,1,2,14.0,13.9
wallaca01,Cason Wallace,Team.OKLAHOMA_CITY_THUNDER,Location.HOME,Team.CHARLOTTE_HORNETS,Outcome.WIN,1560,5,8,1,3,0,0,2,1,5,2,1,1,1,11.0,13.9
gilleco01,Collin Gillespie,Team.PHOENIX_SUNS,Location.HOME,Team.CLEVELAND_CAVALIERS,Outcome.WIN,1433,5,6,3,3,0,0,0,2,4,1,0,1,1,11.0,13.8
willija07,Jaylin Williams,Team.OKLAHOMA_CITY_THUNDER,Location.HOME,Team.CHARLOTTE_HORNETS,Outcome.WIN,1398,4,7,3,5,3,4,0,5,4,0,0,0,2,21.0,13.8
reathdu01,Duop Reath,Team.PORTLAND_TRAIL_BLAZERS,Location.HOME,Team.DENVER_NUGGETS,Outcome.WIN,1949,6,8,0,1,0,0,4,3,4,1,0,1,4,26.0,13.7
sarral01,Alex Sarr,Team.WASHINGTON_WIZARDS,Location.HOME,Team.ORLANDO_MAGIC,Outcome.LOSS,1706,7,15,3,6,2,4,4,6,2,0,0,3,0,-24.0,13.5
georgke01,Keyonte George,Team.UTAH_JAZZ,Location.HOME,Team.BOSTON_CELTICS,Outcome.LOSS,1999,7,16,5,9,0,0,0,4,7,0,0,3,1,-22.0,13.3
diabamo01,Moussa Diabaté,Team.CHARLOTTE_HORNETS,Location.AWAY,Team.OKLAHOMA_CITY_THUNDER,Outcome.LOSS,1315,6,8,0,0,0,0,3,4,3,1,0,2,0,-26.0,13.2
bogdabo01,Bogdan Bogdanović,Team.LOS_ANGELES_CLIPPERS,Location.HOME,Team.MEMPHIS_GRIZZLIES,Outcome.WIN,1573,6,9,4,5,0,0,0,3,5,1,0,3,4,9.0,12.9
bookede01,Devin Booker,Team.PHOENIX_SUNS,Location.HOME,Team.CLEVELAND_CAVALIERS,Outcome.WIN,2335,7,17,1,4,2,2,0,2,10,0,0,1,4,13.0,12.9
gillan01,Anthony Gill,Team.WASHINGTON_WIZARDS,Location.HOME,Team.ORLANDO_MAGIC,Outcome.LOSS,1324,2,3,0,0,6,7,1,4,1,2,0,0,0,11.0,12.9
adebaba01,Bam Adebayo,Team.MIAMI_HEAT,Location.HOME,Team.HOUSTON_ROCKETS,Outcome.LOSS,2250,6,13,2,4,2,3,1,5,6,0,0,2,2,-10.0,12.5
kesslwa01,Walker Kessler,Team.UTAH_JAZZ,Location.HOME,Team.BOSTON_CELTICS,Outcome.LOSS,1725,4,9,0,1,0,0,6,5,6,0,1,1,1,-17.0,12.5
simpskj01,KJ Simpson,Team.CHARLOTTE_HORNETS,Location.AWAY,Team.OKLAHOMA_CITY_THUNDER,Outcome.LOSS,1964,2,4,2,3,4,4,0,1,8,1,0,2,1,-20.0,12.5
thompkl01,Klay Thompson,Team.DALLAS_MAVERICKS,Location.HOME,Team.DETROIT_PISTONS,Outcome.WIN,1817,6,14,3,11,5,6,0,5,1,0,0,2,0,3.0,12.4
highsha01,Haywood Highsmith,Team.MIAMI_HEAT,Location.HOME,Team.HOUSTON_ROCKETS,Outcome.LOSS,1435,3,5,2,4,0,0,1,3,3,4,0,1,1,-2.0,12.0
portemi01,Michael Porter Jr.,Team.DENVER_NUGGETS,Location.AWAY,Team.PORTLAND_TRAIL_BLAZERS,Outcome.LOSS,1718,5,10,3,7,4,4,1,4,3,1,0,3,5,-20.0,12.0
caldwke01,Kentavious Caldwell-Pope,Team.ORLANDO_MAGIC,Location.AWAY,Team.WASHINGTON_WIZARDS,Outcome.WIN,1700,4,6,3,5,0,1,1,4,1,1,1,0,1,22.0,11.9
zubaciv01,Ivica Zubac,Team.LOS_ANGELES_CLIPPERS,Location.HOME,Team.MEMPHIS_GRIZZLIES,Outcome.WIN,2062,8,14,0,0,1,2,0,10,1,0,2,2,3,23.0,11.9
blackan01,Anthony Black,Team.ORLANDO_MAGIC,Location.AWAY,Team.WASHINGTON_WIZARDS,Outcome.WIN,1531,5,7,1,1,2,2,2,4,6,0,1,5,2,-9.0,11.8
johnsaj01,AJ Johnson,Team.WASHINGTON_WIZARDS,Location.HOME,Team.ORLANDO_MAGIC,Outcome.LOSS,1356,6,9,2,3,0,0,0,2,3,0,0,1,0,10.0,11.8
harteis01,Isaiah Hartenstein,Team.OKLAHOMA_CITY_THUNDER,Location.HOME,Team.CHARLOTTE_HORNETS,Outcome.WIN,1482,6,13,0,1,0,1,5,5,4,0,1,1,2,14.0,11.6
whitede01,Derrick White,Team.BOSTON_CELTICS,Location.AWAY,Team.UTAH_JAZZ,Outcome.WIN,1908,3,8,2,7,3,4,0,5,4,3,1,1,4,7.0,11.6
holmgch01,Chet Holmgren,Team.OKLAHOMA_CITY_THUNDER,Location.HOME,Team.CHARLOTTE_HORNETS,Outcome.WIN,1658,6,12,1,2,1,4,1,4,1,1,3,1,0,12.0,11.5
poolejo01,Jordan Poole,Team.WASHINGTON_WIZARDS,Location.HOME,Team.ORLANDO_MAGIC,Outcome.LOSS,1630,7,13,4,8,0,0,0,2,2,1,0,2,3,-25.0,11.5
stewais01,Isaiah Stewart,Team.DETROIT_PISTONS,Location.AWAY,Team.DALLAS_MAVERICKS,Outcome.LOSS,1222,4,6,0,0,0,0,1,5,2,2,1,0,1,3.0,11.3
dunnry01,Ryan Dunn,Team.PHOENIX_SUNS,Location.HOME,Team.CLEVELAND_CAVALIERS,Outcome.WIN,1580,4,9,2,5,0,0,3,6,1,1,1,0,1,7.0,11.2
clarkja02,Jaylen Clark,Team.MINNESOTA_TIMBERWOLVES,Location.HOME,Team.NEW_ORLEANS_PELICANS,Outcome.WIN,841,4,5,3,3,0,0,0,1,1,2,0,1,0,11.0,11.1
joneska01,Kai Jones,Team.DALLAS_MAVERICKS,Location.HOME,Team.DETROIT_PISTONS,Outcome.WIN,1473,5,6,0,0,0,0,0,7,3,0,2,0,6,7.0,11.0
divindo01,Donte DiVincenzo,Team.MINNESOTA_TIMBERWOLVES,Location.HOME,Team.NEW_ORLEANS_PELICANS,Outcome.WIN,1359,4,10,3,9,2,2,1,0,3,0,1,0,1,16.0,10.7
okekech01,Chuma Okeke,Team.PHILADELPHIA_76ERS,Location.AWAY,Team.SAN_ANTONIO_SPURS,Outcome.LOSS,1868,3,4,1,2,0,0,0,3,3,2,1,0,1,-10.0,10.7
wiggiaa01,Aaron Wiggins,Team.OKLAHOMA_CITY_THUNDER,Location.HOME,Team.CHARLOTTE_HORNETS,Outcome.WIN,1605,4,9,3,6,0,0,0,2,1,3,0,0,0,31.0,10.6
braunch01,Christian Braun,Team.DENVER_NUGGETS,Location.AWAY,Team.PORTLAND_TRAIL_BLAZERS,Outcome.LOSS,1981,6,8,1,3,2,2,2,3,2,0,0,3,5,-18.0,10.5
onealro01,Royce O'Neale,Team.PHOENIX_SUNS,Location.HOME,Team.CLEVELAND_CAVALIERS,Outcome.WIN,1284,5,8,5,8,0,0,1,4,2,0,0,3,3,-1.0,10.5
nurkiju01,Jusuf Nurkić,Team.CHARLOTTE_HORNETS,Location.AWAY,Team.OKLAHOMA_CITY_THUNDER,Outcome.LOSS,1439,2,5,1,2,1,1,1,8,5,1,1,0,3,-6.0,10.4
hausesa01,Sam Hauser,Team.BOSTON_CELTICS,Location.AWAY,Team.UTAH_JAZZ,Outcome.WIN,1736,5,10,4,8,0,0,0,1,0,1,0,0,0,15.0,10.3
juzanjo01,Johnny Juzang,Team.UTAH_JAZZ,Location.HOME,Team.BOSTON_CELTICS,Outcome.LOSS,1327,4,8,2,4,1,1,1,1,1,3,0,1,1,-15.0,10.3
harrito02,Tobias Harris,Team.DETROIT_PISTONS,Location.AWAY,Team.DALLAS_MAVERICKS,Outcome.LOSS,2085,4,11,1,4,0,0,2,4,3,5,1,2,3,-12.0,10.1
carusal01,Alex Caruso,Team.OKLAHOMA_CITY_THUNDER,Location.HOME,Team.CHARLOTTE_HORNETS,Outcome.WIN,891,2,3,1,1,4,4,0,3,0,1,1,0,1,8.0,9.9
garlada01,Darius Garland,Team.CLEVELAND_CAVALIERS,Location.AWAY,Team.PHOENIX_SUNS,Outcome.LOSS,2216,8,16,2,5,0,0,0,5,6,0,0,5,2,-4.0,9.9
houstca01,Caleb Houstan,Team.ORLANDO_MAGIC,Location.AWAY,Team.WASHINGTON_WIZARDS,Outcome.WIN,1279,2,4,2,4,0,0,0,5,2,3,0,0,0,0.0,9.9
barneha02,Harrison Barnes,Team.SAN_ANTONIO_SPURS,Location.HOME,Team.PHILADELPHIA_76ERS,Outcome.WIN,1880,5,10,2,7,2,2,0,0,3,0,1,2,0,17.0,9.8
jacksja02,Jaren Jackson Jr.,Team.MEMPHIS_GRIZZLIES,Location.AWAY,Team.LOS_ANGELES_CLIPPERS,Outcome.LOSS,2112,9,24,3,9,2,4,0,2,1,1,1,1,3,-14.0,9.8
olynyke01,Kelly Olynyk,Team.NEW_ORLEANS_PELICANS,Location.AWAY,Team.MINNESOTA_TIMBERWOLVES,Outcome.LOSS,1349,4,4,1,1,1,2,1,2,4,1,0,3,2,-12.0,9.7
georgky01,Kyshawn George,Team.WASHINGTON_WIZARDS,Location.HOME,Team.ORLANDO_MAGIC,Outcome.LOSS,1700,3,9,1,5,0,0,1,3,8,2,1,1,3,-25.0,9.6
brownbr01,Bruce Brown,Team.NEW_ORLEANS_PELICANS,Location.AWAY,Team.MINNESOTA_TIMBERWOLVES,Outcome.LOSS,1317,5,8,3,4,1,1,0,2,1,1,0,2,3,-25.0,9.5
reevean01,Antonio Reeves,Team.NEW_ORLEANS_PELICANS,Location.AWAY,Team.MINNESOTA_TIMBERWOLVES,Outcome.LOSS,740,5,5,1,1,0,0,0,0,0,1,0,1,0,-17.0,9.5
willike04,Kenrich Williams,Team.OKLAHOMA_CITY_THUNDER,Location.HOME,Team.CHARLOTTE_HORNETS,Outcome.WIN,1048,3,4,3,4,2,2,0,1,0,0,0,0,1,16.0,9.3
holidjr01,Jrue Holiday,Team.BOSTON_CELTICS,Location.AWAY,Team.UTAH_JAZZ,Outcome.WIN,1392,3,6,0,1,2,2,0,2,4,3,0,1,3,6.0,9.2
hawkijo01,Jordan Hawkins,Team.NEW_ORLEANS_PELICANS,Location.AWAY,Team.MINNESOTA_TIMBERWOLVES,Outcome.LOSS,1602,3,7,1,4,3,4,0,5,3,0,0,0,1,-22.0,9.1
weslebl01,Blake Wesley,Team.SAN_ANTONIO_SPURS,Location.HOME,Team.PHILADELPHIA_76ERS,Outcome.WIN,1143,3,5,3,3,1,2,0,0,3,1,0,1,1,-9.0,9.0
banede01,Desmond Bane,Team.MEMPHIS_GRIZZLIES,Location.AWAY,Team.LOS_ANGELES_CLIPPERS,Outcome.LOSS,1974,3,7,2,5,2,2,1,4,4,1,0,2,3,-26.0,8.8
chrisma02,Max Christie,Team.DALLAS_MAVERICKS,Location.HOME,Team.DETROIT_PISTONS,Outcome.WIN,1457,1,4,1,4,2,2,3,5,2,2,0,0,2,6.0,8.8
huffja01,Jay Huff,Team.MEMPHIS_GRIZZLIES,Location.AWAY,Team.LOS_ANGELES_CLIPPERS,Outcome.LOSS,811,5,7,3,5,0,0,0,1,0,0,0,0,4,-9.0,8.8
beaslma01,Malik Beasley,Team.DETROIT_PISTONS,Location.AWAY,Team.DALLAS_MAVERICKS,Outcome.LOSS,2167,5,15,5,11,1,1,1,0,2,1,1,1,4,3.0,8.7
josepco01,Cory Joseph,Team.ORLANDO_MAGIC,Location.AWAY,Team.WASHINGTON_WIZARDS,Outcome.WIN,1349,3,6,3,6,2,2,1,1,1,0,0,1,0,24.0,8.7
batumni01,Nicolas Batum,Team.LOS_ANGELES_CLIPPERS,Location.HOME,Team.MEMPHIS_GRIZZLIES,Outcome.WIN,749,2,4,1,3,0,0,1,1,2,2,2,0,1,2.0,8.4
strusma01,Max Strus,Team.CLEVELAND_CAVALIERS,Location.AWAY,Team.PHOENIX_SUNS,Outcome.LOSS,1409,3,5,3,4,0,0,3,1,1,1,0,1,4,-9.0,8.2
allenja01,Jarrett Allen,Team.CLEVELAND_CAVALIERS,Location.AWAY,Team.PHOENIX_SUNS,Outcome.LOSS,1348,3,4,0,0,0,0,2,4,1,0,2,1,0,-9.0,8.1
garzalu01,Luka Garza,Team.MINNESOTA_TIMBERWOLVES,Location.HOME,Team.NEW_ORLEANS_PELICANS,Outcome.WIN,472,4,4,1,1,0,0,0,1,0,0,0,0,0,8.0,8.1
okorois01,Isaac Okoro,Team.CLEVELAND_CAVALIERS,Location.AWAY,Team.PHOENIX_SUNS,Outcome.LOSS,828,3,6,2,5,2,2,1,0,1,0,0,0,1,5.0,8.0
thompau01,Ausar Thompson,Team.DETROIT_PISTONS,Location.AWAY,Team.DALLAS_MAVERICKS,Outcome.LOSS,947,3,8,0,0,2,2,3,0,3,1,0,0,2,-11.0,8.0
flaglad01,Adam Flagler,Team.OKLAHOMA_CITY_THUNDER,Location.HOME,Team.CHARLOTTE_HORNETS,Outcome.WIN,439,2,3,1,2,0,0,1,1,4,0,0,0,0,5.0,7.5
hendesc01,Scoot Henderson,Team.PORTLAND_TRAIL_BLAZERS,Location.HOME,Team.DENVER_NUGGETS,Outcome.WIN,1187,6,13,3,5,1,2,2,0,4,1,0,5,4,-1.0,7.5
hollaro01,Ron Holland,Team.DETROIT_PISTONS,Location.AWAY,Team.DALLAS_MAVERICKS,Outcome.LOSS,745,5,9,1,4,1,1,1,4,1,2,0,4,2,-5.0,7.5
curryse01,Seth Curry,Team.CHARLOTTE_HORNETS,Location.AWAY,Team.OKLAHOMA_CITY_THUNDER,Outcome.LOSS,1321,5,8,1,3,0,0,0,0,2,0,0,1,1,-20.0,7.4
watsope01,Peyton Watson,Team.DENVER_NUGGETS,Location.AWAY,Team.PORTLAND_TRAIL_BLAZERS,Outcome.LOSS,1645,5,11,2,4,0,0,1,4,0,0,0,0,2,-12.0,7.4
kornelu01,Luke Kornet,Team.BOSTON_CELTICS,Location.AWAY,Team.UTAH_JAZZ,Outcome.WIN,1012,2,4,0,0,0,0,3,5,0,0,3,0,1,23.0,7.3
dunnkr01,Kris Dunn,Team.LOS_ANGELES_CLIPPERS,Location.HOME,Team.MEMPHIS_GRIZZLIES,Outcome.WIN,1120,4,8,3,7,0,0,0,3,1,0,0,1,1,9.0,7.2
edeyza01,Zach Edey,Team.MEMPHIS_GRIZZLIES,Location.AWAY,Team.LOS_ANGELES_CLIPPERS,Outcome.LOSS,1017,3,9,0,0,2,2,4,4,2,0,1,1,2,6.0,7.2
ighodos01,Oso Ighodaro,Team.PHOENIX_SUNS,Location.HOME,Team.CLEVELAND_CAVALIERS,Outcome.WIN,2645,3,7,0,0,0,0,5,8,4,0,0,3,2,15.0,7.2
matkoka01,Karlo Matković,Team.NEW_ORLEANS_PELICANS,Location.AWAY,Team.MINNESOTA_TIMBERWOLVES,Outcome.LOSS,1189,3,4,0,1,2,4,1,0,2,1,1,1,3,-10.0,7.2
mitchda01,Davion Mitchell,Team.MIAMI_HEAT,Location.HOME,Team.HOUSTON_ROCKETS,Outcome.LOSS,2017,5,10,2,4,0,0,0,3,4,0,1,3,3,4.0,7.2
horfoal01,Al Horford,Team.BOSTON_CELTICS,Location.AWAY,Team.UTAH_JAZZ,Outcome.WIN,1600,2,7,1,4,0,0,5,4,2,0,0,0,0,12.0,7.0
westbru01,Russell Westbrook,Team.DENVER_NUGGETS,Location.AWAY,Team.PORTLAND_TRAIL_BLAZERS,Outcome.LOSS,1793,6,13,0,1,6,8,1,3,4,3,0,9,5,-8.0,6.9
mccolcj01,CJ McCollum,Team.NEW_ORLEANS_PELICANS,Location.AWAY,Team.MINNESOTA_TIMBERWOLVES,Outcome.LOSS,1680,6,15,1,7,2,2,0,2,3,4,0,6,2,-20.0,6.8
schrode01,Dennis Schröder,Team.DETROIT_PISTONS,Location.AWAY,Team.DALLAS_MAVERICKS,Outcome.LOSS,1841,3,7,2,4,3,4,0,3,4,1,0,4,2,11.0,6.8
alexani01,Nickeil Alexander-Walker,Team.MINNESOTA_TIMBERWOLVES,Location.HOME,Team.NEW_ORLEANS_PELICANS,Outcome.WIN,1355,3,6,1,2,1,1,0,2,3,0,0,1,0,24.0,6.7
smithja05,Jabari Smith Jr.,Team.HOUSTON_ROCKETS,Location.AWAY,Team.MIAMI_HEAT,Outcome.WIN,1306,3,6,3,4,2,4,0,6,0,0,0,2,1,8.0,6.6
adamsst01,Steven Adams,Team.HOUSTON_ROCKETS,Location.AWAY,Team.MIAMI_HEAT,Outcome.WIN,1230,2,2,0,0,0,2,4,4,1,1,0,1,2,7.0,6.5
dasiltr01,Tristan Da Silva,Team.ORLANDO_MAGIC,Location.AWAY,Team.WASHINGTON_WIZARDS,Outcome.WIN,1202,4,9,1,4,0,0,1,4,1,0,0,0,1,-13.0,6.5
murraja01,Jamal Murray,Team.DENVER_NUGGETS,Location.AWAY,Team.PORTLAND_TRAIL_BLAZERS,Outcome.LOSS,2102,5,10,0,2,0,0,0,4,2,2,1,3,2,-16.0,6.5
joeis01,Isaiah Joe,Team.OKLAHOMA_CITY_THUNDER,Location.HOME,Team.CHARLOTTE_HORNETS,Outcome.WIN,1237,5,10,4,9,0,0,1,1,0,0,0,2,4,6.0,6.4
alvarjo01,Jose Alvarado,Team.NEW_ORLEANS_PELICANS,Location.AWAY,Team.MINNESOTA_TIMBERWOLVES,Outcome.LOSS,1061,3,9,3,8,0,0,0,1,2,1,1,1,0,-4.0,6.3
greenjo02,Josh Green,Team.CHARLOTTE_HORNETS,Location.AWAY,Team.OKLAHOMA_CITY_THUNDER,Outcome.LOSS,1484,5,10,2,5,0,0,0,1,2,1,0,3,1,-16.0,6.3
pottemi01,Micah Potter,Team.UTAH_JAZZ,Location.HOME,Team.BOSTON_CELTICS,Outcome.LOSS,1369,2,4,1,2,2,2,2,3,1,0,0,1,2,-10.0,6.2
merrisa01,Sam Merrill,Team.CLEVELAND_CAVALIERS,Location.AWAY,Team.PHOENIX_SUNS,Outcome.LOSS,1066,2,7,0,4,0,0,2,5,0,4,0,1,0,2.0,5.8
brissos01,Oshae Brissett,Team.PHILADELPHIA_76ERS,Location.AWAY,Team.SAN_ANTONIO_SPURS,Outcome.LOSS,1001,4,7,1,3,0,0,0,1,0,0,0,0,2,1.0,5.2
jeffrda01,DaQuan Jeffries,Team.CHARLOTTE_HORNETS,Location.AWAY,Team.OKLAHOMA_CITY_THUNDER,Outcome.LOSS,1410,3,10,3,6,2,2,0,0,1,0,1,1,1,-10.0,5.2
pickeja02,Jalen Pickett,Team.DENVER_NUGGETS,Location.AWAY,Team.PORTLAND_TRAIL_BLAZERS,Outcome.LOSS,1396,2,6,1,2,0,0,0,0,5,1,0,0,3,-9.0,4.9
sengual01,Alperen Şengün,Team.HOUSTON_ROCKETS,Location.AWAY,Team.MIAMI_HEAT,Outcome.WIN,2016,4,15,0,0,0,4,5,5,2,2,2,2,1,-9.0,4.9
tysonhu01,Hunter Tyson,Team.DENVER_NUGGETS,Location.AWAY,Team.PORTLAND_TRAIL_BLAZERS,Outcome.LOSS,259,1,2,1,1,0,0,3,0,1,0,0,0,0,3.0,4.8
poweldw01,Dwight Powell,Team.DALLAS_MAVERICKS,Location.HOME,Team.DETROIT_PISTONS,Outcome.WIN,1165,2,2,0,0,0,0,2,1,2,0,0,1,2,-2.0,4.7
wadede01,Dean Wade,Team.CLEVELAND_CAVALIERS,Location.AWAY,Team.PHOENIX_SUNS,Outcome.LOSS,958,2,3,2,3,0,0,0,0,0,0,0,0,0,-14.0,4.7
jonesco02,Colby Jones,Team.WASHINGTON_WIZARDS,Location.HOME,Team.ORLANDO_MAGIC,Outcome.LOSS,398,1,2,0,1,2,3,0,1,1,1,0,0,0,15.0,4.6
jonesde02,Derrick Jones Jr.,Team.LOS_ANGELES_CLIPPERS,Location.HOME,Team.MEMPHIS_GRIZZLIES,Outcome.WIN,1054,2,4,1,2,0,0,0,2,1,0,1,0,1,4.0,4.6
murrakr01,Kris Murray,Team.PORTLAND_TRAIL_BLAZERS,Location.HOME,Team.DENVER_NUGGETS,Outcome.WIN,1276,1,4,1,2,0,0,3,0,2,0,1,0,1,-7.0,4.4
robinje02,Jeremiah Robinson-Earl,Team.NEW_ORLEANS_PELICANS,Location.AWAY,Team.MINNESOTA_TIMBERWOLVES,Outcome.LOSS,1735,2,6,1,5,2,3,2,2,0,2,0,2,2,-32.0,4.4
easonta01,Tari Eason,Team.HOUSTON_ROCKETS,Location.AWAY,Team.MIAMI_HEAT,Outcome.WIN,1634,2,6,1,2,2,2,3,5,2,0,0,4,1,7.0,4.2
moorewe01,Wendell Moore Jr.,Team.CHARLOTTE_HORNETS,Location.AWAY,Team.OKLAHOMA_CITY_THUNDER,Outcome.LOSS,1620,2,6,2,3,0,0,1,4,1,1,1,2,2,-20.0,4.1
sensabr01,Brice Sensabaugh,Team.UTAH_JAZZ,Location.HOME,Team.BOSTON_CELTICS,Outcome.LOSS,750,3,7,1,2,0,0,0,4,0,1,0,1,1,7.0,4.1
walshjo01,Jordan Walsh,Team.BOSTON_CELTICS,Location.AWAY,Team.UTAH_JAZZ,Outcome.WIN,132,2,2,0,0,0,0,1,0,0,0,0,0,0,2.0,4.1
willibr03,Brandon Williams,Team.DALLAS_MAVERICKS,Location.HOME,Team.DETROIT_PISTONS,Outcome.WIN,1098,2,9,0,2,3,5,1,2,5,2,0,3,1,10.0,4.1
davisjd01,JD Davison,Team.BOSTON_CELTICS,Location.AWAY,Team.UTAH_JAZZ,Outcome.WIN,190,2,3,0,1,0,0,1,2,0,0,0,0,0,4.0,4.0
coffeam01,Amir Coffey,Team.LOS_ANGELES_CLIPPERS,Location.HOME,Team.MEMPHIS_GRIZZLIES,Outcome.WIN,870,2,4,1,2,1,2,0,2,1,0,0,1,0,0.0,3.9
smithni01,Nick Smith Jr.,Team.CHARLOTTE_HORNETS,Location.AWAY,Team.OKLAHOMA_CITY_THUNDER,Outcome.LOSS,1587,5,14,4,9,0,0,0,0,3,0,0,4,1,-23.0,3.9
conlemi01,Mike Conley,Team.MINNESOTA_TIMBERWOLVES,Location.HOME,Team.NEW_ORLEANS_PELICANS,Outcome.WIN,621,0,1,0,1,0,0,0,1,6,1,0,1,0,18.0,3.8
ducasal01,Alex Ducas,Team.OKLAHOMA_CITY_THUNDER,Location.HOME,Team.CHARLOTTE_HORNETS,Outcome.WIN,371,1,1,1,1,0,0,0,0,0,2,0,1,0,4.0,3.7
martico01,Cody Martin,Team.PHOENIX_SUNS,Location.HOME,Team.CLEVELAND_CAVALIERS,Outcome.WIN,1342,1,5,0,4,2,2,2,4,1,2,1,2,3,-1.0,3.7
walkelo01,Lonnie Walker IV,Team.PHILADELPHIA_76ERS,Location.AWAY,Team.SAN_ANTONIO_SPURS,Outcome.LOSS,662,1,2,1,2,0,0,0,0,1,2,0,1,0,-8.0,3.7
brookdi01,Dillon Brooks,Team.HOUSTON_ROCKETS,Location.AWAY,Team.MIAMI_HEAT,Outcome.WIN,2041,4,11,1,7,2,2,0,1,0,3,0,3,4,-8.0,3.6
gibsota01,Taj Gibson,Team.CHARLOTTE_HORNETS,Location.AWAY,Team.OKLAHOMA_CITY_THUNDER,Outcome.LOSS,713,2,3,0,0,0,0,1,2,0,0,0,0,1,-16.0,3.6
jonesdi01,Dillon Jones,Team.OKLAHOMA_CITY_THUNDER,Location.HOME,Team.CHARLOTTE_HORNETS,Outcome.WIN,530,2,4,0,1,0,0,0,3,1,0,0,0,0,7.0,3.6
nnajize01,Zeke Nnaji,Team.DENVER_NUGGETS,Location.AWAY,Team.PORTLAND_TRAIL_BLAZERS,Outcome.LOSS,728,0,1,0,1,0,0,0,1,1,3,1,0,1,-11.0,3.6
missiyv01,Yves Missi,Team.NEW_ORLEANS_PELICANS,Location.AWAY,Team.MINNESOTA_TIMBERWOLVES,Outcome.LOSS,1691,1,4,0,0,3,6,3,7,2,0,1,3,3,-31.0,3.5
thybuma01,Matisse Thybulle,Team.PORTLAND_TRAIL_BLAZERS,Location.HOME,Team.DENVER_NUGGETS,Outcome.WIN,1026,1,3,1,1,0,0,0,3,1,1,0,0,1,7.0,3.5
bitadgo01,Goga Bitadze,Team.ORLANDO_MAGIC,Location.AWAY,Team.WASHINGTON_WIZARDS,Outcome.WIN,392,0,0,0,0,0,0,0,1,2,3,2,2,2,-1.0,3.3
champju02,Julian Champagnie,Team.SAN_ANTONIO_SPURS,Location.HOME,Team.PHILADELPHIA_76ERS,Outcome.WIN,1012,2,6,2,5,0,0,1,1,0,1,0,1,1,-7.0,3.2
carlsbr01,Branden Carlson,Team.OKLAHOMA_CITY_THUNDER,Location.HOME,Team.CHARLOTTE_HORNETS,Outcome.WIN,405,1,2,1,2,0,0,0,1,0,0,1,0,0,9.0,3.0
dilliro01,Rob Dillingham,Team.MINNESOTA_TIMBERWOLVES,Location.HOME,Team.NEW_ORLEANS_PELICANS,Outcome.WIN,390,2,4,0,1,0,0,0,0,2,1,0,1,1,5.0,3.0
greenja02,Javonte Green,Team.CLEVELAND_CAVALIERS,Location.AWAY,Team.PHOENIX_SUNS,Outcome.LOSS,421,1,5,1,2,0,0,3,0,1,1,0,0,2,-2.0,2.9
wellsja01,Jaylen Wells,Team.MEMPHIS_GRIZZLIES,Location.AWAY,Team.LOS_ANGELES_CLIPPERS,Outcome.LOSS,873,1,4,1,4,0,0,0,3,2,0,0,0,0,-4.0,2.9
hallpj01,PJ Hall,Team.DENVER_NUGGETS,Location.AWAY,Team.PORTLAND_TRAIL_BLAZERS,Outcome.LOSS,259,2,3,0,1,0,0,0,0,0,0,0,0,0,3.0,2.7
minotjo01,Josh Minott,Team.MINNESOTA_TIMBERWOLVES,Location.HOME,Team.NEW_ORLEANS_PELICANS,Outcome.WIN,472,0,1,0,1,2,2,0,0,1,1,0,0,1,8.0,2.6
hoodsja01,Jalen Hood-Schifino,Team.PHILADELPHIA_76ERS,Location.AWAY,Team.SAN_ANTONIO_SPURS,Outcome.LOSS,1120,0,4,0,3,3,4,0,1,4,1,2,2,2,-4.0,2.5
mykhasv01,Svi Mykhailiuk,Team.UTAH_JAZZ,Location.HOME,Team.BOSTON_CELTICS,Outcome.LOSS,1135,1,5,0,3,2,2,0,1,1,1,0,0,1,-3.0,2.5
jaqueja01,Jaime Jaquez Jr.,Team.MIAMI_HEAT,Location.HOME,Team.HOUSTON_ROCKETS,Outcome.LOSS,878,2,5,0,1,0,0,1,1,2,0,1,2,0,-8.0,2.4
fontesi01,Simone Fontecchio,Team.DETROIT_PISTONS,Location.AWAY,Team.DALLAS_MAVERICKS,Outcome.LOSS,967,2,5,0,2,0,0,0,0,0,1,0,0,0,3.0,2.3
hylanbo01,Bones Hyland,Team.MINNESOTA_TIMBERWOLVES,Location.HOME,Team.NEW_ORLEANS_PELICANS,Outcome.WIN,390,1,1,1,1,0,0,0,0,2,0,0,1,2,5.0,2.3
butleja02,Jared Butler,Team.PHILADELPHIA_76ERS,Location.AWAY,Team.SAN_ANTONIO_SPURS,Outcome.LOSS,1650,2,5,1,2,0,0,0,3,4,1,0,4,2,0.0,2.2
champju01,Justin Champagnie,Team.WASHINGTON_WIZARDS,Location.HOME,Team.ORLANDO_MAGIC,Outcome.LOSS,1681,1,4,0,2,1,2,0,6,0,1,0,0,2,-23.0,2.2
colliis01,Isaiah Collier,Team.UTAH_JAZZ,Location.HOME,Team.BOSTON_CELTICS,Outcome.LOSS,1827,2,9,0,3,1,2,0,4,5,1,0,2,2,-14.0,2.0
isaacjo01,Jonathan Isaac,Team.ORLANDO_MAGIC,Location.AWAY,Team.WASHINGTON_WIZARDS,Outcome.WIN,399,0,1,0,1,0,0,1,0,0,1,1,0,0,-3.0,1.7
thorjt01,JT Thor,Team.WASHINGTON_WIZARDS,Location.HOME,Team.ORLANDO_MAGIC,Outcome.LOSS,398,1,2,0,1,0,0,0,0,0,0,1,0,0,15.0,1.7
robindu01,Duncan Robinson,Team.MIAMI_HEAT,Location.HOME,Team.HOUSTON_ROCKETS,Outcome.LOSS,1054,2,5,0,3,0,0,0,0,2,1,0,1,3,-11.0,1.5
cancavl01,Vlatko Čančar,Team.DENVER_NUGGETS,Location.AWAY,Team.PORTLAND_TRAIL_BLAZERS,Outcome.LOSS,259,0,0,0,0,0,0,0,0,2,0,0,0,0,3.0,1.4
middlkh01,Khris Middleton,Team.WASHINGTON_WIZARDS,Location.HOME,Team.ORLANDO_MAGIC,Outcome.LOSS,1369,3,13,3,5,0,0,1,2,0,1,0,2,0,-25.0,1.4
quetane01,Neemias Queta,Team.BOSTON_CELTICS,Location.AWAY,Team.UTAH_JAZZ,Outcome.WIN,132,0,0,0,0,0,0,1,0,1,0,0,0,0,2.0,1.4
greenja05,Jalen Green,Team.HOUSTON_ROCKETS,Location.AWAY,Team.MIAMI_HEAT,Outcome.WIN,1933,3,13,0,4,0,0,0,4,1,1,1,0,1,-7.0,1.3
simmobe01,Ben Simmons,Team.LOS_ANGELES_CLIPPERS,Location.HOME,Team.MEMPHIS_GRIZZLIES,Outcome.WIN,804,0,1,0,0,0,0,0,2,2,0,2,1,1,-10.0,1.3
eubandr01,Drew Eubanks,Team.LOS_ANGELES_CLIPPERS,Location.HOME,Team.MEMPHIS_GRIZZLIES,Outcome.WIN,162,0,0,0,0,1,2,0,2,0,0,0,0,0,3.0,1.2
willico04,Cody Williams,Team.UTAH_JAZZ,Location.HOME,Team.BOSTON_CELTICS,Outcome.LOSS,1277,2,6,0,1,0,0,0,1,0,0,1,0,1,-5.0,1.2
willivi01,Vince Williams Jr.,Team.MEMPHIS_GRIZZLIES,Location.AWAY,Team.LOS_ANGELES_CLIPPERS,Outcome.LOSS,1359,2,11,1,7,0,0,2,6,3,0,0,1,3,-10.0,1.2
brookke02,Keion Brooks Jr.,Team.NEW_ORLEANS_PELICANS,Location.AWAY,Team.MINNESOTA_TIMBERWOLVES,Outcome.LOSS,1316,2,3,0,0,0,0,0,5,2,0,1,4,3,-16.0,1.1
peterdr01,Drew Peterson,Team.BOSTON_CELTICS,Location.AWAY,Team.UTAH_JAZZ,Outcome.WIN,132,0,0,0,0,0,0,0,0,0,1,0,0,0,2.0,1.0
mamuksa01,Sandro Mamukelashvili,Team.SAN_ANTONIO_SPURS,Location.HOME,Team.PHILADELPHIA_76ERS,Outcome.WIN,754,1,4,0,3,0,0,1,3,1,0,0,1,2,-4.0,0.1
mitchdo01,Donovan Mitchell,Team.CLEVELAND_CAVALIERS,Location.AWAY,Team.PHOENIX_SUNS,Outcome.LOSS,1843,2,18,0,8,3,4,0,4,3,2,0,0,0,-9.0,0.1
brownko01,Kobe Brown,Team.LOS_ANGELES_CLIPPERS,Location.HOME,Team.MEMPHIS_GRIZZLIES,Outcome.WIN,47,0,0,0,0,0,0,0,0,0,0,0,0,0,0.0,0.0
craigto01,Torrey Craig,Team.BOSTON_CELTICS,Location.AWAY,Team.UTAH_JAZZ,Outcome.WIN,38,0,0,0,0,0,0,0,0,0,0,0,0,0,-3.0,0.0
minayju01,Justin Minaya,Team.PORTLAND_TRAIL_BLAZERS,Location.HOME,Team.DENVER_NUGGETS,Outcome.WIN,147,0,0,0,0,0,0,0,0,0,0,0,0,0,-4.0,0.0
spencca01,Cam Spencer,Team.MEMPHIS_GRIZZLIES,Location.AWAY,Team.LOS_ANGELES_CLIPPERS,Outcome.LOSS,80,0,0,0,0,0,0,0,0,0,0,0,0,0,-1.0,0.0
jonessp01,Spencer Jones,Team.DENVER_NUGGETS,Location.AWAY,Team.PORTLAND_TRAIL_BLAZERS,Outcome.LOSS,367,0,2,0,1,2,2,1,0,0,0,0,1,1,1.0,-0.1
howarje01,Jett Howard,Team.ORLANDO_MAGIC,Location.AWAY,Team.WASHINGTON_WIZARDS,Outcome.WIN,520,1,4,1,3,0,0,0,0,0,0,0,0,2,-13.0,-0.2
loveke01,Kevin Love,Team.MIAMI_HEAT,Location.HOME,Team.HOUSTON_ROCKETS,Outcome.LOSS,336,0,0,0,0,0,0,0,0,0,0,0,0,1,-4.0,-0.4
mcgowbr01,Bryce McGowens,Team.PORTLAND_TRAIL_BLAZERS,Location.HOME,Team.DENVER_NUGGETS,Outcome.WIN,147,0,1,0,0,0,0,0,0,1,0,0,0,1,-4.0,-0.4
shannte01,Terrence Shannon Jr. ,Team.MINNESOTA_TIMBERWOLVES,Location.HOME,Team.NEW_ORLEANS_PELICANS,Outcome.WIN,560,0,2,0,1,0,0,0,0,2,0,0,0,1,7.0,-0.4
baglema01,Marvin Bagley III,Team.MEMPHIS_GRIZZLIES,Location.AWAY,Team.LOS_ANGELES_CLIPPERS,Outcome.LOSS,80,0,2,0,1,0,0,1,0,0,0,0,0,0,-1.0,-0.7
burksal01,Alec Burks,Team.MIAMI_HEAT,Location.HOME,Team.HOUSTON_ROCKETS,Outcome.LOSS,225,0,1,0,1,0,0,0,0,0,0,0,0,0,-6.0,-0.7
hardati02,Tim Hardaway Jr.,Team.DETROIT_PISTONS,Location.AWAY,Team.DALLAS_MAVERICKS,Outcome.LOSS,472,0,2,0,1,0,0,1,0,0,0,0,0,0,-9.0,-0.7
herroty01,Tyler Herro,Team.MIAMI_HEAT,Location.HOME,Team.HOUSTON_ROCKETS,Outcome.LOSS,2319,3,11,0,1,2,2,0,3,4,0,0,6,0,6.0,-0.8
konchjo01,John Konchar,Team.MEMPHIS_GRIZZLIES,Location.AWAY,Team.LOS_ANGELES_CLIPPERS,Outcome.LOSS,782,0,2,0,1,0,0,0,2,0,1,0,1,1,7.0,-1.2
mccluma01,Mac McClung,Team.ORLANDO_MAGIC,Location.AWAY,Team.WASHINGTON_WIZARDS,Outcome.WIN,321,0,2,0,1,0,0,0,0,1,0,0,0,2,-13.0,-1.5
ruperra01,Rayan Rupert,Team.PORTLAND_TRAIL_BLAZERS,Location.HOME,Team.DENVER_NUGGETS,Outcome.WIN,147,0,0,0,0,0,0,0,0,0,0,0,2,0,-4.0,-2.0
scheiba01,Baylor Scheierman,Team.BOSTON_CELTICS,Location.AWAY,Team.UTAH_JAZZ,Outcome.WIN,745,0,4,0,4,0,0,0,0,0,0,0,0,0,5.0,-2.8
harriga01,Gary Harris,Team.ORLANDO_MAGIC,Location.AWAY,Team.WASHINGTON_WIZARDS,Outcome.WIN,660,0,4,0,4,0,0,0,2,0,0,0,0,2,6.0,-3.0
inglejo01,Joe Ingles,Team.MINNESOTA_TIMBERWOLVES,Location.HOME,Team.NEW_ORLEANS_PELICANS,Outcome.WIN,370,0,3,0,2,0,0,0,0,1,0,0,1,2,1.0,-3.2
filipky01,Kyle Filipowski,Team.UTAH_JAZZ,Location.HOME,Team.BOSTON_CELTICS,Outcome.LOSS,855,1,4,1,4,1,2,0,4,0,0,0,5,2,-14.0,-3.4
paytoel01,Elfrid Payton,Team.NEW_ORLEANS_PELICANS,Location.AWAY,Team.MINNESOTA_TIMBERWOLVES,Outcome.LOSS,720,0,3,0,0,0,0,0,0,1,0,0,2,1,-16.0,-3.8
hardyja02,Jaden Hardy,Team.DALLAS_MAVERICKS,Location.HOME,Team.DETROIT_PISTONS,Outcome.WIN,615,0,5,0,2,0,0,0,1,0,0,0,1,1,-2.0,-4.6
carrica01,Bub Carrington,Team.WASHINGTON_WIZARDS,Location.HOME,Team.ORLANDO_MAGIC,Outcome.LOSS,1583,1,7,0,4,0,0,0,2,3,0,1,5,2,-12.0,-4.9
