slug,name,team,location,opponent,outcome,seconds_played,made_field_goals,attempted_field_goals,made_three_point_field_goals,attempted_three_point_field_goals,made_free_throws,attempted_free_throws,offensive_rebounds,defensive_rebounds,assists,steals,blocks,turnovers,personal_fouls,plus_minus,game_score
hardeja01,James Harden,Team.LOS_ANGELES_CLIPPERS,Location.HOME,Team.CHARLOTTE_HORNETS,Outcome.WIN,1884,9,15,4,7,9,9,1,9,7,2,0,2,1,36.0,32.0
edwaran01,Anthony Edwards,Team.MINNESOTA_TIMBERWOLVES,Location.HOME,Team.UTAH_JAZZ,Outcome.WIN,1836,16,27,5,14,4,6,0,2,2,1,0,1,1,31.0,29.3
doncilu01,Luka Dončić,Team.LOS_ANGELES_LAKERS,Location.HOME,Team.PHOENIX_SUNS,Outcome.WIN,2381,8,20,4,11,13,14,1,10,8,2,0,4,4,16.0,27.5
okongon01,Onyeka Okongwu,Team.ATLANTA_HAWKS,Location.AWAY,Team.BROOKLYN_NETS,Outcome.LOSS,1947,7,11,1,2,6,7,2,13,1,3,3,1,3,9.0,24.6
youngtr01,Trae Young,Team.ATLANTA_HAWKS,Location.AWAY,Team.BROOKLYN_NETS,Outcome.LOSS,2342,9,18,3,5,7,8,0,6,12,2,0,6,1,0.0,24.4
antetgi01,Giannis Antetokounmpo,Team.MILWAUKEE_BUCKS,Location.HOME,Team.OKLAHOMA_CITY_THUNDER,Outcome.LOSS,2157,7,15,0,0,7,12,3,9,10,1,2,1,1,-13.0,24.1
washipj01,P.J. Washington,Team.DALLAS_MAVERICKS,Location.HOME,Team.PHILADELPHIA_76ERS,Outcome.LOSS,1918,11,17,0,3,7,9,3,9,2,1,0,4,1,-4.0,23.5
mcdanja02,Jaden McDaniels,Team.MINNESOTA_TIMBERWOLVES,Location.HOME,Team.UTAH_JAZZ,Outcome.WIN,1603,8,13,2,3,2,2,3,9,2,1,2,0,0,31.0,22.7
reaveau01,Austin Reaves,Team.LOS_ANGELES_LAKERS,Location.HOME,Team.PHOENIX_SUNS,Outcome.WIN,2365,10,21,4,10,4,5,0,4,6,2,1,2,1,14.0,22.6
leonaka01,Kawhi Leonard,Team.LOS_ANGELES_CLIPPERS,Location.HOME,Team.CHARLOTTE_HORNETS,Outcome.WIN,1610,9,16,3,4,2,2,1,5,5,2,1,1,1,21.0,22.4
willima07,Mark Williams,Team.CHARLOTTE_HORNETS,Location.AWAY,Team.LOS_ANGELES_CLIPPERS,Outcome.LOSS,1475,9,15,0,0,0,0,5,10,7,1,1,1,3,-18.0,22.0
johnsca02,Cameron Johnson,Team.BROOKLYN_NETS,Location.HOME,Team.ATLANTA_HAWKS,Outcome.WIN,2151,7,16,4,8,10,10,0,4,7,0,0,3,2,3.0,21.9
gilgesh01,Shai Gilgeous-Alexander,Team.OKLAHOMA_CITY_THUNDER,Location.AWAY,Team.MILWAUKEE_BUCKS,Outcome.WIN,2015,11,27,0,5,9,11,1,1,8,0,1,1,1,8.0,21.6
harteis01,Isaiah Hartenstein,Team.OKLAHOMA_CITY_THUNDER,Location.AWAY,Team.MILWAUKEE_BUCKS,Outcome.WIN,1946,11,15,0,0,2,3,2,10,3,0,0,2,3,23.0,20.8
allenja01,Jarrett Allen,Team.CLEVELAND_CAVALIERS,Location.HOME,Team.ORLANDO_MAGIC,Outcome.LOSS,1940,8,11,0,0,4,6,3,9,2,0,1,0,4,-3.0,20.0
grimequ01,Quentin Grimes,Team.PHILADELPHIA_76ERS,Location.AWAY,Team.DALLAS_MAVERICKS,Outcome.WIN,1933,10,19,2,7,6,9,0,2,6,2,0,3,4,14.0,19.7
camarto01,Toumani Camara,Team.PORTLAND_TRAIL_BLAZERS,Location.HOME,Team.TORONTO_RAPTORS,Outcome.WIN,2120,8,16,5,10,0,0,3,4,3,2,2,1,3,-2.0,19.6
banchpa01,Paolo Banchero,Team.ORLANDO_MAGIC,Location.AWAY,Team.CLEVELAND_CAVALIERS,Outcome.WIN,2285,6,22,3,8,9,11,2,9,7,1,1,2,1,3.0,18.5
hayesja02,Jaxson Hayes,Team.LOS_ANGELES_LAKERS,Location.HOME,Team.PHOENIX_SUNS,Outcome.WIN,1760,8,10,0,0,3,7,2,4,3,1,1,0,4,7.0,18.4
zubaciv01,Ivica Zubac,Team.LOS_ANGELES_CLIPPERS,Location.HOME,Team.CHARLOTTE_HORNETS,Outcome.WIN,1677,7,14,0,0,3,4,5,9,8,1,2,5,1,29.0,18.4
avdijde01,Deni Avdija,Team.PORTLAND_TRAIL_BLAZERS,Location.HOME,Team.TORONTO_RAPTORS,Outcome.WIN,2020,4,8,3,6,8,9,1,5,6,1,0,3,2,-2.0,18.2
poeltja01,Jakob Poeltl,Team.TORONTO_RAPTORS,Location.AWAY,Team.PORTLAND_TRAIL_BLAZERS,Outcome.LOSS,1490,9,13,1,1,0,2,5,3,3,2,0,3,1,12.0,17.8
barnesc01,Scottie Barnes,Team.TORONTO_RAPTORS,Location.AWAY,Team.PORTLAND_TRAIL_BLAZERS,Outcome.LOSS,1661,4,11,0,1,8,9,2,4,6,6,0,5,0,4.0,17.3
daniedy01,Dyson Daniels,Team.ATLANTA_HAWKS,Location.AWAY,Team.BROOKLYN_NETS,Outcome.LOSS,2059,6,11,1,2,1,4,3,3,7,4,1,3,1,8.0,16.7
marshna01,Naji Marshall,Team.DALLAS_MAVERICKS,Location.HOME,Team.PHILADELPHIA_76ERS,Outcome.LOSS,2153,8,20,1,7,4,6,4,4,6,1,0,1,3,3.0,16.4
bookede01,Devin Booker,Team.PHOENIX_SUNS,Location.AWAY,Team.LOS_ANGELES_LAKERS,Outcome.LOSS,2384,6,17,0,3,7,7,3,3,11,1,0,3,5,-13.0,16.2
lillada01,Damian Lillard,Team.MILWAUKEE_BUCKS,Location.HOME,Team.OKLAHOMA_CITY_THUNDER,Outcome.LOSS,1747,3,9,2,4,11,11,0,1,2,1,0,1,0,-15.0,15.6
johnske07,Keon Johnson,Team.BROOKLYN_NETS,Location.HOME,Team.ATLANTA_HAWKS,Outcome.WIN,1733,8,20,4,9,2,2,3,5,5,1,1,3,4,3.0,15.4
simonan01,Anfernee Simons,Team.PORTLAND_TRAIL_BLAZERS,Location.HOME,Team.TORONTO_RAPTORS,Outcome.WIN,1933,7,15,6,12,2,3,0,1,4,2,0,2,4,0.0,15.4
hoodsja01,Jalen Hood-Schifino,Team.PHILADELPHIA_76ERS,Location.AWAY,Team.DALLAS_MAVERICKS,Outcome.WIN,1408,6,11,5,9,2,2,0,2,1,0,1,0,1,6.0,15.3
thompkl01,Klay Thompson,Team.DALLAS_MAVERICKS,Location.HOME,Team.PHILADELPHIA_76ERS,Outcome.LOSS,2094,9,15,3,7,0,0,0,3,2,1,0,2,1,-6.0,15.0
blackan01,Anthony Black,Team.ORLANDO_MAGIC,Location.AWAY,Team.CLEVELAND_CAVALIERS,Outcome.WIN,1340,5,7,3,3,4,6,0,3,2,2,0,2,2,9.0,14.8
joeis01,Isaiah Joe,Team.OKLAHOMA_CITY_THUNDER,Location.AWAY,Team.MILWAUKEE_BUCKS,Outcome.WIN,1778,6,12,5,9,2,2,0,6,2,0,0,1,1,4.0,14.8
agbajoc01,Ochai Agbaji,Team.TORONTO_RAPTORS,Location.AWAY,Team.PORTLAND_TRAIL_BLAZERS,Outcome.LOSS,1502,7,15,2,5,3,3,0,3,2,1,0,0,0,7.0,14.6
chrisma02,Max Christie,Team.DALLAS_MAVERICKS,Location.HOME,Team.PHILADELPHIA_76ERS,Outcome.LOSS,1803,6,8,4,6,2,4,0,8,3,0,1,3,4,1.0,14.6
dinwisp01,Spencer Dinwiddie,Team.DALLAS_MAVERICKS,Location.HOME,Team.PHILADELPHIA_76ERS,Outcome.LOSS,2134,6,15,1,6,5,6,1,3,7,0,0,1,2,-6.0,14.2
cartewe01,Wendell Carter Jr.,Team.ORLANDO_MAGIC,Location.AWAY,Team.CLEVELAND_CAVALIERS,Outcome.WIN,2108,6,13,2,4,2,3,6,8,1,0,0,1,3,5.0,14.0
sextoco01,Collin Sexton,Team.UTAH_JAZZ,Location.AWAY,Team.MINNESOTA_TIMBERWOLVES,Outcome.LOSS,2051,9,18,1,2,3,5,0,4,4,1,0,2,3,-17.0,14.0
clarkja02,Jaylen Clark,Team.MINNESOTA_TIMBERWOLVES,Location.HOME,Team.UTAH_JAZZ,Outcome.WIN,1016,1,2,0,1,6,8,3,0,4,3,0,0,1,7.0,13.7
wilsoja03,Jalen Wilson,Team.BROOKLYN_NETS,Location.HOME,Team.ATLANTA_HAWKS,Outcome.WIN,1812,5,11,2,4,1,1,3,1,6,0,0,0,1,-6.0,13.5
holmgch01,Chet Holmgren,Team.OKLAHOMA_CITY_THUNDER,Location.AWAY,Team.MILWAUKEE_BUCKS,Outcome.WIN,2128,6,9,2,4,2,4,1,7,3,0,0,2,3,4.0,13.0
brissos01,Oshae Brissett,Team.PHILADELPHIA_76ERS,Location.AWAY,Team.DALLAS_MAVERICKS,Outcome.WIN,1499,6,9,1,3,0,0,3,2,1,2,0,2,1,4.0,12.1
sheadja01,Jamal Shead,Team.TORONTO_RAPTORS,Location.AWAY,Team.PORTLAND_TRAIL_BLAZERS,Outcome.LOSS,1514,3,5,3,5,1,2,0,2,6,1,0,0,3,21.0,11.9
garlada01,Darius Garland,Team.CLEVELAND_CAVALIERS,Location.HOME,Team.ORLANDO_MAGIC,Outcome.LOSS,1984,8,16,2,5,1,2,1,5,4,2,0,5,2,1.0,11.8
councri01,Ricky Council IV,Team.PHILADELPHIA_76ERS,Location.AWAY,Team.DALLAS_MAVERICKS,Outcome.WIN,1653,4,8,1,3,4,4,1,9,0,1,1,2,1,-7.0,11.7
divindo01,Donte DiVincenzo,Team.MINNESOTA_TIMBERWOLVES,Location.HOME,Team.UTAH_JAZZ,Outcome.WIN,1457,4,9,3,8,0,0,0,1,7,2,0,1,2,18.0,11.7
richani01,Nick Richards,Team.PHOENIX_SUNS,Location.AWAY,Team.LOS_ANGELES_LAKERS,Outcome.LOSS,1158,5,6,0,0,1,1,4,2,0,0,1,1,1,3.0,11.5
caldwke01,Kentavious Caldwell-Pope,Team.ORLANDO_MAGIC,Location.AWAY,Team.CLEVELAND_CAVALIERS,Outcome.WIN,1816,5,9,3,5,2,2,0,2,3,1,0,1,5,7.0,11.4
kesslwa01,Walker Kessler,Team.UTAH_JAZZ,Location.AWAY,Team.MINNESOTA_TIMBERWOLVES,Outcome.LOSS,1866,6,15,1,6,2,2,5,14,0,0,0,2,3,-23.0,11.4
carusal01,Alex Caruso,Team.OKLAHOMA_CITY_THUNDER,Location.AWAY,Team.MILWAUKEE_BUCKS,Outcome.WIN,1378,4,6,0,1,2,3,0,3,5,1,1,1,2,10.0,11.3
finnedo01,Dorian Finney-Smith,Team.LOS_ANGELES_LAKERS,Location.HOME,Team.PHOENIX_SUNS,Outcome.WIN,2154,3,7,2,6,2,4,1,5,3,1,1,0,1,16.0,11.1
martity01,Tyrese Martin,Team.BROOKLYN_NETS,Location.HOME,Team.ATLANTA_HAWKS,Outcome.WIN,1979,6,13,3,7,1,2,1,5,3,1,0,2,3,8.0,11.0
dowtije01,Jeff Dowtin,Team.PHILADELPHIA_76ERS,Location.AWAY,Team.DALLAS_MAVERICKS,Outcome.WIN,1198,6,12,0,0,2,3,1,2,3,1,0,1,1,-1.0,10.6
dunnry01,Ryan Dunn,Team.PHOENIX_SUNS,Location.AWAY,Team.LOS_ANGELES_LAKERS,Outcome.LOSS,1393,5,12,2,8,1,2,0,3,1,3,2,0,4,1.0,10.6
strusma01,Max Strus,Team.CLEVELAND_CAVALIERS,Location.HOME,Team.ORLANDO_MAGIC,Outcome.LOSS,1633,4,8,1,4,1,2,1,5,5,0,0,0,2,2.0,10.5
mitchdo01,Donovan Mitchell,Team.CLEVELAND_CAVALIERS,Location.HOME,Team.ORLANDO_MAGIC,Outcome.LOSS,2053,9,28,3,14,2,2,3,3,5,1,0,3,3,3.0,10.3
yabusgu01,Guerschon Yabusele,Team.PHILADELPHIA_76ERS,Location.AWAY,Team.DALLAS_MAVERICKS,Outcome.WIN,1747,5,10,2,3,2,2,1,5,1,2,0,2,4,10.0,10.3
clingdo01,Donovan Clingan,Team.PORTLAND_TRAIL_BLAZERS,Location.HOME,Team.TORONTO_RAPTORS,Outcome.WIN,1812,2,6,0,1,1,2,7,7,1,1,3,1,2,-2.0,10.2
watfotr01,Trendon Watford,Team.BROOKLYN_NETS,Location.HOME,Team.ATLANTA_HAWKS,Outcome.WIN,1601,4,8,1,2,4,4,0,1,5,1,1,4,2,7.0,9.7
eubandr01,Drew Eubanks,Team.LOS_ANGELES_CLIPPERS,Location.HOME,Team.CHARLOTTE_HORNETS,Outcome.WIN,720,2,3,0,0,3,4,4,5,1,0,1,1,1,2.0,9.6
jonesde02,Derrick Jones Jr.,Team.LOS_ANGELES_CLIPPERS,Location.HOME,Team.CHARLOTTE_HORNETS,Outcome.WIN,1672,5,7,1,2,1,2,1,2,0,0,0,0,1,29.0,9.6
wiggiaa01,Aaron Wiggins,Team.OKLAHOMA_CITY_THUNDER,Location.AWAY,Team.MILWAUKEE_BUCKS,Outcome.WIN,1151,3,8,1,4,2,2,2,2,3,0,1,0,0,9.0,9.4
butleja02,Jared Butler,Team.PHILADELPHIA_76ERS,Location.AWAY,Team.DALLAS_MAVERICKS,Outcome.WIN,1682,2,7,0,2,4,4,0,1,7,1,0,0,2,6.0,9.3
goberru01,Rudy Gobert,Team.MINNESOTA_TIMBERWOLVES,Location.HOME,Team.UTAH_JAZZ,Outcome.WIN,1554,3,5,0,0,1,2,3,3,0,2,2,1,1,26.0,9.3
wagnefr01,Franz Wagner,Team.ORLANDO_MAGIC,Location.AWAY,Team.CLEVELAND_CAVALIERS,Outcome.WIN,2147,8,19,1,6,5,6,3,5,2,1,0,7,3,-1.0,9.3
lewisma05,Maxwell Lewis,Team.BROOKLYN_NETS,Location.HOME,Team.ATLANTA_HAWKS,Outcome.WIN,1343,4,7,2,4,0,0,0,1,2,2,0,1,1,17.0,9.0
alexani01,Nickeil Alexander-Walker,Team.MINNESOTA_TIMBERWOLVES,Location.HOME,Team.UTAH_JAZZ,Outcome.WIN,1279,3,6,1,4,2,2,1,5,3,0,1,1,3,14.0,8.8
filipky01,Kyle Filipowski,Team.UTAH_JAZZ,Location.AWAY,Team.MINNESOTA_TIMBERWOLVES,Outcome.LOSS,1123,4,7,2,4,0,0,2,2,3,2,0,3,3,-8.0,8.6
moorewe01,Wendell Moore Jr.,Team.CHARLOTTE_HORNETS,Location.AWAY,Team.LOS_ANGELES_CLIPPERS,Outcome.LOSS,1270,4,5,0,1,0,0,1,5,2,1,0,1,3,-5.0,8.5
trentga02,Gary Trent Jr.,Team.MILWAUKEE_BUCKS,Location.HOME,Team.OKLAHOMA_CITY_THUNDER,Outcome.LOSS,1510,4,11,3,9,1,2,0,1,2,2,0,0,2,-11.0,8.4
duranke01,Kevin Durant,Team.PHOENIX_SUNS,Location.AWAY,Team.LOS_ANGELES_LAKERS,Outcome.LOSS,2205,6,17,2,7,7,10,0,9,2,0,0,5,3,-12.0,8.2
krejcvi01,Vit Krejci,Team.ATLANTA_HAWKS,Location.AWAY,Team.BROOKLYN_NETS,Outcome.LOSS,1599,3,6,2,5,0,0,0,1,2,2,1,0,3,-2.0,8.2
randlju01,Julius Randle,Team.MINNESOTA_TIMBERWOLVES,Location.HOME,Team.UTAH_JAZZ,Outcome.WIN,1187,4,9,1,2,2,4,2,1,4,0,0,1,2,14.0,8.2
claxtni01,Nic Claxton,Team.BROOKLYN_NETS,Location.HOME,Team.ATLANTA_HAWKS,Outcome.WIN,1803,3,6,0,0,1,4,3,3,2,2,1,1,2,-12.0,8.1
markkla01,Lauri Markkanen,Team.UTAH_JAZZ,Location.AWAY,Team.MINNESOTA_TIMBERWOLVES,Outcome.LOSS,1581,5,12,4,11,2,2,0,1,2,0,0,3,1,-22.0,7.9
jonesty01,Tyus Jones,Team.PHOENIX_SUNS,Location.AWAY,Team.LOS_ANGELES_LAKERS,Outcome.LOSS,1411,3,7,2,6,0,0,0,0,5,0,0,0,0,-1.0,7.8
sharpda01,Day'Ron Sharpe,Team.BROOKLYN_NETS,Location.HOME,Team.ATLANTA_HAWKS,Outcome.WIN,1077,4,7,0,0,0,0,0,7,2,0,2,1,2,20.0,7.8
edwarju01,Justin Edwards,Team.PHILADELPHIA_76ERS,Location.AWAY,Team.DALLAS_MAVERICKS,Outcome.WIN,1279,5,10,0,4,0,0,2,2,0,2,1,1,3,-3.0,7.5
risacza01,Zaccharie Risacher,Team.ATLANTA_HAWKS,Location.AWAY,Team.BROOKLYN_NETS,Outcome.LOSS,1355,7,13,2,8,0,0,1,1,0,0,0,2,3,-12.0,7.5
sharpsh01,Shaedon Sharpe,Team.PORTLAND_TRAIL_BLAZERS,Location.HOME,Team.TORONTO_RAPTORS,Outcome.WIN,2023,7,16,1,8,2,2,1,3,1,1,0,4,1,2.0,7.5
colliis01,Isaiah Collier,Team.UTAH_JAZZ,Location.AWAY,Team.MINNESOTA_TIMBERWOLVES,Outcome.LOSS,1887,4,9,0,0,3,3,2,4,6,0,0,5,2,-22.0,7.3
willibr03,Brandon Williams,Team.DALLAS_MAVERICKS,Location.HOME,Team.PHILADELPHIA_76ERS,Outcome.LOSS,1928,3,8,0,3,5,5,2,0,2,1,1,3,2,1.0,7.3
juzanjo01,Johnny Juzang,Team.UTAH_JAZZ,Location.AWAY,Team.MINNESOTA_TIMBERWOLVES,Outcome.LOSS,1735,5,14,1,6,1,1,0,1,3,1,0,0,1,-3.0,7.2
wallaca01,Cason Wallace,Team.OKLAHOMA_CITY_THUNDER,Location.AWAY,Team.MILWAUKEE_BUCKS,Outcome.WIN,1621,4,7,1,2,0,0,1,3,1,1,0,1,2,4.0,7.2
mannte01,Terance Mann,Team.ATLANTA_HAWKS,Location.AWAY,Team.BROOKLYN_NETS,Outcome.LOSS,1555,5,12,0,3,3,3,1,0,1,0,0,1,0,-15.0,7.0
porteke02,Kevin Porter Jr.,Team.MILWAUKEE_BUCKS,Location.HOME,Team.OKLAHOMA_CITY_THUNDER,Outcome.LOSS,1113,3,9,3,4,2,2,0,4,1,0,0,0,2,5.0,7.0
greenjo02,Josh Green,Team.CHARLOTTE_HORNETS,Location.AWAY,Team.LOS_ANGELES_CLIPPERS,Outcome.LOSS,1633,3,8,0,4,2,2,1,0,2,1,1,0,2,-27.0,6.6
reeseal01,Alex Reese,Team.PHILADELPHIA_76ERS,Location.AWAY,Team.DALLAS_MAVERICKS,Outcome.WIN,1045,2,2,2,2,0,0,0,2,1,1,0,0,3,5.0,6.5
vincega01,Gabe Vincent,Team.LOS_ANGELES_LAKERS,Location.HOME,Team.PHOENIX_SUNS,Outcome.WIN,1643,3,7,3,5,0,0,1,0,1,1,0,0,3,15.0,6.5
beekmre01,Reece Beekman,Team.BROOKLYN_NETS,Location.HOME,Team.ATLANTA_HAWKS,Outcome.WIN,901,2,2,1,1,0,0,2,1,1,0,0,0,1,0.0,6.4
diabamo01,Moussa Diabaté,Team.CHARLOTTE_HORNETS,Location.AWAY,Team.LOS_ANGELES_CLIPPERS,Outcome.LOSS,785,2,4,0,0,2,2,3,0,1,0,0,0,1,-13.0,6.4
minotjo01,Josh Minott,Team.MINNESOTA_TIMBERWOLVES,Location.HOME,Team.UTAH_JAZZ,Outcome.WIN,564,2,2,1,1,0,0,0,2,1,1,0,0,1,-4.0,6.3
reathdu01,Duop Reath,Team.PORTLAND_TRAIL_BLAZERS,Location.HOME,Team.TORONTO_RAPTORS,Outcome.WIN,1063,3,8,1,4,2,2,3,2,0,0,1,1,2,5.0,6.2
josepco01,Cory Joseph,Team.ORLANDO_MAGIC,Location.AWAY,Team.CLEVELAND_CAVALIERS,Outcome.WIN,1469,1,4,1,3,0,0,1,2,4,3,0,0,4,-4.0,6.1
lawsoaj01,A.J. Lawson,Team.TORONTO_RAPTORS,Location.AWAY,Team.PORTLAND_TRAIL_BLAZERS,Outcome.LOSS,1986,4,14,1,6,0,0,2,6,6,0,0,1,3,-10.0,6.0
rolliry01,Ryan Rollins,Team.MILWAUKEE_BUCKS,Location.HOME,Team.OKLAHOMA_CITY_THUNDER,Outcome.LOSS,230,2,3,1,2,1,1,0,1,0,0,2,0,1,1.0,6.0
bogdabo01,Bogdan Bogdanović,Team.LOS_ANGELES_CLIPPERS,Location.HOME,Team.CHARLOTTE_HORNETS,Outcome.WIN,1154,3,4,1,1,0,0,0,4,1,0,0,1,1,14.0,5.9
okekech01,Chuma Okeke,Team.PHILADELPHIA_76ERS,Location.AWAY,Team.DALLAS_MAVERICKS,Outcome.WIN,956,2,4,1,3,0,0,1,3,1,1,0,0,1,-9.0,5.9
wadede01,Dean Wade,Team.CLEVELAND_CAVALIERS,Location.HOME,Team.ORLANDO_MAGIC,Outcome.LOSS,1315,1,2,1,2,0,0,2,4,0,3,0,1,2,-4.0,5.8
batumni01,Nicolas Batum,Team.LOS_ANGELES_CLIPPERS,Location.HOME,Team.CHARLOTTE_HORNETS,Outcome.WIN,898,1,1,1,1,0,0,1,4,1,1,0,0,2,26.0,5.5
harriga01,Gary Harris,Team.ORLANDO_MAGIC,Location.AWAY,Team.CLEVELAND_CAVALIERS,Outcome.WIN,1203,1,1,0,0,0,0,0,3,1,2,0,0,0,17.0,5.3
niangge01,Georges Niang,Team.ATLANTA_HAWKS,Location.AWAY,Team.BROOKLYN_NETS,Outcome.LOSS,1595,4,14,2,9,2,2,2,2,1,1,0,1,3,1.0,5.3
garrema01,Marcus Garrett,Team.CHARLOTTE_HORNETS,Location.AWAY,Team.LOS_ANGELES_CLIPPERS,Outcome.LOSS,1029,3,5,1,2,0,0,0,1,2,0,0,0,3,-1.0,5.2
lopezbr01,Brook Lopez,Team.MILWAUKEE_BUCKS,Location.HOME,Team.OKLAHOMA_CITY_THUNDER,Outcome.LOSS,1963,3,8,0,3,2,2,2,3,0,1,2,2,3,-11.0,5.1
reidna01,Naz Reid,Team.MINNESOTA_TIMBERWOLVES,Location.HOME,Team.UTAH_JAZZ,Outcome.WIN,1193,2,10,0,5,1,2,4,5,3,3,1,3,1,11.0,5.1
coffeam01,Amir Coffey,Team.LOS_ANGELES_CLIPPERS,Location.HOME,Team.CHARLOTTE_HORNETS,Outcome.WIN,1208,4,13,1,4,0,0,2,1,1,1,0,0,0,6.0,4.9
jeromty01,Ty Jerome,Team.CLEVELAND_CAVALIERS,Location.HOME,Team.ORLANDO_MAGIC,Outcome.LOSS,1481,5,9,1,2,1,4,1,0,1,0,0,3,0,-9.0,4.9
greenaj01,A.J. Green,Team.MILWAUKEE_BUCKS,Location.HOME,Team.OKLAHOMA_CITY_THUNDER,Outcome.LOSS,1119,3,5,2,4,0,0,0,2,1,0,0,1,3,-10.0,4.8
castlco01,Colin Castleton,Team.TORONTO_RAPTORS,Location.AWAY,Team.PORTLAND_TRAIL_BLAZERS,Outcome.LOSS,1642,3,10,0,2,2,2,9,3,2,0,0,5,3,-15.0,4.6
edwarke02,Kessler Edwards,Team.DALLAS_MAVERICKS,Location.HOME,Team.PHILADELPHIA_76ERS,Outcome.LOSS,1594,2,3,1,2,0,0,0,7,1,0,1,1,4,-2.0,4.6
millspa02,Patty Mills,Team.LOS_ANGELES_CLIPPERS,Location.HOME,Team.CHARLOTTE_HORNETS,Outcome.WIN,442,1,1,1,1,2,2,0,0,0,0,0,0,1,0.0,4.3
smithni01,Nick Smith Jr.,Team.CHARLOTTE_HORNETS,Location.AWAY,Team.LOS_ANGELES_CLIPPERS,Outcome.LOSS,1201,4,9,1,3,0,0,0,1,1,0,0,1,0,-14.0,4.3
battlja01,Jamison Battle,Team.TORONTO_RAPTORS,Location.AWAY,Team.PORTLAND_TRAIL_BLAZERS,Outcome.LOSS,1368,3,7,3,5,0,0,0,2,1,0,0,0,6,6.0,4.2
princta02,Taurean Prince,Team.MILWAUKEE_BUCKS,Location.HOME,Team.OKLAHOMA_CITY_THUNDER,Outcome.LOSS,1481,3,6,0,2,0,1,0,1,1,2,0,1,1,-15.0,4.2
murrakr01,Kris Murray,Team.PORTLAND_TRAIL_BLAZERS,Location.HOME,Team.TORONTO_RAPTORS,Outcome.WIN,1023,3,7,1,4,0,0,3,4,1,0,0,2,3,6.0,4.1
shannte01,Terrence Shannon Jr. ,Team.MINNESOTA_TIMBERWOLVES,Location.HOME,Team.UTAH_JAZZ,Outcome.WIN,1162,2,4,0,0,0,0,0,4,1,1,0,0,2,-5.0,4.1
ballla01,LaMelo Ball,Team.CHARLOTTE_HORNETS,Location.AWAY,Team.LOS_ANGELES_CLIPPERS,Outcome.LOSS,1851,5,18,2,8,4,5,0,2,5,0,0,4,3,-34.0,3.9
huntede01,De'Andre Hunter,Team.CLEVELAND_CAVALIERS,Location.HOME,Team.ORLANDO_MAGIC,Outcome.LOSS,1751,2,11,1,5,4,4,3,2,1,1,0,1,4,-5.0,3.9
bitadgo01,Goga Bitadze,Team.ORLANDO_MAGIC,Location.AWAY,Team.CLEVELAND_CAVALIERS,Outcome.WIN,373,0,0,0,0,3,4,0,0,1,0,1,0,1,3.0,3.6
jeffrda01,DaQuan Jeffries,Team.CHARLOTTE_HORNETS,Location.AWAY,Team.LOS_ANGELES_CLIPPERS,Outcome.LOSS,2187,2,11,1,6,0,0,1,4,3,0,2,0,0,-35.0,3.5
kuzmaky01,Kyle Kuzma,Team.MILWAUKEE_BUCKS,Location.HOME,Team.OKLAHOMA_CITY_THUNDER,Outcome.LOSS,1572,4,11,2,5,0,0,0,1,2,0,1,1,5,-12.0,3.3
onealro01,Royce O'Neale,Team.PHOENIX_SUNS,Location.AWAY,Team.LOS_ANGELES_LAKERS,Outcome.LOSS,1301,4,11,2,8,0,0,1,4,1,0,0,2,3,-9.0,3.3
poweldw01,Dwight Powell,Team.DALLAS_MAVERICKS,Location.HOME,Team.PHILADELPHIA_76ERS,Outcome.LOSS,776,1,1,0,0,0,0,0,1,3,0,0,0,2,-12.0,3.3
thybuma01,Matisse Thybulle,Team.PORTLAND_TRAIL_BLAZERS,Location.HOME,Team.TORONTO_RAPTORS,Outcome.WIN,372,0,0,0,0,0,0,0,2,0,2,1,0,0,7.0,3.3
martico01,Cody Martin,Team.PHOENIX_SUNS,Location.AWAY,Team.LOS_ANGELES_LAKERS,Outcome.LOSS,506,1,3,0,1,1,1,2,4,0,0,1,1,1,4.0,3.2
isaacjo01,Jonathan Isaac,Team.ORLANDO_MAGIC,Location.AWAY,Team.CLEVELAND_CAVALIERS,Outcome.WIN,399,1,2,0,1,0,0,0,1,0,1,1,0,0,-3.0,3.0
mykhasv01,Svi Mykhailiuk,Team.UTAH_JAZZ,Location.AWAY,Team.MINNESOTA_TIMBERWOLVES,Outcome.LOSS,1556,3,7,2,4,0,0,0,3,2,0,0,2,4,-7.0,3.0
brownko01,Kobe Brown,Team.LOS_ANGELES_CLIPPERS,Location.HOME,Team.CHARLOTTE_HORNETS,Outcome.WIN,442,1,1,0,0,0,0,0,1,1,1,0,0,2,0.0,2.9
barlodo01,Dominick Barlow,Team.ATLANTA_HAWKS,Location.AWAY,Team.BROOKLYN_NETS,Outcome.LOSS,933,0,1,0,0,0,0,0,1,2,0,3,0,1,-17.0,2.7
ighodos01,Oso Ighodaro,Team.PHOENIX_SUNS,Location.AWAY,Team.LOS_ANGELES_LAKERS,Outcome.LOSS,1384,2,3,0,0,0,0,0,4,2,0,0,1,4,2.0,2.7
gueyemo02,Mouhamed Gueye,Team.ATLANTA_HAWKS,Location.AWAY,Team.BROOKLYN_NETS,Outcome.LOSS,1015,1,4,0,3,0,0,1,1,1,0,3,0,2,-12.0,2.6
bridgmi02,Miles Bridges,Team.CHARLOTTE_HORNETS,Location.AWAY,Team.LOS_ANGELES_CLIPPERS,Outcome.LOSS,1501,3,10,1,7,0,0,0,4,3,0,1,2,2,-10.0,2.4
willike04,Kenrich Williams,Team.OKLAHOMA_CITY_THUNDER,Location.AWAY,Team.MILWAUKEE_BUCKS,Outcome.WIN,1118,0,3,0,2,0,0,1,5,5,1,0,1,3,16.0,2.4
gilleco01,Collin Gillespie,Team.PHOENIX_SUNS,Location.AWAY,Team.LOS_ANGELES_LAKERS,Outcome.LOSS,1408,1,7,1,6,0,0,3,4,3,0,0,0,5,-2.0,1.9
simmobe01,Ben Simmons,Team.LOS_ANGELES_CLIPPERS,Location.HOME,Team.CHARLOTTE_HORNETS,Outcome.WIN,891,0,3,0,0,0,0,2,0,3,0,1,0,1,7.0,1.7
connapa01,Pat Connaughton,Team.MILWAUKEE_BUCKS,Location.HOME,Team.OKLAHOMA_CITY_THUNDER,Outcome.LOSS,277,0,1,0,0,2,2,0,0,1,0,0,0,1,2.0,1.6
okorois01,Isaac Okoro,Team.CLEVELAND_CAVALIERS,Location.HOME,Team.ORLANDO_MAGIC,Outcome.LOSS,473,1,2,0,1,0,0,1,1,0,0,0,0,1,-13.0,1.6
merrisa01,Sam Merrill,Team.CLEVELAND_CAVALIERS,Location.HOME,Team.ORLANDO_MAGIC,Outcome.LOSS,1129,2,8,1,7,0,0,0,1,2,0,0,0,1,0.0,1.5
willija07,Jaylin Williams,Team.OKLAHOMA_CITY_THUNDER,Location.AWAY,Team.MILWAUKEE_BUCKS,Outcome.WIN,827,1,1,1,1,0,0,0,1,0,0,0,0,4,-6.0,1.4
hylanbo01,Bones Hyland,Team.MINNESOTA_TIMBERWOLVES,Location.HOME,Team.UTAH_JAZZ,Outcome.WIN,421,1,2,0,1,0,0,0,0,1,0,0,0,1,-5.0,1.3
plumlma01,Mason Plumlee,Team.PHOENIX_SUNS,Location.AWAY,Team.LOS_ANGELES_LAKERS,Outcome.LOSS,338,0,0,0,0,0,0,1,2,0,0,0,0,0,-16.0,1.3
goodwjo01,Jordan Goodwin,Team.LOS_ANGELES_LAKERS,Location.HOME,Team.PHOENIX_SUNS,Outcome.WIN,1685,1,5,0,3,0,0,2,1,1,0,2,0,4,-3.0,1.1
sensabr01,Brice Sensabaugh,Team.UTAH_JAZZ,Location.AWAY,Team.MINNESOTA_TIMBERWOLVES,Outcome.LOSS,1423,2,4,1,2,1,2,0,5,2,0,0,5,1,-4.0,1.1
chrisca02,Cam Christie,Team.LOS_ANGELES_CLIPPERS,Location.HOME,Team.CHARLOTTE_HORNETS,Outcome.WIN,442,0,2,0,2,0,0,0,0,2,1,0,0,0,0.0,1.0
jonesdi01,Dillon Jones,Team.OKLAHOMA_CITY_THUNDER,Location.AWAY,Team.MILWAUKEE_BUCKS,Outcome.WIN,373,0,0,0,0,0,0,0,3,0,0,0,0,0,7.0,0.9
nurkiju01,Jusuf Nurkić,Team.CHARLOTTE_HORNETS,Location.AWAY,Team.LOS_ANGELES_CLIPPERS,Outcome.LOSS,721,2,6,0,1,0,0,0,5,0,1,0,2,1,-10.0,0.7
anthoco01,Cole Anthony,Team.ORLANDO_MAGIC,Location.AWAY,Team.CLEVELAND_CAVALIERS,Outcome.WIN,361,0,1,0,0,2,2,0,1,0,0,0,1,0,-7.0,0.6
dilliro01,Rob Dillingham,Team.MINNESOTA_TIMBERWOLVES,Location.HOME,Team.UTAH_JAZZ,Outcome.WIN,564,1,3,0,2,0,0,0,1,0,0,0,0,0,-4.0,0.6
robinor01,Orlando Robinson,Team.TORONTO_RAPTORS,Location.AWAY,Team.PORTLAND_TRAIL_BLAZERS,Outcome.LOSS,1799,4,12,0,3,2,2,1,3,2,0,0,4,4,-27.0,0.6
simsje01,Jericho Sims,Team.MILWAUKEE_BUCKS,Location.HOME,Team.OKLAHOMA_CITY_THUNDER,Outcome.LOSS,718,0,2,0,0,0,0,3,1,1,0,1,1,2,1.0,0.6
powelno01,Norman Powell,Team.LOS_ANGELES_CLIPPERS,Location.HOME,Team.CHARLOTTE_HORNETS,Outcome.WIN,1360,3,13,1,4,0,0,0,1,0,1,0,0,0,5.0,0.4
houstca01,Caleb Houstan,Team.ORLANDO_MAGIC,Location.AWAY,Team.CLEVELAND_CAVALIERS,Outcome.WIN,418,1,1,0,0,0,0,0,0,0,0,0,1,1,-2.0,0.3
jacksan01,Andre Jackson Jr.,Team.MILWAUKEE_BUCKS,Location.HOME,Team.OKLAHOMA_CITY_THUNDER,Outcome.LOSS,277,1,2,0,1,0,0,1,1,0,0,0,1,2,2.0,0.2
willico04,Cody Williams,Team.UTAH_JAZZ,Location.AWAY,Team.MINNESOTA_TIMBERWOLVES,Outcome.LOSS,1178,1,4,0,3,0,0,1,0,1,0,0,0,2,-24.0,0.2
thomptr01,Tristan Thompson,Team.CLEVELAND_CAVALIERS,Location.HOME,Team.ORLANDO_MAGIC,Outcome.LOSS,641,0,1,0,0,0,0,1,2,1,0,0,0,3,3.0,0.1
bantoda01,Dalano Banton,Team.PORTLAND_TRAIL_BLAZERS,Location.HOME,Team.TORONTO_RAPTORS,Outcome.WIN,235,0,0,0,0,0,0,0,0,0,0,0,0,0,-3.0,0.0
livinch01,Chris Livingston,Team.MILWAUKEE_BUCKS,Location.HOME,Team.OKLAHOMA_CITY_THUNDER,Outcome.LOSS,118,0,0,0,0,0,0,0,0,0,0,0,0,0,-2.0,0.0
templga01,Garrett Temple,Team.TORONTO_RAPTORS,Location.AWAY,Team.PORTLAND_TRAIL_BLAZERS,Outcome.LOSS,1438,1,7,0,3,0,0,0,2,1,2,0,0,2,-13.0,0.0
curryse01,Seth Curry,Team.CHARLOTTE_HORNETS,Location.AWAY,Team.LOS_ANGELES_CLIPPERS,Outcome.LOSS,747,0,3,0,1,0,0,0,1,1,1,0,0,0,-8.0,-0.1
garzalu01,Luka Garza,Team.MINNESOTA_TIMBERWOLVES,Location.HOME,Team.UTAH_JAZZ,Outcome.WIN,564,1,5,1,2,0,0,0,0,2,0,0,1,1,-4.0,-0.1
bealbr01,Bradley Beal,Team.PHOENIX_SUNS,Location.AWAY,Team.LOS_ANGELES_LAKERS,Outcome.LOSS,912,2,6,0,2,0,0,0,2,0,0,0,1,1,-12.0,-0.2
vandeja01,Jarred Vanderbilt,Team.LOS_ANGELES_LAKERS,Location.HOME,Team.PHOENIX_SUNS,Outcome.WIN,587,0,1,0,1,0,0,0,3,0,0,0,0,1,-5.0,-0.2
kolokch01,Christian Koloko,Team.LOS_ANGELES_LAKERS,Location.HOME,Team.PHOENIX_SUNS,Outcome.WIN,890,1,5,0,0,1,2,0,4,0,0,0,1,0,-1.0,-0.3
dasiltr01,Tristan Da Silva,Team.ORLANDO_MAGIC,Location.AWAY,Team.CLEVELAND_CAVALIERS,Outcome.WIN,481,0,2,0,1,0,0,1,0,0,0,0,0,0,-2.0,-0.7
smithty02,Tyler Smith,Team.MILWAUKEE_BUCKS,Location.HOME,Team.OKLAHOMA_CITY_THUNDER,Outcome.LOSS,118,0,1,0,0,0,0,0,0,0,0,0,0,0,-2.0,-0.7
flaglad01,Adam Flagler,Team.OKLAHOMA_CITY_THUNDER,Location.AWAY,Team.MILWAUKEE_BUCKS,Outcome.WIN,65,0,1,0,1,0,0,0,1,0,0,0,0,1,1.0,-0.8
knechda01,Dalton Knecht,Team.LOS_ANGELES_LAKERS,Location.HOME,Team.PHOENIX_SUNS,Outcome.WIN,935,1,5,1,3,0,0,0,2,0,0,0,1,2,-4.0,-1.3
hendesc01,Scoot Henderson,Team.PORTLAND_TRAIL_BLAZERS,Location.HOME,Team.TORONTO_RAPTORS,Outcome.WIN,1799,2,12,1,5,0,0,1,4,5,1,0,6,3,4.0,-3.4
