slug,name,team,location,opponent,outcome,seconds_played,made_field_goals,attempted_field_goals,made_three_point_field_goals,attempted_three_point_field_goals,made_free_throws,attempted_free_throws,offensive_rebounds,defensive_rebounds,assists,steals,blocks,turnovers,personal_fouls,plus_minus,game_score
grimequ01,Quentin Grimes,Team.PHILADELPHIA_76ERS,Location.AWAY,Team.HOUSTON_ROCKETS,Outcome.LOSS,2581,15,27,8,14,8,13,2,11,4,2,1,6,3,-6.0,34.1
banede01,Desmond Bane,Team.MEMPHIS_GRIZZLIES,Location.AWAY,Team.SACRAMENTO_KINGS,Outcome.LOSS,2479,15,25,7,7,7,7,0,6,4,1,0,4,2,0.0,33.3
toppiob01,Obi Toppin,Team.INDIANA_PACERS,Location.AWAY,Team.MINNESOTA_TIMBERWOLVES,Outcome.WIN,2696,12,19,7,10,3,4,2,8,2,1,1,2,0,7.0,30.0
edwaran01,Anthony Edwards,Team.MINNESOTA_TIMBERWOLVES,Location.HOME,Team.INDIANA_PACERS,Outcome.LOSS,2467,9,24,1,11,19,20,0,3,5,2,2,3,3,-7.0,28.0
reaveau01,Austin Reaves,Team.LOS_ANGELES_LAKERS,Location.HOME,Team.SAN_ANTONIO_SPURS,Outcome.WIN,2170,12,21,5,13,1,1,0,7,6,2,0,2,0,18.0,26.4
jonestr01,Tre Jones,Team.CHICAGO_BULLS,Location.AWAY,Team.UTAH_JAZZ,Outcome.WIN,2012,8,10,1,2,1,1,1,3,12,3,0,1,1,6.0,25.8
gordoaa01,Aaron Gordon,Team.DENVER_NUGGETS,Location.AWAY,Team.GOLDEN_STATE_WARRIORS,Outcome.WIN,2224,14,23,4,6,6,6,5,1,3,0,0,7,2,13.0,25.6
monkma01,Malik Monk,Team.SACRAMENTO_KINGS,Location.HOME,Team.MEMPHIS_GRIZZLIES,Outcome.WIN,2141,10,17,4,8,4,4,0,3,7,1,3,3,1,8.0,25.6
greenja05,Jalen Green,Team.HOUSTON_ROCKETS,Location.HOME,Team.PHILADELPHIA_76ERS,Outcome.WIN,2717,10,26,5,17,5,5,0,7,13,2,1,4,1,15.0,25.3
smithja05,Jabari Smith Jr.,Team.HOUSTON_ROCKETS,Location.HOME,Team.PHILADELPHIA_76ERS,Outcome.WIN,2316,11,17,5,7,3,4,1,7,3,2,0,4,2,6.0,24.2
bookede01,Devin Booker,Team.PHOENIX_SUNS,Location.HOME,Team.TORONTO_RAPTORS,Outcome.WIN,1925,8,15,3,6,8,8,0,4,6,0,0,1,3,23.0,22.9
hartjo01,Josh Hart,Team.NEW_YORK_KNICKS,Location.HOME,Team.MIAMI_HEAT,Outcome.WIN,1757,5,9,2,5,0,0,2,11,11,4,1,2,0,31.0,22.8
simonan01,Anfernee Simons,Team.PORTLAND_TRAIL_BLAZERS,Location.HOME,Team.WASHINGTON_WIZARDS,Outcome.WIN,1384,10,17,5,11,5,5,0,1,2,0,0,1,0,21.0,22.8
bridgmi01,Mikal Bridges,Team.NEW_YORK_KNICKS,Location.HOME,Team.MIAMI_HEAT,Outcome.WIN,1940,10,14,4,6,4,4,0,1,3,1,0,3,1,12.0,22.2
willizi01,Zion Williamson,Team.NEW_ORLEANS_PELICANS,Location.HOME,Team.DETROIT_PISTONS,Outcome.LOSS,1678,9,18,0,0,12,15,2,4,3,0,2,3,3,-18.0,21.7
doncilu01,Luka Dončić,Team.LOS_ANGELES_LAKERS,Location.HOME,Team.SAN_ANTONIO_SPURS,Outcome.WIN,2036,5,20,1,7,10,13,2,7,14,3,1,3,1,19.0,21.4
brookdi01,Dillon Brooks,Team.HOUSTON_ROCKETS,Location.HOME,Team.PHILADELPHIA_76ERS,Outcome.WIN,2427,8,19,5,11,4,4,2,4,5,2,1,0,6,12.0,21.3
fontesi01,Simone Fontecchio,Team.DETROIT_PISTONS,Location.AWAY,Team.NEW_ORLEANS_PELICANS,Outcome.WIN,1292,9,10,5,5,0,0,1,6,0,1,0,1,2,24.0,21.3
butleji01,Jimmy Butler,Team.GOLDEN_STATE_WARRIORS,Location.HOME,Team.DENVER_NUGGETS,Outcome.LOSS,2002,8,16,1,4,6,10,3,5,6,2,1,2,2,-9.0,21.1
lavinza01,Zach LaVine,Team.SACRAMENTO_KINGS,Location.HOME,Team.MEMPHIS_GRIZZLIES,Outcome.WIN,2240,7,11,5,8,4,5,1,1,6,0,0,2,1,-1.0,20.5
cunnica01,Cade Cunningham,Team.DETROIT_PISTONS,Location.AWAY,Team.NEW_ORLEANS_PELICANS,Outcome.WIN,1773,10,16,1,2,3,4,0,4,8,1,0,4,3,21.0,19.0
portemi01,Michael Porter Jr.,Team.DENVER_NUGGETS,Location.AWAY,Team.GOLDEN_STATE_WARRIORS,Outcome.WIN,2453,7,18,3,10,4,4,1,9,5,2,0,0,3,20.0,18.9
sarral01,Alex Sarr,Team.WASHINGTON_WIZARDS,Location.AWAY,Team.PORTLAND_TRAIL_BLAZERS,Outcome.LOSS,1306,7,16,3,9,3,3,4,0,3,1,2,0,1,-7.0,18.5
paytoga02,Gary Payton II,Team.GOLDEN_STATE_WARRIORS,Location.HOME,Team.DENVER_NUGGETS,Outcome.LOSS,1583,8,10,2,3,0,1,1,2,1,3,1,0,3,-1.0,18.3
derozde01,DeMar DeRozan,Team.SACRAMENTO_KINGS,Location.HOME,Team.MEMPHIS_GRIZZLIES,Outcome.WIN,1957,7,19,3,6,5,7,3,3,8,0,1,1,2,-1.0,18.2
robindu01,Duncan Robinson,Team.MIAMI_HEAT,Location.AWAY,Team.NEW_YORK_KNICKS,Outcome.LOSS,1671,8,12,5,9,1,1,1,1,2,1,0,2,1,-16.0,17.8
goodwjo01,Jordan Goodwin,Team.LOS_ANGELES_LAKERS,Location.HOME,Team.SAN_ANTONIO_SPURS,Outcome.WIN,1960,6,9,3,6,0,0,1,3,3,3,1,0,2,9.0,17.7
whiteco01,Coby White,Team.CHICAGO_BULLS,Location.AWAY,Team.UTAH_JAZZ,Outcome.WIN,2123,9,19,2,10,6,7,0,3,4,0,0,2,0,16.0,17.6
clarkbr01,Brandon Clarke,Team.MEMPHIS_GRIZZLIES,Location.AWAY,Team.SACRAMENTO_KINGS,Outcome.LOSS,1495,6,8,0,0,3,3,6,2,3,1,1,3,0,4.0,17.4
butleja02,Jared Butler,Team.PHILADELPHIA_76ERS,Location.AWAY,Team.HOUSTON_ROCKETS,Outcome.LOSS,2226,7,15,1,5,6,6,0,2,5,2,1,1,5,2.0,17.1
huertke01,Kevin Huerter,Team.CHICAGO_BULLS,Location.AWAY,Team.UTAH_JAZZ,Outcome.WIN,2145,6,11,5,9,0,0,0,9,2,1,1,0,1,23.0,17.1
townska01,Karl-Anthony Towns,Team.NEW_YORK_KNICKS,Location.HOME,Team.MIAMI_HEAT,Outcome.WIN,1862,10,17,3,5,0,0,3,4,3,0,1,3,3,16.0,17.0
robinmi01,Mitchell Robinson,Team.NEW_YORK_KNICKS,Location.HOME,Team.MIAMI_HEAT,Outcome.WIN,1424,5,7,0,0,0,0,5,4,1,2,2,0,0,8.0,15.9
edwarju01,Justin Edwards,Team.PHILADELPHIA_76ERS,Location.AWAY,Team.HOUSTON_ROCKETS,Outcome.LOSS,2378,7,15,4,7,0,0,1,2,4,1,0,0,1,-20.0,15.0
buzelma01,Matas Buzelis,Team.CHICAGO_BULLS,Location.AWAY,Team.UTAH_JAZZ,Outcome.WIN,1786,7,13,3,7,0,0,1,8,2,0,1,1,1,20.0,14.5
divindo01,Donte DiVincenzo,Team.MINNESOTA_TIMBERWOLVES,Location.HOME,Team.INDIANA_PACERS,Outcome.LOSS,1906,7,16,5,11,0,0,0,3,3,2,0,0,4,-20.0,14.0
edeyza01,Zach Edey,Team.MEMPHIS_GRIZZLIES,Location.AWAY,Team.SACRAMENTO_KINGS,Outcome.LOSS,1463,6,11,0,0,0,0,6,2,1,0,4,0,3,-14.0,13.8
thybuma01,Matisse Thybulle,Team.PORTLAND_TRAIL_BLAZERS,Location.HOME,Team.WASHINGTON_WIZARDS,Outcome.WIN,1325,4,9,1,5,0,0,1,3,3,5,1,0,0,14.0,13.7
ighodos01,Oso Ighodaro,Team.PHOENIX_SUNS,Location.HOME,Team.TORONTO_RAPTORS,Outcome.WIN,1574,4,6,0,0,1,1,3,6,4,1,1,0,3,39.0,13.6
westbru01,Russell Westbrook,Team.DENVER_NUGGETS,Location.AWAY,Team.GOLDEN_STATE_WARRIORS,Outcome.WIN,2532,5,18,2,9,0,0,4,8,16,3,2,7,4,5.0,13.6
bradlto01,Tony Bradley,Team.INDIANA_PACERS,Location.AWAY,Team.MINNESOTA_TIMBERWOLVES,Outcome.WIN,1217,6,8,0,0,0,0,5,4,2,1,2,3,2,-1.0,13.5
reidna01,Naz Reid,Team.MINNESOTA_TIMBERWOLVES,Location.HOME,Team.INDIANA_PACERS,Outcome.LOSS,1813,9,16,3,7,0,0,1,3,0,1,1,2,3,5.0,13.5
castlst01,Stephon Castle,Team.SAN_ANTONIO_SPURS,Location.AWAY,Team.LOS_ANGELES_LAKERS,Outcome.LOSS,1653,8,19,3,6,4,6,2,6,3,0,0,2,5,-8.0,13.4
onealro01,Royce O'Neale,Team.PHOENIX_SUNS,Location.HOME,Team.TORONTO_RAPTORS,Outcome.WIN,1427,4,8,3,6,0,0,1,9,3,1,1,0,2,38.0,13.4
easonta01,Tari Eason,Team.HOUSTON_ROCKETS,Location.HOME,Team.PHILADELPHIA_76ERS,Outcome.WIN,2348,8,19,2,7,3,4,6,2,1,0,1,1,6,-16.0,13.3
clingdo01,Donovan Clingan,Team.PORTLAND_TRAIL_BLAZERS,Location.HOME,Team.WASHINGTON_WIZARDS,Outcome.WIN,1507,5,9,0,0,1,4,7,6,2,0,0,0,1,18.0,13.2
greendr01,Draymond Green,Team.GOLDEN_STATE_WARRIORS,Location.HOME,Team.DENVER_NUGGETS,Outcome.LOSS,1950,5,6,0,1,0,1,0,6,5,3,5,4,5,-5.0,13.2
missiyv01,Yves Missi,Team.NEW_ORLEANS_PELICANS,Location.HOME,Team.DETROIT_PISTONS,Outcome.LOSS,1293,4,7,0,0,4,6,2,8,0,0,2,0,0,-16.0,13.1
schrode01,Dennis Schröder,Team.DETROIT_PISTONS,Location.AWAY,Team.NEW_ORLEANS_PELICANS,Outcome.WIN,1127,2,4,0,0,8,9,0,0,5,1,0,1,0,17.0,13.1
vukcetr01,Tristan Vukcevic,Team.WASHINGTON_WIZARDS,Location.AWAY,Team.PORTLAND_TRAIL_BLAZERS,Outcome.LOSS,1458,6,13,3,6,2,2,1,7,2,1,2,3,2,-5.0,13.1
quickim01,Immanuel Quickley,Team.TORONTO_RAPTORS,Location.AWAY,Team.PHOENIX_SUNS,Outcome.LOSS,1806,5,14,2,7,3,4,0,7,7,1,0,1,2,-21.0,13.0
durenja01,Jalen Duren,Team.DETROIT_PISTONS,Location.AWAY,Team.NEW_ORLEANS_PELICANS,Outcome.WIN,1318,4,6,0,0,1,2,1,6,6,0,2,0,3,11.0,12.9
reathdu01,Duop Reath,Team.PORTLAND_TRAIL_BLAZERS,Location.HOME,Team.WASHINGTON_WIZARDS,Outcome.WIN,1373,5,11,3,6,2,2,2,2,3,1,1,1,3,-3.0,12.9
hayesja02,Jaxson Hayes,Team.LOS_ANGELES_LAKERS,Location.HOME,Team.SAN_ANTONIO_SPURS,Outcome.WIN,1656,3,5,0,0,3,4,2,9,3,2,1,2,1,21.0,12.8
murrake02,Keegan Murray,Team.SACRAMENTO_KINGS,Location.HOME,Team.MEMPHIS_GRIZZLIES,Outcome.WIN,1996,6,14,3,8,1,1,1,8,1,2,0,0,4,1.0,12.8
terryda01,Dalen Terry,Team.CHICAGO_BULLS,Location.AWAY,Team.UTAH_JAZZ,Outcome.WIN,906,5,7,0,2,2,2,1,2,1,2,0,0,1,-7.0,12.7
mccontj01,T.J. McConnell,Team.INDIANA_PACERS,Location.AWAY,Team.MINNESOTA_TIMBERWOLVES,Outcome.WIN,1807,5,12,0,0,1,2,1,3,13,0,0,2,1,-4.0,12.5
hollaro01,Ron Holland,Team.DETROIT_PISTONS,Location.AWAY,Team.NEW_ORLEANS_PELICANS,Outcome.WIN,1194,3,4,0,1,4,6,1,1,3,2,1,0,3,34.0,12.2
konchjo01,John Konchar,Team.MEMPHIS_GRIZZLIES,Location.AWAY,Team.SACRAMENTO_KINGS,Outcome.LOSS,1041,2,2,2,2,2,2,2,6,1,1,1,0,2,9.0,12.2
vassede01,Devin Vassell,Team.SAN_ANTONIO_SPURS,Location.AWAY,Team.LOS_ANGELES_LAKERS,Outcome.LOSS,2010,6,13,3,8,2,2,0,8,2,0,1,2,2,-15.0,12.0
sengual01,Alperen Şengün,Team.HOUSTON_ROCKETS,Location.HOME,Team.PHILADELPHIA_76ERS,Outcome.WIN,1318,5,9,0,0,3,5,7,4,5,0,0,4,4,2.0,11.9
sensabr01,Brice Sensabaugh,Team.UTAH_JAZZ,Location.HOME,Team.CHICAGO_BULLS,Outcome.LOSS,1212,4,7,3,5,2,2,0,6,1,1,0,1,1,6.0,11.8
thompau01,Ausar Thompson,Team.DETROIT_PISTONS,Location.AWAY,Team.NEW_ORLEANS_PELICANS,Outcome.WIN,1094,3,4,0,1,3,4,1,3,3,1,2,1,1,4.0,11.7
mitchda01,Davion Mitchell,Team.MIAMI_HEAT,Location.AWAY,Team.NEW_YORK_KNICKS,Outcome.LOSS,2092,3,10,0,2,6,6,2,2,5,3,1,3,2,-19.0,11.6
watsope01,Peyton Watson,Team.DENVER_NUGGETS,Location.AWAY,Team.GOLDEN_STATE_WARRIORS,Outcome.WIN,2126,5,8,1,2,2,6,0,5,1,1,4,1,3,14.0,11.6
conlemi01,Mike Conley,Team.MINNESOTA_TIMBERWOLVES,Location.HOME,Team.INDIANA_PACERS,Outcome.LOSS,1908,2,3,2,2,3,4,0,3,5,2,0,1,3,24.0,11.5
georgke01,Keyonte George,Team.UTAH_JAZZ,Location.HOME,Team.CHICAGO_BULLS,Outcome.LOSS,1639,4,7,1,3,7,7,0,2,2,2,0,4,3,-7.0,11.5
herroty01,Tyler Herro,Team.MIAMI_HEAT,Location.AWAY,Team.NEW_YORK_KNICKS,Outcome.LOSS,1823,10,18,0,3,0,0,1,2,1,0,0,2,0,-9.0,11.4
mathube01,Bennedict Mathurin,Team.INDIANA_PACERS,Location.AWAY,Team.MINNESOTA_TIMBERWOLVES,Outcome.WIN,2108,6,17,3,7,7,8,1,2,1,1,1,2,6,4.0,11.4
morrimo01,Monte Morris,Team.PHOENIX_SUNS,Location.HOME,Team.TORONTO_RAPTORS,Outcome.WIN,332,4,5,4,4,0,0,0,1,0,1,0,0,0,8.0,11.4
jonesty01,Tyus Jones,Team.PHOENIX_SUNS,Location.HOME,Team.TORONTO_RAPTORS,Outcome.WIN,1637,5,12,4,7,1,1,1,2,4,0,0,1,1,33.0,11.3
paulch01,Chris Paul,Team.SAN_ANTONIO_SPURS,Location.AWAY,Team.LOS_ANGELES_LAKERS,Outcome.LOSS,1325,3,7,2,3,1,1,1,5,8,0,0,2,0,-12.0,11.1
sharpsh01,Shaedon Sharpe,Team.PORTLAND_TRAIL_BLAZERS,Location.HOME,Team.WASHINGTON_WIZARDS,Outcome.WIN,1516,6,14,2,7,2,4,1,4,2,2,0,2,0,-3.0,11.1
knechda01,Dalton Knecht,Team.LOS_ANGELES_LAKERS,Location.HOME,Team.SAN_ANTONIO_SPURS,Outcome.WIN,1224,4,10,2,7,3,4,1,2,3,0,1,0,1,-5.0,10.9
randlju01,Julius Randle,Team.MINNESOTA_TIMBERWOLVES,Location.HOME,Team.INDIANA_PACERS,Outcome.LOSS,2437,5,11,1,2,6,10,1,5,4,1,0,4,2,-6.0,10.9
robinor01,Orlando Robinson,Team.TORONTO_RAPTORS,Location.AWAY,Team.PHOENIX_SUNS,Outcome.LOSS,1253,6,12,0,0,0,0,4,4,3,0,0,0,3,-21.0,10.9
valanjo01,Jonas Valančiūnas,Team.SACRAMENTO_KINGS,Location.HOME,Team.MEMPHIS_GRIZZLIES,Outcome.WIN,961,4,5,0,0,0,0,2,3,3,0,3,1,2,9.0,10.8
duranke01,Kevin Durant,Team.PHOENIX_SUNS,Location.HOME,Team.TORONTO_RAPTORS,Outcome.WIN,1581,5,7,1,1,3,3,0,3,3,1,0,4,1,5.0,10.7
dunnry01,Ryan Dunn,Team.PHOENIX_SUNS,Location.HOME,Team.TORONTO_RAPTORS,Outcome.WIN,1459,7,16,3,7,0,0,3,3,0,0,1,1,2,4.0,10.5
vincega01,Gabe Vincent,Team.LOS_ANGELES_LAKERS,Location.HOME,Team.SAN_ANTONIO_SPURS,Outcome.WIN,1678,4,6,3,5,0,0,0,2,1,2,0,0,3,9.0,10.5
jacksqu01,Quenton Jackson,Team.INDIANA_PACERS,Location.AWAY,Team.MINNESOTA_TIMBERWOLVES,Outcome.WIN,1098,4,6,1,1,4,4,1,1,0,1,0,0,5,-6.0,10.4
finnedo01,Dorian Finney-Smith,Team.LOS_ANGELES_LAKERS,Location.HOME,Team.SAN_ANTONIO_SPURS,Outcome.WIN,1679,5,12,4,8,1,2,2,1,1,0,0,0,1,13.0,10.2
tysonhu01,Hunter Tyson,Team.DENVER_NUGGETS,Location.AWAY,Team.GOLDEN_STATE_WARRIORS,Outcome.WIN,1184,4,9,1,4,0,0,4,3,2,2,0,0,3,-3.0,10.2
avdijde01,Deni Avdija,Team.PORTLAND_TRAIL_BLAZERS,Location.HOME,Team.WASHINGTON_WIZARDS,Outcome.WIN,1638,5,11,3,7,2,2,0,6,2,0,0,2,1,2.0,10.1
castlco01,Colin Castleton,Team.TORONTO_RAPTORS,Location.AWAY,Team.PHOENIX_SUNS,Outcome.LOSS,1822,3,4,0,0,4,6,4,2,0,0,2,2,1,-28.0,10.0
hoodsja01,Jalen Hood-Schifino,Team.PHILADELPHIA_76ERS,Location.AWAY,Team.HOUSTON_ROCKETS,Outcome.LOSS,1889,5,9,2,4,0,0,0,4,1,2,0,0,4,-17.0,10.0
jaqueja01,Jaime Jaquez Jr.,Team.MIAMI_HEAT,Location.AWAY,Team.NEW_YORK_KNICKS,Outcome.LOSS,1800,3,8,0,2,0,0,2,9,7,1,2,3,0,-1.0,10.0
martija02,Jaylen Martin,Team.WASHINGTON_WIZARDS,Location.AWAY,Team.PORTLAND_TRAIL_BLAZERS,Outcome.LOSS,1674,5,10,1,3,0,0,2,4,3,2,0,3,0,-3.0,9.7
sochaje01,Jeremy Sochan,Team.SAN_ANTONIO_SPURS,Location.AWAY,Team.LOS_ANGELES_LAKERS,Outcome.LOSS,1566,7,9,1,3,0,0,2,1,1,0,0,3,3,-11.0,9.7
wellsja01,Jaylen Wells,Team.MEMPHIS_GRIZZLIES,Location.AWAY,Team.SACRAMENTO_KINGS,Outcome.LOSS,2018,4,11,3,8,3,3,0,4,2,1,0,0,5,3.0,9.5
matkoka01,Karlo Matković,Team.NEW_ORLEANS_PELICANS,Location.HOME,Team.DETROIT_PISTONS,Outcome.LOSS,1222,3,4,0,0,1,1,4,3,0,2,0,1,2,-17.0,9.3
stewais01,Isaiah Stewart,Team.DETROIT_PISTONS,Location.AWAY,Team.NEW_ORLEANS_PELICANS,Outcome.WIN,939,3,3,0,0,0,0,2,3,1,1,2,0,3,17.0,9.3
curryst01,Stephen Curry,Team.GOLDEN_STATE_WARRIORS,Location.HOME,Team.DENVER_NUGGETS,Outcome.LOSS,2144,6,21,4,14,4,4,0,4,7,3,0,7,2,-7.0,9.0
adebaba01,Bam Adebayo,Team.MIAMI_HEAT,Location.AWAY,Team.NEW_YORK_KNICKS,Outcome.LOSS,2040,5,12,0,1,2,2,2,5,4,1,2,4,2,-5.0,8.9
wareke01,Kel'el Ware,Team.MIAMI_HEAT,Location.AWAY,Team.NEW_YORK_KNICKS,Outcome.LOSS,1155,5,6,0,1,0,0,1,5,0,1,1,2,2,-27.0,8.9
landajo01,Jock Landale,Team.HOUSTON_ROCKETS,Location.HOME,Team.PHILADELPHIA_76ERS,Outcome.WIN,334,3,3,1,1,0,0,2,1,1,0,0,0,0,-4.0,8.5
murrakr01,Kris Murray,Team.PORTLAND_TRAIL_BLAZERS,Location.HOME,Team.WASHINGTON_WIZARDS,Outcome.WIN,2211,2,8,0,3,1,2,1,9,3,4,0,0,2,12.0,8.5
olynyke01,Kelly Olynyk,Team.NEW_ORLEANS_PELICANS,Location.HOME,Team.DETROIT_PISTONS,Outcome.LOSS,1419,3,6,1,3,2,2,0,3,3,1,1,1,3,-10.0,8.5
elliske01,Keon Ellis,Team.SACRAMENTO_KINGS,Location.HOME,Team.MEMPHIS_GRIZZLIES,Outcome.WIN,1147,3,6,3,6,0,0,0,0,3,1,0,0,2,13.0,8.3
nembhan01,Andrew Nembhard,Team.INDIANA_PACERS,Location.AWAY,Team.MINNESOTA_TIMBERWOLVES,Outcome.WIN,1161,5,8,1,2,1,2,0,2,3,0,0,2,1,6.0,8.3
nnajize01,Zeke Nnaji,Team.DENVER_NUGGETS,Location.AWAY,Team.GOLDEN_STATE_WARRIORS,Outcome.WIN,656,2,2,1,1,2,2,1,2,0,1,0,0,1,-4.0,8.3
colliis01,Isaiah Collier,Team.UTAH_JAZZ,Location.HOME,Team.CHICAGO_BULLS,Outcome.LOSS,1587,3,10,0,1,2,2,0,6,8,0,0,1,1,-17.0,8.2
johnske04,Keldon Johnson,Team.SAN_ANTONIO_SPURS,Location.AWAY,Team.LOS_ANGELES_LAKERS,Outcome.LOSS,1679,4,10,0,2,3,3,1,3,2,2,2,3,2,-7.0,8.2
markkla01,Lauri Markkanen,Team.UTAH_JAZZ,Location.HOME,Team.CHICAGO_BULLS,Outcome.LOSS,1425,7,16,1,8,1,1,0,2,1,0,1,1,1,-17.0,8.2
holidaa01,Aaron Holiday,Team.HOUSTON_ROCKETS,Location.HOME,Team.PHILADELPHIA_76ERS,Outcome.WIN,826,2,3,2,3,2,2,1,0,1,0,0,0,0,-5.0,8.1
mamuksa01,Sandro Mamukelashvili,Team.SAN_ANTONIO_SPURS,Location.AWAY,Team.LOS_ANGELES_LAKERS,Outcome.LOSS,766,3,6,2,4,2,2,2,0,0,1,0,1,1,0.0,8.0
mcdanja02,Jaden McDaniels,Team.MINNESOTA_TIMBERWOLVES,Location.HOME,Team.INDIANA_PACERS,Outcome.LOSS,1953,6,14,1,6,0,0,2,5,4,1,1,3,5,-6.0,8.0
weslebl01,Blake Wesley,Team.SAN_ANTONIO_SPURS,Location.AWAY,Team.LOS_ANGELES_LAKERS,Outcome.LOSS,1341,3,7,1,3,0,0,0,3,5,2,1,2,1,-3.0,8.0
mcbrimi01,Miles McBride,Team.NEW_YORK_KNICKS,Location.HOME,Team.MIAMI_HEAT,Outcome.WIN,1765,4,12,2,4,0,0,1,1,3,2,0,0,1,9.0,7.9
alexani01,Nickeil Alexander-Walker,Team.MINNESOTA_TIMBERWOLVES,Location.HOME,Team.INDIANA_PACERS,Outcome.LOSS,1616,4,8,0,3,0,0,1,8,3,0,0,1,1,-2.0,7.8
battlja01,Jamison Battle,Team.TORONTO_RAPTORS,Location.AWAY,Team.PHOENIX_SUNS,Outcome.LOSS,1773,5,14,4,12,0,0,0,3,1,0,0,0,0,-17.0,7.8
kennalu01,Luke Kennard,Team.MEMPHIS_GRIZZLIES,Location.AWAY,Team.SACRAMENTO_KINGS,Outcome.LOSS,1694,4,11,0,4,0,0,0,2,8,2,0,2,1,-16.0,7.7
moodymo01,Moses Moody,Team.GOLDEN_STATE_WARRIORS,Location.HOME,Team.DENVER_NUGGETS,Outcome.LOSS,1519,4,9,1,4,0,0,2,0,0,2,1,0,2,-12.0,7.6
poolejo01,Jordan Poole,Team.WASHINGTON_WIZARDS,Location.AWAY,Team.PORTLAND_TRAIL_BLAZERS,Outcome.LOSS,631,3,6,2,5,1,1,0,1,1,1,0,0,1,-5.0,7.6
richani01,Nick Richards,Team.PHOENIX_SUNS,Location.HOME,Team.TORONTO_RAPTORS,Outcome.WIN,718,4,8,0,0,2,2,1,3,1,0,0,0,2,-4.0,7.5
tateja01,Jae'Sean Tate,Team.HOUSTON_ROCKETS,Location.HOME,Team.PHILADELPHIA_76ERS,Outcome.WIN,1305,3,5,1,2,0,0,4,3,1,0,0,0,4,30.0,7.5
lawsoaj01,A.J. Lawson,Team.TORONTO_RAPTORS,Location.AWAY,Team.PHOENIX_SUNS,Outcome.LOSS,1498,4,9,2,5,2,2,0,3,0,1,0,1,2,-32.0,7.4
councri01,Ricky Council IV,Team.PHILADELPHIA_76ERS,Location.AWAY,Team.HOUSTON_ROCKETS,Outcome.LOSS,1474,3,6,3,5,1,1,0,1,2,0,0,1,1,5.0,7.3
goberru01,Rudy Gobert,Team.MINNESOTA_TIMBERWOLVES,Location.HOME,Team.INDIANA_PACERS,Outcome.LOSS,1290,1,2,0,0,1,2,3,4,1,0,3,0,1,0.0,7.3
clarkjo01,Jordan Clarkson,Team.UTAH_JAZZ,Location.HOME,Team.CHICAGO_BULLS,Outcome.LOSS,1293,5,10,1,5,3,5,1,2,3,0,0,4,1,3.0,7.2
looneke01,Kevon Looney,Team.GOLDEN_STATE_WARRIORS,Location.HOME,Team.DENVER_NUGGETS,Outcome.LOSS,914,3,3,0,0,0,3,4,3,0,1,1,1,3,-4.0,7.1
laravja01,Jake LaRavia,Team.SACRAMENTO_KINGS,Location.HOME,Team.MEMPHIS_GRIZZLIES,Outcome.WIN,1408,4,7,2,4,2,2,1,1,1,2,0,3,6,8.0,7.0
spencca01,Cam Spencer,Team.MEMPHIS_GRIZZLIES,Location.AWAY,Team.SACRAMENTO_KINGS,Outcome.LOSS,916,2,5,1,3,2,2,1,2,2,0,0,0,0,-17.0,7.0
vucevni01,Nikola Vučević,Team.CHICAGO_BULLS,Location.AWAY,Team.UTAH_JAZZ,Outcome.WIN,1850,3,15,2,6,2,2,1,9,4,1,1,1,2,17.0,6.8
sabondo01,Domantas Sabonis,Team.SACRAMENTO_KINGS,Location.HOME,Team.MEMPHIS_GRIZZLIES,Outcome.WIN,724,3,4,0,0,0,1,1,0,4,0,0,1,0,4.0,6.5
sheppbe01,Ben Sheppard,Team.INDIANA_PACERS,Location.AWAY,Team.MINNESOTA_TIMBERWOLVES,Outcome.WIN,1750,1,3,1,2,0,0,2,4,6,0,0,0,4,-1.0,6.5
phillju01,Julian Phillips,Team.CHICAGO_BULLS,Location.AWAY,Team.UTAH_JAZZ,Outcome.WIN,962,2,3,1,2,0,0,1,0,1,2,0,0,2,2.0,6.3
champju02,Julian Champagnie,Team.SAN_ANTONIO_SPURS,Location.AWAY,Team.LOS_ANGELES_LAKERS,Outcome.LOSS,1711,2,8,2,7,0,0,0,4,5,1,1,1,1,-4.0,6.2
kuminjo01,Jonathan Kuminga,Team.GOLDEN_STATE_WARRIORS,Location.HOME,Team.DENVER_NUGGETS,Outcome.LOSS,1656,4,11,0,2,5,8,0,3,4,1,0,3,3,6.0,6.2
bantoda01,Dalano Banton,Team.PORTLAND_TRAIL_BLAZERS,Location.HOME,Team.WASHINGTON_WIZARDS,Outcome.WIN,1229,0,2,0,1,0,0,0,1,5,3,1,0,0,-6.0,6.1
barneha02,Harrison Barnes,Team.SAN_ANTONIO_SPURS,Location.AWAY,Team.LOS_ANGELES_LAKERS,Outcome.LOSS,1158,3,6,1,2,0,0,1,1,3,0,0,1,0,-13.0,6.1
kesslwa01,Walker Kessler,Team.UTAH_JAZZ,Location.HOME,Team.CHICAGO_BULLS,Outcome.LOSS,1846,3,11,0,5,1,1,2,10,1,0,3,0,4,-9.0,6.1
martico01,Cody Martin,Team.PHOENIX_SUNS,Location.HOME,Team.TORONTO_RAPTORS,Outcome.WIN,1146,1,6,0,3,0,0,2,3,6,3,0,0,4,24.0,6.1
dowtije01,Jeff Dowtin,Team.PHILADELPHIA_76ERS,Location.AWAY,Team.HOUSTON_ROCKETS,Outcome.LOSS,952,4,8,3,5,0,0,0,3,2,0,0,3,1,-7.0,5.9
jonessp01,Spencer Jones,Team.DENVER_NUGGETS,Location.AWAY,Team.GOLDEN_STATE_WARRIORS,Outcome.WIN,1132,3,4,0,1,0,0,1,0,1,1,1,0,4,3.0,5.9
barnesc01,Scottie Barnes,Team.TORONTO_RAPTORS,Location.AWAY,Team.PHOENIX_SUNS,Outcome.LOSS,1833,5,13,1,2,5,8,2,2,3,0,0,5,3,-21.0,5.6
cancavl01,Vlatko Čančar,Team.DENVER_NUGGETS,Location.AWAY,Team.GOLDEN_STATE_WARRIORS,Outcome.WIN,1434,2,4,1,2,0,0,3,5,2,1,0,3,1,3.0,5.6
harrito02,Tobias Harris,Team.DETROIT_PISTONS,Location.AWAY,Team.NEW_ORLEANS_PELICANS,Outcome.WIN,1518,3,8,0,4,3,4,1,5,0,0,0,0,2,16.0,5.6
shamela01,Landry Shamet,Team.NEW_YORK_KNICKS,Location.HOME,Team.MIAMI_HEAT,Outcome.WIN,1512,3,9,3,6,0,0,1,2,0,2,0,1,2,14.0,5.4
jacksja02,Jaren Jackson Jr.,Team.MEMPHIS_GRIZZLIES,Location.AWAY,Team.SACRAMENTO_KINGS,Outcome.LOSS,1867,5,11,0,2,2,2,0,3,3,1,0,3,5,0.0,5.3
lylestr01,Trey Lyles,Team.SACRAMENTO_KINGS,Location.HOME,Team.MEMPHIS_GRIZZLIES,Outcome.WIN,1187,2,4,0,1,1,2,1,8,0,1,0,1,1,-5.0,5.3
cartede02,Devin Carter,Team.SACRAMENTO_KINGS,Location.HOME,Team.MEMPHIS_GRIZZLIES,Outcome.WIN,631,0,1,0,0,2,6,0,1,2,4,0,0,1,12.0,5.0
juzanjo01,Johnny Juzang,Team.UTAH_JAZZ,Location.HOME,Team.CHICAGO_BULLS,Outcome.LOSS,942,3,6,2,4,0,0,0,2,0,1,0,0,4,-18.0,5.0
brissos01,Oshae Brissett,Team.PHILADELPHIA_76ERS,Location.AWAY,Team.HOUSTON_ROCKETS,Outcome.LOSS,2571,4,9,1,4,2,5,2,3,2,0,2,4,4,3.0,4.6
vanvlfr01,Fred VanVleet,Team.HOUSTON_ROCKETS,Location.HOME,Team.PHILADELPHIA_76ERS,Outcome.WIN,2307,1,6,1,5,0,0,0,7,5,2,2,2,4,-7.0,4.6
filipky01,Kyle Filipowski,Team.UTAH_JAZZ,Location.HOME,Team.CHICAGO_BULLS,Outcome.LOSS,1427,4,9,0,4,0,0,0,5,1,0,0,1,0,-5.0,4.5
hardati02,Tim Hardaway Jr.,Team.DETROIT_PISTONS,Location.AWAY,Team.NEW_ORLEANS_PELICANS,Outcome.WIN,1260,3,8,2,5,0,0,0,3,0,0,0,0,0,6.0,4.5
bolbo01,Bol Bol,Team.PHOENIX_SUNS,Location.HOME,Team.TORONTO_RAPTORS,Outcome.WIN,332,2,2,0,0,0,0,0,1,1,0,0,0,0,8.0,4.4
georgky01,Kyshawn George,Team.WASHINGTON_WIZARDS,Location.AWAY,Team.PORTLAND_TRAIL_BLAZERS,Outcome.LOSS,1170,5,11,1,3,0,0,0,3,0,0,0,1,2,-4.0,4.4
gillan01,Anthony Gill,Team.WASHINGTON_WIZARDS,Location.AWAY,Team.PORTLAND_TRAIL_BLAZERS,Outcome.LOSS,1285,3,5,0,0,1,2,0,4,1,0,0,1,2,-4.0,4.4
hendesc01,Scoot Henderson,Team.PORTLAND_TRAIL_BLAZERS,Location.HOME,Team.WASHINGTON_WIZARDS,Outcome.WIN,1869,5,14,1,5,0,0,2,3,3,0,0,2,3,17.0,4.4
reedpa01,Paul Reed,Team.DETROIT_PISTONS,Location.AWAY,Team.NEW_ORLEANS_PELICANS,Outcome.WIN,623,1,2,1,1,0,0,2,2,1,2,0,2,1,18.0,4.3
walkeja02,Jarace Walker,Team.INDIANA_PACERS,Location.AWAY,Team.MINNESOTA_TIMBERWOLVES,Outcome.WIN,2104,5,12,3,8,0,0,1,4,1,2,0,5,5,2.0,4.2
postqu01,Quinten Post,Team.GOLDEN_STATE_WARRIORS,Location.HOME,Team.DENVER_NUGGETS,Outcome.LOSS,506,2,3,0,1,0,0,0,1,0,1,0,0,0,-9.0,4.0
reeseal01,Alex Reese,Team.PHILADELPHIA_76ERS,Location.AWAY,Team.HOUSTON_ROCKETS,Outcome.LOSS,789,2,4,2,4,0,0,0,1,0,0,0,0,1,8.0,3.9
anderky01,Kyle Anderson,Team.MIAMI_HEAT,Location.AWAY,Team.NEW_YORK_KNICKS,Outcome.LOSS,1013,3,6,0,0,1,1,0,1,1,0,0,0,3,-11.0,3.8
carrica01,Bub Carrington,Team.WASHINGTON_WIZARDS,Location.AWAY,Team.PORTLAND_TRAIL_BLAZERS,Outcome.LOSS,1529,1,7,0,4,1,2,0,4,8,0,1,1,2,-14.0,3.8
okekech01,Chuma Okeke,Team.PHILADELPHIA_76ERS,Location.AWAY,Team.HOUSTON_ROCKETS,Outcome.LOSS,1040,1,2,0,1,0,0,3,0,1,1,0,1,0,-3.0,3.8
bryanth01,Thomas Bryant,Team.INDIANA_PACERS,Location.AWAY,Team.MINNESOTA_TIMBERWOLVES,Outcome.WIN,1959,4,12,1,7,1,1,1,6,0,1,2,4,1,3.0,3.7
kolokch01,Christian Koloko,Team.LOS_ANGELES_LAKERS,Location.HOME,Team.SAN_ANTONIO_SPURS,Outcome.WIN,530,2,2,0,0,0,0,0,2,1,0,0,1,0,-4.0,3.7
payneca01,Cameron Payne,Team.NEW_YORK_KNICKS,Location.HOME,Team.MIAMI_HEAT,Outcome.WIN,1115,3,8,1,1,0,0,1,1,5,0,0,3,1,12.0,3.7
washity02,TyTy Washington Jr.,Team.PHOENIX_SUNS,Location.HOME,Team.TORONTO_RAPTORS,Outcome.WIN,371,1,2,1,2,0,0,0,0,3,0,0,0,1,10.0,3.7
robinje02,Jeremiah Robinson-Earl,Team.NEW_ORLEANS_PELICANS,Location.HOME,Team.DETROIT_PISTONS,Outcome.LOSS,1101,3,4,0,1,0,0,0,1,1,1,0,2,2,-30.0,3.6
biyombi01,Bismack Biyombo,Team.SAN_ANTONIO_SPURS,Location.AWAY,Team.LOS_ANGELES_LAKERS,Outcome.LOSS,1191,2,3,0,0,0,0,0,4,1,0,0,0,3,-7.0,3.4
champju01,Justin Champagnie,Team.WASHINGTON_WIZARDS,Location.AWAY,Team.PORTLAND_TRAIL_BLAZERS,Outcome.LOSS,1143,2,9,1,4,0,0,2,3,2,1,0,0,2,-9.0,3.4
miltosh01,Shake Milton,Team.LOS_ANGELES_LAKERS,Location.HOME,Team.SAN_ANTONIO_SPURS,Outcome.WIN,423,1,1,0,0,0,0,0,0,1,1,0,0,0,4.0,3.4
clarkja02,Jaylen Clark,Team.MINNESOTA_TIMBERWOLVES,Location.HOME,Team.INDIANA_PACERS,Outcome.LOSS,510,1,3,0,0,0,0,1,1,0,2,0,0,0,2.0,3.3
achiupr01,Precious Achiuwa,Team.NEW_YORK_KNICKS,Location.HOME,Team.MIAMI_HEAT,Outcome.WIN,601,2,3,0,0,0,0,0,3,0,0,0,0,1,10.0,3.2
middlkh01,Khris Middleton,Team.WASHINGTON_WIZARDS,Location.AWAY,Team.PORTLAND_TRAIL_BLAZERS,Outcome.LOSS,631,2,3,0,0,0,0,0,3,0,0,0,0,1,-5.0,3.2
beaslma01,Malik Beasley,Team.DETROIT_PISTONS,Location.AWAY,Team.NEW_ORLEANS_PELICANS,Outcome.WIN,1461,4,14,3,12,0,0,1,3,3,0,0,3,1,31.0,3.1
sassema01,Marcus Sasser,Team.DETROIT_PISTONS,Location.AWAY,Team.NEW_ORLEANS_PELICANS,Outcome.WIN,418,1,3,1,3,0,0,1,1,1,0,0,0,0,15.0,3.0
gilleco01,Collin Gillespie,Team.PHOENIX_SUNS,Location.HOME,Team.TORONTO_RAPTORS,Outcome.WIN,978,1,4,1,3,0,0,0,2,2,0,1,0,1,-1.0,2.9
anunoog01,OG Anunoby,Team.NEW_YORK_KNICKS,Location.HOME,Team.MIAMI_HEAT,Outcome.WIN,1902,3,13,1,6,2,2,0,1,2,1,2,1,4,-1.0,2.6
jonesco02,Colby Jones,Team.WASHINGTON_WIZARDS,Location.AWAY,Team.PORTLAND_TRAIL_BLAZERS,Outcome.LOSS,1486,1,4,0,2,0,0,2,2,3,0,1,1,2,-16.0,2.6
larsspe01,Pelle Larsson,Team.MIAMI_HEAT,Location.AWAY,Team.NEW_YORK_KNICKS,Outcome.LOSS,837,1,2,1,1,1,2,0,3,0,0,0,1,0,-5.0,2.5
johnsaj01,AJ Johnson,Team.WASHINGTON_WIZARDS,Location.AWAY,Team.PORTLAND_TRAIL_BLAZERS,Outcome.LOSS,2087,3,8,1,4,1,2,0,7,4,0,1,6,1,-3.0,2.4
kolekty01,Tyler Kolek,Team.NEW_YORK_KNICKS,Location.HOME,Team.MIAMI_HEAT,Outcome.WIN,174,1,1,0,0,0,0,0,0,1,0,0,0,0,-2.0,2.4
watsoan02,Anton Watson,Team.NEW_YORK_KNICKS,Location.HOME,Team.MIAMI_HEAT,Outcome.WIN,174,1,1,0,0,0,0,0,0,1,0,0,0,0,-2.0,2.4
freemen01,Enrique Freeman,Team.INDIANA_PACERS,Location.AWAY,Team.MINNESOTA_TIMBERWOLVES,Outcome.WIN,0,0,0,0,0,2,2,0,0,0,0,0,0,0,0.0,2.0
jamesbr02,Bronny James,Team.LOS_ANGELES_LAKERS,Location.HOME,Team.SAN_ANTONIO_SPURS,Outcome.WIN,150,1,2,1,2,0,0,0,0,0,0,0,0,0,-2.0,2.0
mogbojo01,Jonathan Mogbo,Team.TORONTO_RAPTORS,Location.AWAY,Team.PHOENIX_SUNS,Outcome.LOSS,1610,1,7,0,0,0,0,2,4,2,0,0,0,0,-12.0,1.5
leeda03,Damion Lee,Team.PHOENIX_SUNS,Location.HOME,Team.TORONTO_RAPTORS,Outcome.WIN,332,1,1,0,0,0,0,0,0,1,0,0,1,0,8.0,1.4
pottemi01,Micah Potter,Team.UTAH_JAZZ,Location.HOME,Team.CHICAGO_BULLS,Outcome.LOSS,1386,0,2,0,2,2,2,1,6,1,0,0,2,1,1.0,1.4
bambamo01,Mo Bamba,Team.NEW_ORLEANS_PELICANS,Location.HOME,Team.DETROIT_PISTONS,Outcome.LOSS,483,0,1,0,1,0,0,2,2,1,0,0,1,0,-15.0,1.0
micicva01,Vasilije Micić,Team.PHOENIX_SUNS,Location.HOME,Team.TORONTO_RAPTORS,Outcome.WIN,332,0,0,0,0,0,0,0,2,0,0,0,0,0,8.0,0.6
templga01,Garrett Temple,Team.TORONTO_RAPTORS,Location.AWAY,Team.PHOENIX_SUNS,Outcome.LOSS,1416,1,6,1,4,2,2,0,2,0,1,0,1,3,-23.0,0.6
vandeja01,Jarred Vanderbilt,Team.LOS_ANGELES_LAKERS,Location.HOME,Team.SAN_ANTONIO_SPURS,Outcome.WIN,894,1,2,0,0,0,0,0,1,1,0,0,1,1,-2.0,0.6
waterli01,Lindy Waters III,Team.DETROIT_PISTONS,Location.AWAY,Team.NEW_ORLEANS_PELICANS,Outcome.WIN,383,0,2,0,1,0,0,0,2,2,1,0,1,0,16.0,0.6
highsha01,Haywood Highsmith,Team.MIAMI_HEAT,Location.AWAY,Team.NEW_YORK_KNICKS,Outcome.LOSS,1632,1,5,0,2,0,0,0,2,2,2,0,2,1,3.0,0.5
sheadja01,Jamal Shead,Team.TORONTO_RAPTORS,Location.AWAY,Team.PHOENIX_SUNS,Outcome.LOSS,1389,1,8,0,5,1,1,0,1,4,1,0,1,1,-25.0,0.5
hieldbu01,Buddy Hield,Team.GOLDEN_STATE_WARRIORS,Location.HOME,Team.DENVER_NUGGETS,Outcome.LOSS,1259,1,4,0,3,0,0,0,0,1,0,0,0,0,0.0,0.3
crawfis01,Isaiah Crawford,Team.SACRAMENTO_KINGS,Location.HOME,Team.MEMPHIS_GRIZZLIES,Outcome.WIN,8,0,0,0,0,1,2,0,0,0,0,0,0,1,2.0,0.2
willipa01,Patrick Williams,Team.CHICAGO_BULLS,Location.AWAY,Team.UTAH_JAZZ,Outcome.WIN,1212,2,10,0,3,1,2,2,4,2,1,0,2,3,1.0,0.2
adamsst01,Steven Adams,Team.HOUSTON_ROCKETS,Location.HOME,Team.PHILADELPHIA_76ERS,Outcome.WIN,2,0,0,0,0,0,0,0,0,0,0,0,0,0,2.0,0.0
minayju01,Justin Minaya,Team.PORTLAND_TRAIL_BLAZERS,Location.HOME,Team.WASHINGTON_WIZARDS,Outcome.WIN,75,0,0,0,0,0,0,0,0,0,0,0,0,0,0.0,0.0
huffja01,Jay Huff,Team.MEMPHIS_GRIZZLIES,Location.AWAY,Team.SACRAMENTO_KINGS,Outcome.LOSS,215,0,1,0,1,0,0,0,2,0,0,0,0,0,3.0,-0.1
willivi01,Vince Williams Jr.,Team.MEMPHIS_GRIZZLIES,Location.AWAY,Team.SACRAMENTO_KINGS,Outcome.LOSS,1004,0,3,0,3,2,2,0,3,0,1,1,2,2,-15.0,-0.3
hortota01,Talen Horton-Tucker,Team.CHICAGO_BULLS,Location.AWAY,Team.UTAH_JAZZ,Outcome.WIN,374,0,3,0,1,1,2,0,1,0,1,0,0,1,-5.0,-0.6
plumlma01,Mason Plumlee,Team.PHOENIX_SUNS,Location.HOME,Team.TORONTO_RAPTORS,Outcome.WIN,256,0,0,0,0,0,0,1,3,0,0,0,2,1,-3.0,-0.8
murphtr02,Trey Murphy III,Team.NEW_ORLEANS_PELICANS,Location.HOME,Team.DETROIT_PISTONS,Outcome.LOSS,49,0,0,0,0,0,0,0,0,0,0,0,1,0,-1.0,-1.0
brownbr01,Bruce Brown,Team.NEW_ORLEANS_PELICANS,Location.HOME,Team.DETROIT_PISTONS,Outcome.LOSS,943,1,4,0,0,0,0,1,0,0,0,0,1,1,-19.0,-1.1
dadiepa01,Pacome Dadiet,Team.NEW_YORK_KNICKS,Location.HOME,Team.MIAMI_HEAT,Outcome.WIN,174,0,1,0,1,0,0,0,0,0,0,0,0,1,-2.0,-1.1
mccolcj01,CJ McCollum,Team.NEW_ORLEANS_PELICANS,Location.HOME,Team.DETROIT_PISTONS,Outcome.LOSS,1828,1,15,0,7,1,5,2,2,5,2,0,0,0,-19.0,-1.2
pickeja02,Jalen Pickett,Team.DENVER_NUGGETS,Location.AWAY,Team.GOLDEN_STATE_WARRIORS,Outcome.WIN,659,1,6,1,4,0,0,0,1,2,1,0,2,3,-6.0,-1.3
santogu01,Gui Santos,Team.GOLDEN_STATE_WARRIORS,Location.HOME,Team.DENVER_NUGGETS,Outcome.LOSS,867,0,1,0,1,0,0,1,3,0,0,1,3,1,-4.0,-1.8
hawkijo01,Jordan Hawkins,Team.NEW_ORLEANS_PELICANS,Location.HOME,Team.DETROIT_PISTONS,Outcome.LOSS,1670,2,11,2,7,0,0,0,2,1,0,1,3,0,-42.0,-1.9
alvarjo01,Jose Alvarado,Team.NEW_ORLEANS_PELICANS,Location.HOME,Team.DETROIT_PISTONS,Outcome.LOSS,1691,1,10,1,9,0,1,0,1,4,0,0,0,3,-21.0,-2.1
roziete01,Terry Rozier,Team.MIAMI_HEAT,Location.AWAY,Team.NEW_YORK_KNICKS,Outcome.LOSS,337,0,3,0,2,0,0,0,0,1,0,0,1,0,-15.0,-2.4
mcgowbr01,Bryce McGowens,Team.PORTLAND_TRAIL_BLAZERS,Location.HOME,Team.WASHINGTON_WIZARDS,Outcome.WIN,273,0,4,0,1,0,0,0,1,0,0,0,0,0,3.0,-2.5
willico04,Cody Williams,Team.UTAH_JAZZ,Location.HOME,Team.CHICAGO_BULLS,Outcome.LOSS,1643,2,8,1,5,0,2,0,3,2,0,0,3,3,-7.0,-2.5
reevean01,Antonio Reeves,Team.NEW_ORLEANS_PELICANS,Location.HOME,Team.DETROIT_PISTONS,Outcome.LOSS,1023,1,6,1,4,0,0,0,0,0,1,0,3,1,-22.0,-3.2
colliza01,Zach Collins,Team.CHICAGO_BULLS,Location.AWAY,Team.UTAH_JAZZ,Outcome.WIN,1030,0,6,0,3,0,0,2,1,1,1,0,2,2,-3.0,-3.6
stevela01,Lamar Stevens,Team.MEMPHIS_GRIZZLIES,Location.AWAY,Team.SACRAMENTO_KINGS,Outcome.LOSS,208,0,2,0,0,0,0,0,1,0,0,0,3,2,-7.0,-4.9
