slug,name,team,location,opponent,outcome,seconds_played,made_field_goals,attempted_field_goals,made_three_point_field_goals,attempted_three_point_field_goals,made_free_throws,attempted_free_throws,offensive_rebounds,defensive_rebounds,assists,steals,blocks,turnovers,personal_fouls,plus_minus,game_score
davisan02,Anthony Davis,Team.DALLAS_MAVERICKS,Location.HOME,Team.ATLANTA_HAWKS,Outcome.WIN,1794,14,23,2,4,4,4,2,13,2,1,5,4,2,3.0,29.9
gilgesh01,Shai Gilgeous-Alexander,Team.OKLAHOMA_CITY_THUNDER,Location.HOME,Team.DETROIT_PISTONS,Outcome.WIN,2123,10,26,2,7,11,12,2,4,3,3,2,1,1,30.0,26.1
halibty01,Tyrese Haliburton,Team.INDIANA_PACERS,Location.HOME,Team.CHARLOTTE_HORNETS,Outcome.WIN,2026,9,15,4,6,0,0,0,1,10,2,2,0,0,14.0,25.8
herroty01,Tyler Herro,Team.MIAMI_HEAT,Location.AWAY,Team.BOSTON_CELTICS,Outcome.WIN,2281,7,18,2,6,9,10,1,5,9,2,0,0,1,18.0,24.9
colliis01,Isaiah Collier,Team.UTAH_JAZZ,Location.AWAY,Team.HOUSTON_ROCKETS,Outcome.LOSS,1949,7,11,2,5,6,8,0,5,10,0,1,0,2,-16.0,24.7
holmgch01,Chet Holmgren,Team.OKLAHOMA_CITY_THUNDER,Location.HOME,Team.DETROIT_PISTONS,Outcome.WIN,1975,7,14,0,5,8,9,3,8,4,2,6,2,4,16.0,24.5
mitchdo01,Donovan Mitchell,Team.CLEVELAND_CAVALIERS,Location.HOME,Team.NEW_YORK_KNICKS,Outcome.WIN,1811,10,18,3,7,4,4,1,5,5,1,3,2,3,20.0,24.0
westbru01,Russell Westbrook,Team.DENVER_NUGGETS,Location.HOME,Team.SAN_ANTONIO_SPURS,Outcome.LOSS,2395,11,25,3,10,5,6,1,10,6,3,0,4,0,0.0,23.4
derozde01,DeMar DeRozan,Team.SACRAMENTO_KINGS,Location.AWAY,Team.WASHINGTON_WIZARDS,Outcome.LOSS,2375,10,23,1,5,8,12,3,4,8,0,1,1,2,4.0,23.1
leonaka01,Kawhi Leonard,Team.LOS_ANGELES_CLIPPERS,Location.HOME,Team.NEW_ORLEANS_PELICANS,Outcome.WIN,2293,11,18,3,5,3,4,0,3,3,2,0,1,2,14.0,22.6
hardeja01,James Harden,Team.LOS_ANGELES_CLIPPERS,Location.HOME,Team.NEW_ORLEANS_PELICANS,Outcome.WIN,2030,7,14,1,6,6,8,0,0,10,1,3,2,0,13.0,21.3
zubaciv01,Ivica Zubac,Team.LOS_ANGELES_CLIPPERS,Location.HOME,Team.NEW_ORLEANS_PELICANS,Outcome.WIN,1987,6,8,0,0,5,6,2,8,6,0,0,1,1,18.0,20.0
pickeja02,Jalen Pickett,Team.DENVER_NUGGETS,Location.HOME,Team.SAN_ANTONIO_SPURS,Outcome.LOSS,2108,6,13,3,6,2,2,3,8,10,1,0,3,0,-3.0,19.8
okongon01,Onyeka Okongwu,Team.ATLANTA_HAWKS,Location.AWAY,Team.DALLAS_MAVERICKS,Outcome.LOSS,2406,7,15,1,4,5,7,3,11,2,2,2,1,3,6.0,19.5
youngtr01,Trae Young,Team.ATLANTA_HAWKS,Location.AWAY,Team.DALLAS_MAVERICKS,Outcome.LOSS,2377,8,20,2,9,7,7,1,3,12,1,0,5,2,-1.0,19.4
adebaba01,Bam Adebayo,Team.MIAMI_HEAT,Location.AWAY,Team.BOSTON_CELTICS,Outcome.WIN,1841,9,15,2,3,1,1,0,5,6,0,0,0,2,13.0,19.0
allenja01,Jarrett Allen,Team.CLEVELAND_CAVALIERS,Location.HOME,Team.NEW_YORK_KNICKS,Outcome.WIN,1940,10,11,0,0,1,2,3,5,0,1,1,2,3,10.0,19.0
anunoog01,OG Anunoby,Team.NEW_YORK_KNICKS,Location.AWAY,Team.CLEVELAND_CAVALIERS,Outcome.LOSS,2032,9,17,5,8,0,0,2,4,6,0,0,1,4,-14.0,18.9
bridgmi02,Miles Bridges,Team.CHARLOTTE_HORNETS,Location.AWAY,Team.INDIANA_PACERS,Outcome.LOSS,1465,7,10,2,3,2,2,1,3,5,0,1,1,0,11.0,18.6
sabondo01,Domantas Sabonis,Team.SACRAMENTO_KINGS,Location.AWAY,Team.WASHINGTON_WIZARDS,Outcome.LOSS,2126,8,15,1,3,1,1,6,10,7,1,0,4,4,-5.0,18.2
murrake02,Keegan Murray,Team.SACRAMENTO_KINGS,Location.AWAY,Team.WASHINGTON_WIZARDS,Outcome.LOSS,2113,7,14,4,10,0,0,2,3,3,2,1,0,0,-3.0,18.1
hardati02,Tim Hardaway Jr.,Team.DETROIT_PISTONS,Location.AWAY,Team.OKLAHOMA_CITY_THUNDER,Outcome.LOSS,2249,8,14,5,9,2,2,0,3,3,0,0,0,4,-11.0,17.8
poolejo01,Jordan Poole,Team.WASHINGTON_WIZARDS,Location.HOME,Team.SACRAMENTO_KINGS,Outcome.WIN,1465,8,14,2,7,5,5,0,2,2,0,0,0,2,5.0,17.6
sengual01,Alperen Şengün,Team.HOUSTON_ROCKETS,Location.HOME,Team.UTAH_JAZZ,Outcome.WIN,1735,6,12,0,0,3,4,4,10,9,0,1,3,2,29.0,17.6
easonta01,Tari Eason,Team.HOUSTON_ROCKETS,Location.HOME,Team.UTAH_JAZZ,Outcome.WIN,1443,7,8,1,2,0,2,2,7,3,2,2,2,3,33.0,17.2
barneha02,Harrison Barnes,Team.SAN_ANTONIO_SPURS,Location.AWAY,Team.DENVER_NUGGETS,Outcome.WIN,1877,8,15,3,8,1,1,0,8,3,1,0,1,1,9.0,16.8
brownja02,Jaylen Brown,Team.BOSTON_CELTICS,Location.HOME,Team.MIAMI_HEAT,Outcome.LOSS,1727,10,20,2,6,2,3,2,7,4,0,0,3,2,0.0,16.1
daniedy01,Dyson Daniels,Team.ATLANTA_HAWKS,Location.AWAY,Team.DALLAS_MAVERICKS,Outcome.LOSS,1973,7,12,3,4,0,0,2,4,5,1,0,2,1,0.0,16.1
curryse01,Seth Curry,Team.CHARLOTTE_HORNETS,Location.AWAY,Team.INDIANA_PACERS,Outcome.LOSS,1792,6,7,2,2,2,2,0,4,2,1,0,1,1,-4.0,15.7
anderky01,Kyle Anderson,Team.MIAMI_HEAT,Location.AWAY,Team.BOSTON_CELTICS,Outcome.WIN,1427,7,11,1,2,4,4,1,0,1,1,0,1,0,17.0,15.5
castlst01,Stephon Castle,Team.SAN_ANTONIO_SPURS,Location.AWAY,Team.DENVER_NUGGETS,Outcome.WIN,1977,6,18,2,6,1,2,5,10,9,0,0,1,2,-3.0,15.4
larsspe01,Pelle Larsson,Team.MIAMI_HEAT,Location.AWAY,Team.BOSTON_CELTICS,Outcome.WIN,1814,4,9,2,3,6,7,3,1,4,1,0,1,2,13.0,15.3
mitchda01,Davion Mitchell,Team.MIAMI_HEAT,Location.AWAY,Team.BOSTON_CELTICS,Outcome.WIN,2016,5,10,3,6,0,0,1,3,7,3,0,1,3,21.0,15.3
dinwisp01,Spencer Dinwiddie,Team.DALLAS_MAVERICKS,Location.HOME,Team.ATLANTA_HAWKS,Outcome.WIN,1988,5,11,2,5,2,2,0,4,10,2,0,3,1,-1.0,15.1
garlada01,Darius Garland,Team.CLEVELAND_CAVALIERS,Location.HOME,Team.NEW_YORK_KNICKS,Outcome.WIN,1940,8,15,1,4,0,0,3,1,6,1,0,1,3,10.0,15.1
wallaca01,Cason Wallace,Team.OKLAHOMA_CITY_THUNDER,Location.HOME,Team.DETROIT_PISTONS,Outcome.WIN,1915,6,10,1,3,0,0,4,1,4,3,0,1,3,11.0,15.1
willija06,Jalen Williams,Team.OKLAHOMA_CITY_THUNDER,Location.HOME,Team.DETROIT_PISTONS,Outcome.WIN,1965,9,17,2,6,3,6,0,5,3,0,1,2,2,8.0,15.0
kornelu01,Luke Kornet,Team.BOSTON_CELTICS,Location.HOME,Team.MIAMI_HEAT,Outcome.LOSS,1289,7,9,0,0,0,0,6,0,2,0,0,0,3,4.0,14.9
paulch01,Chris Paul,Team.SAN_ANTONIO_SPURS,Location.AWAY,Team.DENVER_NUGGETS,Outcome.WIN,1909,7,15,3,7,0,0,0,5,8,1,2,3,3,6.0,14.6
thompkl01,Klay Thompson,Team.DALLAS_MAVERICKS,Location.HOME,Team.ATLANTA_HAWKS,Outcome.WIN,1749,6,11,5,9,0,0,0,4,2,1,1,1,1,-2.0,14.6
greenja05,Jalen Green,Team.HOUSTON_ROCKETS,Location.HOME,Team.UTAH_JAZZ,Outcome.WIN,1685,7,15,4,7,4,6,0,4,2,1,0,1,4,18.0,14.5
whitede01,Derrick White,Team.BOSTON_CELTICS,Location.HOME,Team.MIAMI_HEAT,Outcome.LOSS,1867,5,11,2,7,4,5,2,2,6,1,2,4,0,-14.0,14.5
sheppre01,Reed Sheppard,Team.HOUSTON_ROCKETS,Location.HOME,Team.UTAH_JAZZ,Outcome.WIN,539,5,7,5,7,0,0,0,3,2,0,0,0,0,12.0,14.4
mamuksa01,Sandro Mamukelashvili,Team.SAN_ANTONIO_SPURS,Location.AWAY,Team.DENVER_NUGGETS,Outcome.WIN,1384,5,11,2,5,4,4,3,7,0,1,0,1,1,18.0,14.1
vukcetr01,Tristan Vukcevic,Team.WASHINGTON_WIZARDS,Location.HOME,Team.SACRAMENTO_KINGS,Outcome.WIN,1326,6,13,2,4,3,5,2,6,3,0,1,1,1,1.0,14.1
carrica01,Bub Carrington,Team.WASHINGTON_WIZARDS,Location.HOME,Team.SACRAMENTO_KINGS,Outcome.WIN,2473,6,13,5,11,2,2,0,2,7,0,0,3,2,7.0,14.0
sextoco01,Collin Sexton,Team.UTAH_JAZZ,Location.AWAY,Team.HOUSTON_ROCKETS,Outcome.LOSS,1463,8,14,1,2,1,1,0,0,4,0,1,1,0,-29.0,13.9
townska01,Karl-Anthony Towns,Team.NEW_YORK_KNICKS,Location.AWAY,Team.CLEVELAND_CAVALIERS,Outcome.LOSS,2012,9,16,1,3,6,7,3,10,1,0,0,7,5,-9.0,13.8
achiupr01,Precious Achiuwa,Team.NEW_YORK_KNICKS,Location.AWAY,Team.CLEVELAND_CAVALIERS,Outcome.LOSS,1286,5,9,0,0,3,4,2,4,1,1,2,0,1,-10.0,13.6
bogdabo01,Bogdan Bogdanović,Team.LOS_ANGELES_CLIPPERS,Location.HOME,Team.NEW_ORLEANS_PELICANS,Outcome.WIN,1533,5,6,4,5,2,2,0,1,1,1,0,1,3,20.0,13.6
turnemy01,Myles Turner,Team.INDIANA_PACERS,Location.HOME,Team.CHARLOTTE_HORNETS,Outcome.WIN,1712,6,10,3,7,0,0,3,6,2,0,2,2,4,3.0,13.5
willima07,Mark Williams,Team.CHARLOTTE_HORNETS,Location.AWAY,Team.INDIANA_PACERS,Outcome.LOSS,1935,6,8,0,1,4,6,3,9,1,0,0,4,0,-15.0,13.5
kesslwa01,Walker Kessler,Team.UTAH_JAZZ,Location.AWAY,Team.HOUSTON_ROCKETS,Outcome.LOSS,1663,5,10,0,1,1,5,5,7,1,2,2,0,2,-31.0,13.3
bryanth01,Thomas Bryant,Team.INDIANA_PACERS,Location.HOME,Team.CHARLOTTE_HORNETS,Outcome.WIN,1168,5,7,1,2,2,2,3,0,1,1,0,0,2,11.0,13.1
jordade01,DeAndre Jordan,Team.DENVER_NUGGETS,Location.HOME,Team.SAN_ANTONIO_SPURS,Outcome.LOSS,2157,2,4,0,0,6,12,4,13,1,1,1,0,4,0.0,13.1
brookdi01,Dillon Brooks,Team.HOUSTON_ROCKETS,Location.HOME,Team.UTAH_JAZZ,Outcome.WIN,1667,9,16,3,8,0,0,1,1,0,0,0,1,1,14.0,13.0
nesmiaa01,Aaron Nesmith,Team.INDIANA_PACERS,Location.HOME,Team.CHARLOTTE_HORNETS,Outcome.WIN,1580,6,12,3,9,1,1,2,1,1,1,0,0,1,-7.0,13.0
alvarjo01,Jose Alvarado,Team.NEW_ORLEANS_PELICANS,Location.AWAY,Team.LOS_ANGELES_CLIPPERS,Outcome.LOSS,1641,7,16,0,5,3,3,1,1,10,1,0,4,2,-5.0,12.8
hartjo01,Josh Hart,Team.NEW_YORK_KNICKS,Location.AWAY,Team.CLEVELAND_CAVALIERS,Outcome.LOSS,2204,8,19,3,9,0,0,2,3,4,2,0,3,1,-14.0,12.6
smithja05,Jabari Smith Jr.,Team.HOUSTON_ROCKETS,Location.HOME,Team.UTAH_JAZZ,Outcome.WIN,1629,6,16,2,9,1,1,3,11,2,0,0,0,1,11.0,12.6
valanjo01,Jonas Valančiūnas,Team.SACRAMENTO_KINGS,Location.AWAY,Team.WASHINGTON_WIZARDS,Outcome.LOSS,754,5,6,0,0,2,2,2,4,0,1,0,0,2,0.0,12.6
thompau01,Ausar Thompson,Team.DETROIT_PISTONS,Location.AWAY,Team.OKLAHOMA_CITY_THUNDER,Outcome.LOSS,1789,5,12,0,1,3,3,3,5,3,3,3,4,3,-14.0,12.2
johnsaj01,AJ Johnson,Team.WASHINGTON_WIZARDS,Location.HOME,Team.SACRAMENTO_KINGS,Outcome.WIN,2191,7,14,2,6,3,4,0,2,6,1,0,3,6,-10.0,12.0
huntede01,De'Andre Hunter,Team.CLEVELAND_CAVALIERS,Location.HOME,Team.NEW_YORK_KNICKS,Outcome.WIN,1534,6,11,2,5,2,2,0,2,0,1,0,0,1,18.0,11.9
brownbr01,Bruce Brown,Team.NEW_ORLEANS_PELICANS,Location.AWAY,Team.LOS_ANGELES_CLIPPERS,Outcome.LOSS,1382,7,12,1,2,1,1,0,5,1,2,0,2,3,3.0,11.4
whitmca01,Cam Whitmore,Team.HOUSTON_ROCKETS,Location.HOME,Team.UTAH_JAZZ,Outcome.WIN,720,4,6,1,2,2,2,0,3,3,0,0,0,0,11.0,11.4
olynyke01,Kelly Olynyk,Team.NEW_ORLEANS_PELICANS,Location.AWAY,Team.LOS_ANGELES_CLIPPERS,Outcome.LOSS,1552,4,7,2,2,2,4,1,3,3,1,0,1,1,0.0,11.2
martike04,KJ Martin,Team.UTAH_JAZZ,Location.AWAY,Team.HOUSTON_ROCKETS,Outcome.LOSS,1241,6,8,0,1,1,1,1,2,2,0,0,1,1,-4.0,11.1
okorois01,Isaac Okoro,Team.CLEVELAND_CAVALIERS,Location.HOME,Team.NEW_YORK_KNICKS,Outcome.WIN,1401,5,10,1,6,0,0,2,4,2,2,0,1,0,13.0,11.0
leverca01,Caris LeVert,Team.ATLANTA_HAWKS,Location.AWAY,Team.DALLAS_MAVERICKS,Outcome.LOSS,1448,4,10,1,4,5,6,1,3,5,0,0,2,1,0.0,10.9
champju01,Justin Champagnie,Team.WASHINGTON_WIZARDS,Location.HOME,Team.SACRAMENTO_KINGS,Outcome.WIN,1820,4,8,0,3,0,2,3,8,3,2,1,1,2,15.0,10.7
thompam01,Amen Thompson,Team.HOUSTON_ROCKETS,Location.HOME,Team.UTAH_JAZZ,Outcome.WIN,1603,4,6,0,0,1,2,2,2,5,0,2,1,3,14.0,10.7
quetane01,Neemias Queta,Team.BOSTON_CELTICS,Location.HOME,Team.MIAMI_HEAT,Outcome.LOSS,1125,3,3,0,0,1,1,2,5,2,0,1,0,2,-15.0,10.3
weslebl01,Blake Wesley,Team.SAN_ANTONIO_SPURS,Location.AWAY,Team.DENVER_NUGGETS,Outcome.WIN,1255,5,6,3,3,2,4,0,2,1,0,0,3,0,5.0,10.3
hardyja02,Jaden Hardy,Team.DALLAS_MAVERICKS,Location.HOME,Team.ATLANTA_HAWKS,Outcome.WIN,1306,5,9,3,4,0,0,0,1,3,1,0,2,0,5.0,10.1
missiyv01,Yves Missi,Team.NEW_ORLEANS_PELICANS,Location.AWAY,Team.LOS_ANGELES_CLIPPERS,Outcome.LOSS,1641,3,8,0,0,0,0,2,10,4,0,3,0,2,-5.0,10.1
durenja01,Jalen Duren,Team.DETROIT_PISTONS,Location.AWAY,Team.OKLAHOMA_CITY_THUNDER,Outcome.LOSS,2010,3,10,0,0,7,10,6,7,3,1,2,6,2,-19.0,10.0
mccontj01,T.J. McConnell,Team.INDIANA_PACERS,Location.HOME,Team.CHARLOTTE_HORNETS,Outcome.WIN,1159,4,10,0,1,0,0,1,3,7,1,1,1,0,18.0,9.8
tysonhu01,Hunter Tyson,Team.DENVER_NUGGETS,Location.HOME,Team.SAN_ANTONIO_SPURS,Outcome.LOSS,1776,7,20,3,9,1,1,3,3,0,0,0,0,0,-7.0,9.8
dortlu01,Luguentz Dort,Team.OKLAHOMA_CITY_THUNDER,Location.HOME,Team.DETROIT_PISTONS,Outcome.WIN,2003,5,11,4,9,0,0,1,6,1,1,0,2,2,18.0,9.7
sarral01,Alex Sarr,Team.WASHINGTON_WIZARDS,Location.HOME,Team.SACRAMENTO_KINGS,Outcome.WIN,1554,6,9,3,5,0,0,0,4,1,1,1,4,3,4.0,9.5
mobleev01,Evan Mobley,Team.CLEVELAND_CAVALIERS,Location.HOME,Team.NEW_YORK_KNICKS,Outcome.WIN,1811,4,11,1,4,4,4,1,3,4,1,1,2,4,20.0,9.4
siakapa01,Pascal Siakam,Team.INDIANA_PACERS,Location.HOME,Team.CHARLOTTE_HORNETS,Outcome.WIN,1698,6,15,1,4,2,4,1,5,1,2,0,1,2,8.0,9.2
diabamo01,Moussa Diabaté,Team.CHARLOTTE_HORNETS,Location.AWAY,Team.INDIANA_PACERS,Outcome.LOSS,795,3,3,0,0,2,2,1,2,0,1,0,0,1,-3.0,9.0
harteis01,Isaiah Hartenstein,Team.OKLAHOMA_CITY_THUNDER,Location.HOME,Team.DETROIT_PISTONS,Outcome.WIN,1399,2,6,0,1,1,2,1,7,6,2,2,1,4,3.0,9.0
krejcvi01,Vit Krejci,Team.ATLANTA_HAWKS,Location.AWAY,Team.DALLAS_MAVERICKS,Outcome.LOSS,947,4,5,3,4,0,0,0,1,0,0,0,0,1,-18.0,9.0
nurkiju01,Jusuf Nurkić,Team.CHARLOTTE_HORNETS,Location.AWAY,Team.INDIANA_PACERS,Outcome.LOSS,1226,5,6,0,1,3,6,1,4,1,0,0,2,3,-3.0,9.0
tatumja01,Jayson Tatum,Team.BOSTON_CELTICS,Location.HOME,Team.MIAMI_HEAT,Outcome.LOSS,1913,4,17,2,9,6,7,0,3,7,1,0,2,3,-11.0,8.9
burksal01,Alec Burks,Team.MIAMI_HEAT,Location.AWAY,Team.BOSTON_CELTICS,Outcome.WIN,1152,4,5,1,2,1,1,0,2,0,0,0,0,0,-9.0,8.7
dunnkr01,Kris Dunn,Team.LOS_ANGELES_CLIPPERS,Location.HOME,Team.NEW_ORLEANS_PELICANS,Outcome.WIN,1162,4,8,3,5,0,0,0,7,1,1,1,2,2,-4.0,8.7
champju02,Julian Champagnie,Team.SAN_ANTONIO_SPURS,Location.AWAY,Team.DENVER_NUGGETS,Outcome.WIN,1893,5,13,2,9,2,2,0,4,2,1,1,1,4,5.0,8.6
gaffoda01,Daniel Gafford,Team.DALLAS_MAVERICKS,Location.HOME,Team.ATLANTA_HAWKS,Outcome.WIN,1211,5,7,0,0,1,2,1,5,0,0,1,0,5,1.0,8.6
marshna01,Naji Marshall,Team.DALLAS_MAVERICKS,Location.HOME,Team.ATLANTA_HAWKS,Outcome.WIN,2077,2,6,0,3,2,2,0,2,8,0,0,0,1,-10.0,8.4
pritcpa01,Payton Pritchard,Team.BOSTON_CELTICS,Location.HOME,Team.MIAMI_HEAT,Outcome.LOSS,1877,4,9,2,6,0,0,2,2,2,0,1,1,0,-7.0,8.4
matkoka01,Karlo Matković,Team.NEW_ORLEANS_PELICANS,Location.AWAY,Team.LOS_ANGELES_CLIPPERS,Outcome.LOSS,1078,5,8,0,1,0,1,1,4,2,2,0,1,5,-13.0,8.3
monkma01,Malik Monk,Team.SACRAMENTO_KINGS,Location.AWAY,Team.WASHINGTON_WIZARDS,Outcome.LOSS,2075,4,13,2,9,3,4,0,3,3,2,0,1,2,3.0,8.3
reedpa01,Paul Reed,Team.DETROIT_PISTONS,Location.AWAY,Team.OKLAHOMA_CITY_THUNDER,Outcome.LOSS,870,3,4,0,0,3,4,2,7,0,1,1,2,5,3.0,8.2
walkeja02,Jarace Walker,Team.INDIANA_PACERS,Location.HOME,Team.CHARLOTTE_HORNETS,Outcome.WIN,1322,3,8,3,5,1,2,0,6,2,0,0,0,1,21.0,8.0
lavinza01,Zach LaVine,Team.SACRAMENTO_KINGS,Location.AWAY,Team.WASHINGTON_WIZARDS,Outcome.LOSS,2099,5,13,2,7,6,7,0,2,2,0,0,3,4,-9.0,7.9
georgke01,Keyonte George,Team.UTAH_JAZZ,Location.AWAY,Team.HOUSTON_ROCKETS,Outcome.LOSS,1649,5,11,3,8,1,1,0,1,0,0,0,1,0,-14.0,7.6
nembhan01,Andrew Nembhard,Team.INDIANA_PACERS,Location.HOME,Team.CHARLOTTE_HORNETS,Outcome.WIN,1721,4,8,1,3,0,0,1,1,2,2,0,1,2,-4.0,7.6
cancavl01,Vlatko Čančar,Team.DENVER_NUGGETS,Location.HOME,Team.SAN_ANTONIO_SPURS,Outcome.LOSS,1525,3,7,2,6,0,0,0,3,2,2,1,1,2,-10.0,7.5
highsha01,Haywood Highsmith,Team.MIAMI_HEAT,Location.AWAY,Team.BOSTON_CELTICS,Outcome.WIN,1550,4,8,2,6,0,0,2,2,0,0,1,0,3,13.0,7.5
landajo01,Jock Landale,Team.HOUSTON_ROCKETS,Location.HOME,Team.UTAH_JAZZ,Outcome.WIN,1186,3,5,0,1,0,0,4,1,2,0,1,1,1,13.0,7.5
wareke01,Kel'el Ware,Team.MIAMI_HEAT,Location.AWAY,Team.BOSTON_CELTICS,Outcome.WIN,1919,2,5,0,0,3,4,2,3,0,1,1,0,1,7.0,7.5
gillan01,Anthony Gill,Team.WASHINGTON_WIZARDS,Location.HOME,Team.SACRAMENTO_KINGS,Outcome.WIN,1864,4,10,2,5,0,0,1,4,1,1,0,0,2,7.0,7.4
wrighde01,Delon Wright,Team.NEW_YORK_KNICKS,Location.AWAY,Team.CLEVELAND_CAVALIERS,Outcome.LOSS,1986,3,9,1,5,0,0,3,0,6,1,0,1,2,-15.0,7.4
schrode01,Dennis Schröder,Team.DETROIT_PISTONS,Location.AWAY,Team.OKLAHOMA_CITY_THUNDER,Outcome.LOSS,2384,6,18,1,7,2,2,0,4,7,0,0,2,4,-18.0,7.3
gueyemo02,Mouhamed Gueye,Team.ATLANTA_HAWKS,Location.AWAY,Team.DALLAS_MAVERICKS,Outcome.LOSS,855,5,13,1,5,0,0,3,2,0,0,1,0,1,8.0,6.9
simpskj01,KJ Simpson,Team.CHARLOTTE_HORNETS,Location.AWAY,Team.INDIANA_PACERS,Outcome.LOSS,1835,4,10,1,4,0,0,0,5,4,0,1,1,2,4.0,6.8
branhma01,Malaki Branham,Team.SAN_ANTONIO_SPURS,Location.AWAY,Team.DENVER_NUGGETS,Outcome.WIN,1215,6,15,1,6,0,0,0,1,2,1,0,0,3,-1.0,6.4
strusma01,Max Strus,Team.CLEVELAND_CAVALIERS,Location.HOME,Team.NEW_YORK_KNICKS,Outcome.WIN,1399,3,5,2,4,0,0,2,3,2,0,0,3,0,1.0,6.4
cainja01,Jamal Cain,Team.NEW_ORLEANS_PELICANS,Location.AWAY,Team.LOS_ANGELES_CLIPPERS,Outcome.LOSS,1284,5,8,0,2,0,0,0,1,1,1,0,1,3,-16.0,6.2
sensabr01,Brice Sensabaugh,Team.UTAH_JAZZ,Location.AWAY,Team.HOUSTON_ROCKETS,Outcome.LOSS,1987,2,10,2,6,4,5,0,3,3,1,0,1,1,-35.0,6.0
bridgmi01,Mikal Bridges,Team.NEW_YORK_KNICKS,Location.AWAY,Team.CLEVELAND_CAVALIERS,Outcome.LOSS,2149,3,6,0,1,2,2,1,1,3,1,0,2,3,-18.0,5.9
livelde01,Dereck Lively II,Team.DALLAS_MAVERICKS,Location.HOME,Team.ATLANTA_HAWKS,Outcome.WIN,953,1,1,0,0,2,4,1,4,1,0,1,0,1,-2.0,5.8
mannte01,Terance Mann,Team.ATLANTA_HAWKS,Location.AWAY,Team.DALLAS_MAVERICKS,Outcome.LOSS,1248,1,4,1,1,2,2,0,3,2,1,0,0,1,11.0,5.5
martica02,Caleb Martin,Team.DALLAS_MAVERICKS,Location.HOME,Team.ATLANTA_HAWKS,Outcome.WIN,1656,2,4,1,1,3,4,0,1,1,2,0,2,3,5.0,5.4
merrisa01,Sam Merrill,Team.CLEVELAND_CAVALIERS,Location.HOME,Team.NEW_YORK_KNICKS,Outcome.WIN,1352,2,4,1,3,0,0,1,3,3,0,0,1,1,8.0,5.3
reevean01,Antonio Reeves,Team.NEW_ORLEANS_PELICANS,Location.AWAY,Team.LOS_ANGELES_CLIPPERS,Outcome.LOSS,1951,5,10,1,4,0,0,0,0,1,0,0,1,1,-9.0,5.3
robinje02,Jeremiah Robinson-Earl,Team.NEW_ORLEANS_PELICANS,Location.AWAY,Team.LOS_ANGELES_CLIPPERS,Outcome.LOSS,1167,1,4,0,2,2,2,1,3,2,1,0,0,1,-11.0,5.2
fontesi01,Simone Fontecchio,Team.DETROIT_PISTONS,Location.AWAY,Team.OKLAHOMA_CITY_THUNDER,Outcome.LOSS,741,1,4,0,2,4,4,0,0,1,0,1,0,0,-7.0,5.0
powelno01,Norman Powell,Team.LOS_ANGELES_CLIPPERS,Location.HOME,Team.NEW_ORLEANS_PELICANS,Outcome.WIN,1856,4,11,1,5,2,2,0,1,1,0,0,1,0,12.0,4.9
harrito02,Tobias Harris,Team.DETROIT_PISTONS,Location.AWAY,Team.OKLAHOMA_CITY_THUNDER,Outcome.LOSS,1312,5,8,0,1,0,0,0,4,2,0,0,3,3,-16.0,4.8
nnajize01,Zeke Nnaji,Team.DENVER_NUGGETS,Location.HOME,Team.SAN_ANTONIO_SPURS,Outcome.LOSS,1359,2,6,1,3,3,4,1,2,1,0,0,1,1,10.0,4.8
chrisma02,Max Christie,Team.DALLAS_MAVERICKS,Location.HOME,Team.ATLANTA_HAWKS,Outcome.WIN,1521,3,10,2,7,3,3,0,3,0,0,0,1,1,9.0,4.7
risacza01,Zaccharie Risacher,Team.ATLANTA_HAWKS,Location.AWAY,Team.DALLAS_MAVERICKS,Outcome.LOSS,1474,4,11,1,3,0,0,1,2,1,1,0,0,3,-5.0,4.7
jonesde02,Derrick Jones Jr.,Team.LOS_ANGELES_CLIPPERS,Location.HOME,Team.NEW_ORLEANS_PELICANS,Outcome.WIN,1139,1,3,0,1,1,2,0,4,1,2,0,0,1,11.0,4.4
mclaujo01,Jordan McLaughlin,Team.SAN_ANTONIO_SPURS,Location.AWAY,Team.DENVER_NUGGETS,Outcome.WIN,1021,1,2,1,2,0,0,0,0,2,1,0,0,0,8.0,4.4
toppiob01,Obi Toppin,Team.INDIANA_PACERS,Location.HOME,Team.CHARLOTTE_HORNETS,Outcome.WIN,1094,3,8,1,5,1,1,0,4,1,0,1,1,2,7.0,4.4
holidaa01,Aaron Holiday,Team.HOUSTON_ROCKETS,Location.HOME,Team.UTAH_JAZZ,Outcome.WIN,798,2,6,2,6,0,0,0,2,2,1,0,1,1,16.0,4.2
paytoel01,Elfrid Payton,Team.NEW_ORLEANS_PELICANS,Location.AWAY,Team.LOS_ANGELES_CLIPPERS,Outcome.LOSS,1239,3,4,0,0,0,0,0,4,4,0,0,4,1,-11.0,4.0
scheiba01,Baylor Scheierman,Team.BOSTON_CELTICS,Location.HOME,Team.MIAMI_HEAT,Outcome.LOSS,1013,1,3,1,3,0,0,2,1,0,1,0,0,0,-7.0,4.0
beaucma01,MarJon Beauchamp,Team.NEW_YORK_KNICKS,Location.AWAY,Team.CLEVELAND_CAVALIERS,Outcome.LOSS,131,1,2,0,1,2,2,1,0,0,0,0,0,0,0.0,3.7
niangge01,Georges Niang,Team.ATLANTA_HAWKS,Location.AWAY,Team.DALLAS_MAVERICKS,Outcome.LOSS,1198,2,6,2,5,0,0,0,2,1,1,0,0,3,-3.0,3.7
batumni01,Nicolas Batum,Team.LOS_ANGELES_CLIPPERS,Location.HOME,Team.NEW_ORLEANS_PELICANS,Outcome.WIN,863,1,4,1,4,0,0,0,1,1,2,0,0,0,6.0,3.6
sheppbe01,Ben Sheppard,Team.INDIANA_PACERS,Location.HOME,Team.CHARLOTTE_HORNETS,Outcome.WIN,832,1,2,1,2,0,0,0,0,2,1,0,0,2,0.0,3.6
thorjt01,JT Thor,Team.WASHINGTON_WIZARDS,Location.HOME,Team.SACRAMENTO_KINGS,Outcome.WIN,1560,1,2,1,2,0,0,1,6,1,1,0,2,2,-2.0,3.4
brookke02,Keion Brooks Jr.,Team.NEW_ORLEANS_PELICANS,Location.AWAY,Team.LOS_ANGELES_CLIPPERS,Outcome.LOSS,1304,3,7,0,3,0,0,1,1,1,1,0,1,2,-15.0,3.2
salauti01,Tidjane Salaün,Team.CHARLOTTE_HORNETS,Location.AWAY,Team.INDIANA_PACERS,Outcome.LOSS,1621,3,8,1,4,0,0,1,4,2,0,0,2,2,-19.0,3.1
hausesa01,Sam Hauser,Team.BOSTON_CELTICS,Location.HOME,Team.MIAMI_HEAT,Outcome.LOSS,1538,2,5,2,5,0,0,1,2,0,0,0,0,4,-13.0,3.0
saricda01,Dario Šarić,Team.DENVER_NUGGETS,Location.HOME,Team.SAN_ANTONIO_SPURS,Outcome.LOSS,447,2,2,0,0,0,0,0,1,1,0,0,1,1,-6.0,3.0
willike04,Kenrich Williams,Team.OKLAHOMA_CITY_THUNDER,Location.HOME,Team.DETROIT_PISTONS,Outcome.WIN,1049,2,6,0,2,0,0,2,2,1,0,0,0,1,0.0,2.9
elliske01,Keon Ellis,Team.SACRAMENTO_KINGS,Location.AWAY,Team.WASHINGTON_WIZARDS,Outcome.LOSS,1326,1,5,0,3,0,0,1,2,0,3,1,1,1,-4.0,2.5
okogijo01,Josh Okogie,Team.CHARLOTTE_HORNETS,Location.AWAY,Team.INDIANA_PACERS,Outcome.LOSS,765,2,6,1,2,0,0,0,1,0,1,0,0,1,-7.0,2.5
jonessp01,Spencer Jones,Team.DENVER_NUGGETS,Location.HOME,Team.SAN_ANTONIO_SPURS,Outcome.LOSS,1436,2,8,0,4,0,0,1,3,2,0,2,0,3,-13.0,2.4
sprinja01,Jaden Springer,Team.UTAH_JAZZ,Location.AWAY,Team.HOUSTON_ROCKETS,Outcome.LOSS,281,1,2,0,1,1,2,1,1,0,0,0,0,1,-1.0,2.2
filipky01,Kyle Filipowski,Team.UTAH_JAZZ,Location.AWAY,Team.HOUSTON_ROCKETS,Outcome.LOSS,1875,3,14,0,6,0,0,2,9,1,2,2,2,4,-16.0,2.0
flowetr01,Trentyn Flowers,Team.LOS_ANGELES_CLIPPERS,Location.HOME,Team.NEW_ORLEANS_PELICANS,Outcome.WIN,161,0,0,0,0,2,2,0,0,0,0,0,0,0,-2.0,2.0
tateja01,Jae'Sean Tate,Team.HOUSTON_ROCKETS,Location.HOME,Team.UTAH_JAZZ,Outcome.WIN,720,1,2,0,1,0,0,2,0,0,0,0,0,1,11.0,2.0
batesem01,Emoni Bates,Team.CLEVELAND_CAVALIERS,Location.HOME,Team.NEW_YORK_KNICKS,Outcome.WIN,131,1,3,1,2,0,0,0,1,0,0,0,0,0,0.0,1.6
joneska01,Kai Jones,Team.DALLAS_MAVERICKS,Location.HOME,Team.ATLANTA_HAWKS,Outcome.WIN,145,1,1,0,0,0,0,0,1,0,0,0,0,1,2.0,1.6
peterdr01,Drew Peterson,Team.BOSTON_CELTICS,Location.HOME,Team.MIAMI_HEAT,Outcome.LOSS,302,1,2,1,2,0,0,0,0,0,0,0,0,1,-6.0,1.6
tomlina01,Nae'Qwan Tomlin,Team.CLEVELAND_CAVALIERS,Location.HOME,Team.NEW_YORK_KNICKS,Outcome.WIN,131,1,3,0,0,0,0,2,1,0,0,0,0,1,0.0,1.6
willije02,Jeenathan Williams,Team.HOUSTON_ROCKETS,Location.HOME,Team.UTAH_JAZZ,Outcome.WIN,278,1,2,0,0,1,2,0,0,0,0,0,0,0,4.0,1.6
shamela01,Landry Shamet,Team.NEW_YORK_KNICKS,Location.AWAY,Team.CLEVELAND_CAVALIERS,Outcome.LOSS,1575,2,7,1,5,0,0,1,1,0,0,0,0,1,-11.0,1.5
jaqueja01,Jaime Jaquez Jr.,Team.MIAMI_HEAT,Location.AWAY,Team.BOSTON_CELTICS,Outcome.WIN,100,0,0,0,0,0,0,1,0,1,0,0,0,0,3.0,1.4
jeffrda01,DaQuan Jeffries,Team.CHARLOTTE_HORNETS,Location.AWAY,Team.INDIANA_PACERS,Outcome.LOSS,1433,3,7,2,4,0,0,0,2,1,0,0,3,3,-10.0,1.4
chrisjo01,Josh Christopher,Team.MIAMI_HEAT,Location.AWAY,Team.BOSTON_CELTICS,Outcome.WIN,100,1,1,1,1,0,0,0,0,0,0,0,1,1,3.0,1.3
holmeri01,Richaun Holmes,Team.WASHINGTON_WIZARDS,Location.HOME,Team.SACRAMENTO_KINGS,Outcome.WIN,147,1,1,0,0,0,0,0,0,0,0,0,0,1,-2.0,1.3
jonesdi01,Dillon Jones,Team.OKLAHOMA_CITY_THUNDER,Location.HOME,Team.DETROIT_PISTONS,Outcome.WIN,623,0,1,0,0,0,0,0,0,2,1,0,0,1,3.0,1.3
greenje02,Jeff Green,Team.HOUSTON_ROCKETS,Location.HOME,Team.UTAH_JAZZ,Outcome.WIN,397,1,3,1,2,0,0,0,1,0,0,0,0,1,4.0,1.2
joeis01,Isaiah Joe,Team.OKLAHOMA_CITY_THUNDER,Location.HOME,Team.DETROIT_PISTONS,Outcome.WIN,1294,1,5,1,5,2,2,0,0,1,0,0,1,1,-9.0,1.2
baldwpa01,Patrick Baldwin Jr.,Team.LOS_ANGELES_CLIPPERS,Location.HOME,Team.NEW_ORLEANS_PELICANS,Outcome.WIN,161,0,0,0,0,0,0,0,1,1,0,0,0,0,-2.0,1.0
beaslma01,Malik Beasley,Team.DETROIT_PISTONS,Location.AWAY,Team.OKLAHOMA_CITY_THUNDER,Outcome.LOSS,1994,4,15,3,10,0,0,0,1,0,0,0,1,1,0.0,1.0
eubandr01,Drew Eubanks,Team.LOS_ANGELES_CLIPPERS,Location.HOME,Team.NEW_ORLEANS_PELICANS,Outcome.WIN,161,1,2,0,0,0,0,0,0,0,0,0,0,0,-2.0,1.0
johnske10,Keshad Johnson,Team.MIAMI_HEAT,Location.AWAY,Team.BOSTON_CELTICS,Outcome.WIN,100,0,0,0,0,0,0,0,0,0,1,0,0,0,3.0,1.0
mykhasv01,Svi Mykhailiuk,Team.UTAH_JAZZ,Location.AWAY,Team.HOUSTON_ROCKETS,Outcome.LOSS,917,1,2,1,2,0,0,0,0,2,1,0,3,1,-20.0,1.0
biyombi01,Bismack Biyombo,Team.SAN_ANTONIO_SPURS,Location.AWAY,Team.DENVER_NUGGETS,Outcome.WIN,1869,0,2,0,0,0,0,0,7,0,0,2,0,3,-12.0,0.9
lylestr01,Trey Lyles,Team.SACRAMENTO_KINGS,Location.AWAY,Team.WASHINGTON_WIZARDS,Outcome.LOSS,1066,0,3,0,2,1,2,2,2,1,1,0,1,1,-6.0,0.8
davisjd01,JD Davison,Team.BOSTON_CELTICS,Location.HOME,Team.MIAMI_HEAT,Outcome.LOSS,302,1,2,0,1,0,0,0,1,1,0,1,2,0,-6.0,0.7
portecr01,Craig Porter Jr.,Team.CLEVELAND_CAVALIERS,Location.HOME,Team.NEW_YORK_KNICKS,Outcome.WIN,373,0,0,0,0,1,2,0,0,0,0,0,0,0,-3.0,0.6
craigto01,Torrey Craig,Team.BOSTON_CELTICS,Location.HOME,Team.MIAMI_HEAT,Outcome.LOSS,1145,1,5,0,3,0,0,2,1,0,0,1,0,2,-24.0,0.5
kolekty01,Tyler Kolek,Team.NEW_YORK_KNICKS,Location.AWAY,Team.CLEVELAND_CAVALIERS,Outcome.LOSS,894,0,4,0,3,1,2,0,0,3,1,0,0,1,-4.0,0.5
waterli01,Lindy Waters III,Team.DETROIT_PISTONS,Location.AWAY,Team.OKLAHOMA_CITY_THUNDER,Outcome.LOSS,1051,1,4,1,3,0,0,0,1,1,0,0,0,3,2.0,0.4
brownko01,Kobe Brown,Team.LOS_ANGELES_CLIPPERS,Location.HOME,Team.NEW_ORLEANS_PELICANS,Outcome.WIN,161,0,0,0,0,0,0,0,1,0,0,0,0,0,-2.0,0.3
watsoan02,Anton Watson,Team.NEW_YORK_KNICKS,Location.AWAY,Team.CLEVELAND_CAVALIERS,Outcome.LOSS,131,0,1,0,1,0,0,0,1,0,1,0,0,1,0.0,0.2
carlsbr01,Branden Carlson,Team.OKLAHOMA_CITY_THUNDER,Location.HOME,Team.DETROIT_PISTONS,Outcome.WIN,27,0,0,0,0,0,0,0,0,0,0,0,0,0,0.0,0.0
flaglad01,Adam Flagler,Team.OKLAHOMA_CITY_THUNDER,Location.HOME,Team.DETROIT_PISTONS,Outcome.WIN,27,0,0,0,0,0,0,0,0,0,0,0,0,0,0.0,0.0
furphjo01,Johnny Furphy,Team.INDIANA_PACERS,Location.HOME,Team.CHARLOTTE_HORNETS,Outcome.WIN,88,0,0,0,0,0,0,0,0,0,0,0,0,0,-1.0,0.0
juzanjo01,Johnny Juzang,Team.UTAH_JAZZ,Location.AWAY,Team.HOUSTON_ROCKETS,Outcome.LOSS,1375,2,12,1,8,0,0,1,1,2,1,0,0,2,-24.0,0.0
quinole01,Lester Quiñones,Team.NEW_ORLEANS_PELICANS,Location.AWAY,Team.LOS_ANGELES_CLIPPERS,Outcome.LOSS,161,0,1,0,1,0,0,0,0,0,0,1,0,0,2.0,0.0
tysonja01,Jaylon Tyson,Team.CLEVELAND_CAVALIERS,Location.HOME,Team.NEW_YORK_KNICKS,Outcome.WIN,131,0,0,0,0,0,0,0,1,1,0,0,1,0,0.0,0.0
steveis01,Isaiah Stevens,Team.MIAMI_HEAT,Location.AWAY,Team.BOSTON_CELTICS,Outcome.WIN,100,0,1,0,1,0,0,0,2,0,0,0,0,0,3.0,-0.1
alexatr01,Trey Alexander,Team.DENVER_NUGGETS,Location.HOME,Team.SAN_ANTONIO_SPURS,Outcome.LOSS,1197,3,11,1,6,0,0,1,1,1,0,0,2,1,-6.0,-0.2
fultzma01,Markelle Fultz,Team.SACRAMENTO_KINGS,Location.AWAY,Team.WASHINGTON_WIZARDS,Outcome.LOSS,466,0,3,0,0,0,0,1,1,1,0,0,0,0,-5.0,-0.4
greenjo02,Josh Green,Team.CHARLOTTE_HORNETS,Location.AWAY,Team.INDIANA_PACERS,Outcome.LOSS,488,1,4,1,2,0,0,0,1,1,0,0,2,0,-6.0,-0.4
travelu01,Luke Travers,Team.CLEVELAND_CAVALIERS,Location.HOME,Team.NEW_YORK_KNICKS,Outcome.WIN,131,0,0,0,0,0,0,0,0,0,0,0,0,1,0.0,-0.4
chrisca02,Cam Christie,Team.LOS_ANGELES_CLIPPERS,Location.HOME,Team.NEW_ORLEANS_PELICANS,Outcome.WIN,161,0,1,0,1,0,0,0,0,0,0,0,0,0,-2.0,-0.7
simmobe01,Ben Simmons,Team.LOS_ANGELES_CLIPPERS,Location.HOME,Team.NEW_ORLEANS_PELICANS,Outcome.WIN,732,0,1,0,0,0,0,0,1,2,0,0,2,0,0.0,-1.0
barlodo01,Dominick Barlow,Team.ATLANTA_HAWKS,Location.AWAY,Team.DALLAS_MAVERICKS,Outcome.LOSS,474,0,1,0,0,0,0,1,0,1,0,0,1,3,-8.0,-1.5
greenja02,Javonte Green,Team.CLEVELAND_CAVALIERS,Location.HOME,Team.NEW_YORK_KNICKS,Outcome.WIN,315,0,3,0,2,0,0,0,0,0,1,0,0,1,-2.0,-1.5
walshjo01,Jordan Walsh,Team.BOSTON_CELTICS,Location.HOME,Team.MIAMI_HEAT,Outcome.LOSS,302,0,1,0,1,0,0,0,0,0,0,0,1,0,-6.0,-1.7
baughda01,Damion Baugh,Team.CHARLOTTE_HORNETS,Location.AWAY,Team.INDIANA_PACERS,Outcome.LOSS,1045,1,9,0,1,0,0,2,0,3,0,0,2,2,-18.0,-3.2
