slug,name,team,location,opponent,outcome,seconds_played,made_field_goals,attempted_field_goals,made_three_point_field_goals,attempted_three_point_field_goals,made_free_throws,attempted_free_throws,offensive_rebounds,defensive_rebounds,assists,steals,blocks,turnovers,personal_fouls,plus_minus,game_score
leonaka01,Kawhi Leonard,Team.LOS_ANGELES_CLIPPERS,Location.AWAY,Team.BROOKLYN_NETS,Outcome.WIN,1615,10,14,5,6,6,6,0,6,2,4,2,1,0,32.0,32.8
jokicni01,Nikola Jokić,Team.DENVER_NUGGETS,Location.HOME,Team.UTAH_JAZZ,Outcome.WIN,1893,8,18,1,5,10,12,5,9,6,4,0,3,0,28.0,28.2
randlju01,Julius Randle,Team.MINNESOTA_TIMBERWOLVES,Location.HOME,Team.PHOENIX_SUNS,Outcome.WIN,1923,9,15,2,4,5,5,1,5,8,1,1,0,1,7.0,27.2
gilleco01,Collin Gillespie,Team.PHOENIX_SUNS,Location.AWAY,Team.MINNESOTA_TIMBERWOLVES,Outcome.LOSS,1574,9,11,4,5,0,0,1,4,10,1,0,1,0,-7.0,26.8
mitchdo01,Donovan Mitchell,Team.CLEVELAND_CAVALIERS,Location.AWAY,Team.DETROIT_PISTONS,Outcome.LOSS,2140,12,24,3,8,11,13,2,3,3,1,0,3,5,-16.0,25.6
antetgi01,Giannis Antetokounmpo,Team.MILWAUKEE_BUCKS,Location.HOME,Team.NEW_YORK_KNICKS,Outcome.LOSS,2092,11,17,0,3,8,11,1,8,7,0,0,2,5,-6.0,25.3
poeltja01,Jakob Poeltl,Team.TORONTO_RAPTORS,Location.HOME,Team.CHARLOTTE_HORNETS,Outcome.WIN,1567,12,14,0,0,0,1,3,9,3,0,1,1,1,9.0,24.8
hardati02,Tim Hardaway Jr.,Team.DETROIT_PISTONS,Location.HOME,Team.CLEVELAND_CAVALIERS,Outcome.WIN,1989,10,18,7,11,5,5,0,1,3,0,0,1,3,14.0,23.6
anunoog01,OG Anunoby,Team.NEW_YORK_KNICKS,Location.AWAY,Team.MILWAUKEE_BUCKS,Outcome.WIN,2154,9,21,3,10,10,10,0,2,2,3,0,1,4,-2.0,22.3
hartjo01,Josh Hart,Team.NEW_YORK_KNICKS,Location.AWAY,Team.MILWAUKEE_BUCKS,Outcome.WIN,2512,5,8,0,2,3,5,4,10,8,2,1,1,2,3.0,20.9
willima07,Mark Williams,Team.CHARLOTTE_HORNETS,Location.AWAY,Team.TORONTO_RAPTORS,Outcome.LOSS,1765,9,9,0,0,0,0,1,11,5,0,1,2,2,-4.0,20.7
zubaciv01,Ivica Zubac,Team.LOS_ANGELES_CLIPPERS,Location.AWAY,Team.BROOKLYN_NETS,Outcome.WIN,1474,9,9,0,0,3,4,0,12,1,0,1,1,3,32.0,20.7
bridgmi01,Mikal Bridges,Team.NEW_YORK_KNICKS,Location.AWAY,Team.MILWAUKEE_BUCKS,Outcome.WIN,2273,12,24,2,6,0,0,0,3,5,2,0,1,0,3.0,19.4
goberru01,Rudy Gobert,Team.MINNESOTA_TIMBERWOLVES,Location.HOME,Team.PHOENIX_SUNS,Outcome.WIN,2260,8,9,0,0,1,2,5,8,1,4,1,4,5,20.0,18.8
butleji01,Jimmy Butler,Team.GOLDEN_STATE_WARRIORS,Location.AWAY,Team.NEW_ORLEANS_PELICANS,Outcome.WIN,2084,6,13,1,6,5,7,7,3,4,1,0,2,0,7.0,18.1
durenja01,Jalen Duren,Team.DETROIT_PISTONS,Location.HOME,Team.CLEVELAND_CAVALIERS,Outcome.WIN,1648,6,9,0,0,4,6,6,7,0,1,1,0,4,15.0,17.7
onealro01,Royce O'Neale,Team.PHOENIX_SUNS,Location.AWAY,Team.MINNESOTA_TIMBERWOLVES,Outcome.LOSS,1440,7,12,7,12,0,0,0,2,2,0,0,0,0,-4.0,17.4
curryst01,Stephen Curry,Team.GOLDEN_STATE_WARRIORS,Location.AWAY,Team.NEW_ORLEANS_PELICANS,Outcome.WIN,2034,7,21,5,16,4,5,0,4,6,3,0,1,2,10.0,17.3
beaslma01,Malik Beasley,Team.DETROIT_PISTONS,Location.HOME,Team.CLEVELAND_CAVALIERS,Outcome.WIN,2178,4,10,3,5,8,8,3,1,4,1,0,1,4,7.0,17.2
brownbr01,Bruce Brown,Team.NEW_ORLEANS_PELICANS,Location.HOME,Team.GOLDEN_STATE_WARRIORS,Outcome.LOSS,1942,6,11,2,4,4,4,2,5,1,2,2,1,4,-7.0,17.1
portemi01,Michael Porter Jr.,Team.DENVER_NUGGETS,Location.HOME,Team.UTAH_JAZZ,Outcome.WIN,1845,7,10,4,7,2,2,0,4,4,0,4,4,4,30.0,17.0
quickim01,Immanuel Quickley,Team.TORONTO_RAPTORS,Location.HOME,Team.CHARLOTTE_HORNETS,Outcome.WIN,1638,6,15,5,8,2,2,0,1,9,1,0,1,2,9.0,16.7
thompau01,Ausar Thompson,Team.DETROIT_PISTONS,Location.HOME,Team.CLEVELAND_CAVALIERS,Outcome.WIN,1899,8,18,0,2,2,2,3,7,2,2,4,2,2,15.0,16.2
schrode01,Dennis Schröder,Team.DETROIT_PISTONS,Location.HOME,Team.CLEVELAND_CAVALIERS,Outcome.WIN,2352,5,14,1,5,6,7,2,5,10,1,0,2,5,16.0,15.7
filipky01,Kyle Filipowski,Team.UTAH_JAZZ,Location.AWAY,Team.DENVER_NUGGETS,Outcome.LOSS,2056,7,12,1,6,3,5,2,11,1,2,0,3,3,-17.0,14.8
hardeja01,James Harden,Team.LOS_ANGELES_CLIPPERS,Location.AWAY,Team.BROOKLYN_NETS,Outcome.WIN,1731,6,10,2,5,3,3,0,2,6,0,0,2,1,34.0,14.8
duranke01,Kevin Durant,Team.PHOENIX_SUNS,Location.AWAY,Team.MINNESOTA_TIMBERWOLVES,Outcome.LOSS,2053,7,19,3,6,6,6,0,6,2,2,2,4,1,-10.0,14.7
rolliry01,Ryan Rollins,Team.MILWAUKEE_BUCKS,Location.HOME,Team.NEW_YORK_KNICKS,Outcome.LOSS,2064,8,12,3,4,1,2,0,5,4,0,0,4,0,7.0,14.7
kuminjo01,Jonathan Kuminga,Team.GOLDEN_STATE_WARRIORS,Location.AWAY,Team.NEW_ORLEANS_PELICANS,Outcome.WIN,1379,5,9,0,2,6,8,1,7,3,1,0,1,3,-5.0,14.6
barnesc01,Scottie Barnes,Team.TORONTO_RAPTORS,Location.HOME,Team.CHARLOTTE_HORNETS,Outcome.WIN,1623,6,14,2,6,4,6,1,5,6,0,1,2,1,8.0,14.5
edwaran01,Anthony Edwards,Team.MINNESOTA_TIMBERWOLVES,Location.HOME,Team.PHOENIX_SUNS,Outcome.WIN,1658,8,19,4,10,0,0,3,1,5,1,0,2,1,9.0,14.4
mcdanja02,Jaden McDaniels,Team.MINNESOTA_TIMBERWOLVES,Location.HOME,Team.PHOENIX_SUNS,Outcome.WIN,1877,6,10,2,3,2,3,1,2,1,1,1,0,1,13.0,14.3
nnajize01,Zeke Nnaji,Team.DENVER_NUGGETS,Location.HOME,Team.UTAH_JAZZ,Outcome.WIN,1042,3,3,2,2,2,2,0,1,1,2,3,0,0,14.0,14.2
westbru01,Russell Westbrook,Team.DENVER_NUGGETS,Location.HOME,Team.UTAH_JAZZ,Outcome.WIN,1442,6,10,1,3,4,5,0,2,7,3,0,6,1,18.0,14.1
jeffrda01,DaQuan Jeffries,Team.CHARLOTTE_HORNETS,Location.AWAY,Team.TORONTO_RAPTORS,Outcome.LOSS,1589,6,9,3,5,0,0,1,4,2,2,1,2,3,-7.0,13.9
garlada01,Darius Garland,Team.CLEVELAND_CAVALIERS,Location.AWAY,Team.DETROIT_PISTONS,Outcome.LOSS,2069,7,17,5,11,2,2,1,4,6,1,0,4,3,-8.0,13.8
sheadja01,Jamal Shead,Team.TORONTO_RAPTORS,Location.HOME,Team.CHARLOTTE_HORNETS,Outcome.WIN,1341,7,16,1,7,2,2,0,4,4,2,0,0,2,2.0,13.8
braunch01,Christian Braun,Team.DENVER_NUGGETS,Location.HOME,Team.UTAH_JAZZ,Outcome.WIN,1678,7,11,0,1,2,2,1,3,2,1,0,1,1,29.0,13.7
salauti01,Tidjane Salaün,Team.CHARLOTTE_HORNETS,Location.AWAY,Team.TORONTO_RAPTORS,Outcome.LOSS,1468,5,8,0,2,2,3,5,9,1,0,0,1,1,-2.0,13.5
divindo01,Donte DiVincenzo,Team.MINNESOTA_TIMBERWOLVES,Location.HOME,Team.PHOENIX_SUNS,Outcome.WIN,1526,4,9,3,6,2,2,1,1,5,2,0,1,3,4.0,12.6
portecr01,Craig Porter Jr.,Team.CLEVELAND_CAVALIERS,Location.AWAY,Team.DETROIT_PISTONS,Outcome.LOSS,1253,3,5,1,2,2,2,2,3,2,3,0,0,2,2.0,12.6
conlemi01,Mike Conley,Team.MINNESOTA_TIMBERWOLVES,Location.HOME,Team.PHOENIX_SUNS,Outcome.WIN,1782,5,10,3,7,0,0,0,3,4,2,1,2,1,23.0,12.0
postqu01,Quinten Post,Team.GOLDEN_STATE_WARRIORS,Location.AWAY,Team.NEW_ORLEANS_PELICANS,Outcome.WIN,1054,5,11,3,9,2,2,3,3,2,0,0,1,2,10.0,11.9
kuzmaky01,Kyle Kuzma,Team.MILWAUKEE_BUCKS,Location.HOME,Team.NEW_YORK_KNICKS,Outcome.LOSS,2259,8,16,1,5,3,4,0,5,3,1,0,4,1,-2.0,11.8
shamela01,Landry Shamet,Team.NEW_YORK_KNICKS,Location.AWAY,Team.MILWAUKEE_BUCKS,Outcome.WIN,1204,5,8,3,5,0,0,0,0,2,1,0,0,0,12.0,11.8
millspa02,Patty Mills,Team.LOS_ANGELES_CLIPPERS,Location.AWAY,Team.BROOKLYN_NETS,Outcome.WIN,405,3,4,3,4,5,5,0,0,0,0,0,0,2,3.0,11.6
georgke01,Keyonte George,Team.UTAH_JAZZ,Location.AWAY,Team.DENVER_NUGGETS,Outcome.LOSS,2106,5,17,2,8,6,6,2,2,4,1,0,2,1,-17.0,11.5
jordade01,DeAndre Jordan,Team.DENVER_NUGGETS,Location.HOME,Team.UTAH_JAZZ,Outcome.WIN,710,5,5,0,0,1,1,0,1,1,0,2,0,1,10.0,11.5
wrighde01,Delon Wright,Team.NEW_YORK_KNICKS,Location.AWAY,Team.MILWAUKEE_BUCKS,Outcome.WIN,1823,5,9,2,5,0,0,2,1,4,1,0,2,0,-9.0,11.2
missiyv01,Yves Missi,Team.NEW_ORLEANS_PELICANS,Location.HOME,Team.GOLDEN_STATE_WARRIORS,Outcome.LOSS,1667,3,7,0,0,6,8,4,6,0,0,1,1,2,-8.0,11.0
johnsca02,Cameron Johnson,Team.BROOKLYN_NETS,Location.HOME,Team.LOS_ANGELES_CLIPPERS,Outcome.LOSS,1186,3,8,1,5,4,4,0,0,6,1,0,1,1,-18.0,10.4
watsope01,Peyton Watson,Team.DENVER_NUGGETS,Location.HOME,Team.UTAH_JAZZ,Outcome.WIN,1633,4,9,0,2,0,0,1,4,4,1,3,0,2,26.0,10.3
bogdabo01,Bogdan Bogdanović,Team.LOS_ANGELES_CLIPPERS,Location.AWAY,Team.BROOKLYN_NETS,Outcome.WIN,1466,3,10,2,7,0,0,1,5,9,1,0,1,2,4.0,9.9
timmedr01,Drew Timme,Team.BROOKLYN_NETS,Location.HOME,Team.LOS_ANGELES_CLIPPERS,Outcome.LOSS,1494,4,6,1,3,2,3,4,6,1,0,0,3,1,-13.0,9.9
powelno01,Norman Powell,Team.LOS_ANGELES_CLIPPERS,Location.AWAY,Team.BROOKLYN_NETS,Outcome.WIN,1494,3,9,2,5,3,4,0,2,5,1,0,0,2,29.0,9.8
reidna01,Naz Reid,Team.MINNESOTA_TIMBERWOLVES,Location.HOME,Team.PHOENIX_SUNS,Outcome.WIN,1571,3,7,3,5,0,0,1,6,4,1,0,1,2,3.0,9.8
stewais01,Isaiah Stewart,Team.DETROIT_PISTONS,Location.HOME,Team.CLEVELAND_CAVALIERS,Outcome.WIN,1232,5,6,0,0,4,5,1,3,1,0,0,2,5,-4.0,9.7
hieldbu01,Buddy Hield,Team.GOLDEN_STATE_WARRIORS,Location.AWAY,Team.NEW_ORLEANS_PELICANS,Outcome.WIN,1372,4,8,2,6,1,1,1,2,3,1,0,1,2,9.0,9.6
diabamo01,Moussa Diabaté,Team.CHARLOTTE_HORNETS,Location.AWAY,Team.TORONTO_RAPTORS,Outcome.LOSS,773,4,6,0,0,1,3,3,3,0,0,1,0,0,0.0,9.3
matkoka01,Karlo Matković,Team.NEW_ORLEANS_PELICANS,Location.HOME,Team.GOLDEN_STATE_WARRIORS,Outcome.LOSS,1213,5,7,0,1,0,0,0,3,2,1,1,1,2,-8.0,9.3
dunnkr01,Kris Dunn,Team.LOS_ANGELES_CLIPPERS,Location.AWAY,Team.BROOKLYN_NETS,Outcome.WIN,1324,3,5,1,1,2,2,0,4,2,2,0,1,3,28.0,9.1
sextoco01,Collin Sexton,Team.UTAH_JAZZ,Location.AWAY,Team.DENVER_NUGGETS,Outcome.LOSS,1382,8,18,1,4,3,4,1,0,2,1,0,3,3,-30.0,9.1
lopezbr01,Brook Lopez,Team.MILWAUKEE_BUCKS,Location.HOME,Team.NEW_YORK_KNICKS,Outcome.LOSS,2036,3,5,1,2,0,2,2,3,6,0,2,2,2,-8.0,9.0
tshieos01,Oscar Tshiebwe,Team.UTAH_JAZZ,Location.AWAY,Team.DENVER_NUGGETS,Outcome.LOSS,1551,2,5,0,0,3,3,7,3,1,1,0,2,2,-31.0,9.0
ighodos01,Oso Ighodaro,Team.PHOENIX_SUNS,Location.AWAY,Team.MINNESOTA_TIMBERWOLVES,Outcome.LOSS,1477,3,4,0,0,0,0,1,3,2,2,1,0,3,-10.0,8.9
walteja01,Ja'Kobe Walter,Team.TORONTO_RAPTORS,Location.HOME,Team.CHARLOTTE_HORNETS,Outcome.WIN,1793,3,8,3,7,2,2,1,1,1,2,0,1,1,8.0,8.9
batumni01,Nicolas Batum,Team.LOS_ANGELES_CLIPPERS,Location.AWAY,Team.BROOKLYN_NETS,Outcome.WIN,1121,3,4,3,4,0,0,0,4,0,1,0,1,1,3.0,8.2
johnske07,Keon Johnson,Team.BROOKLYN_NETS,Location.HOME,Team.LOS_ANGELES_CLIPPERS,Outcome.LOSS,1364,5,11,3,7,0,0,0,1,2,2,0,2,2,-28.0,8.2
trentga02,Gary Trent Jr.,Team.MILWAUKEE_BUCKS,Location.HOME,Team.NEW_YORK_KNICKS,Outcome.LOSS,2025,5,11,4,8,0,0,0,1,0,0,0,0,1,-9.0,8.2
jonesty01,Tyus Jones,Team.PHOENIX_SUNS,Location.AWAY,Team.MINNESOTA_TIMBERWOLVES,Outcome.LOSS,1120,4,8,0,2,0,0,2,2,4,0,0,1,0,0.0,7.8
brookke02,Keion Brooks Jr.,Team.NEW_ORLEANS_PELICANS,Location.HOME,Team.GOLDEN_STATE_WARRIORS,Outcome.LOSS,883,4,7,2,2,1,2,0,3,1,0,0,0,3,-11.0,7.7
robinje02,Jeremiah Robinson-Earl,Team.NEW_ORLEANS_PELICANS,Location.HOME,Team.GOLDEN_STATE_WARRIORS,Outcome.LOSS,1146,5,9,1,3,0,0,2,0,2,1,0,2,2,-7.0,7.7
townska01,Karl-Anthony Towns,Team.NEW_YORK_KNICKS,Location.AWAY,Team.MILWAUKEE_BUCKS,Outcome.WIN,1926,6,16,1,3,1,1,4,6,1,2,0,3,5,9.0,7.5
allenja01,Jarrett Allen,Team.CLEVELAND_CAVALIERS,Location.AWAY,Team.DETROIT_PISTONS,Outcome.LOSS,1157,4,7,0,0,0,0,2,2,0,0,1,0,0,-13.0,7.4
wadede01,Dean Wade,Team.CLEVELAND_CAVALIERS,Location.AWAY,Team.DETROIT_PISTONS,Outcome.LOSS,1115,3,5,2,4,2,3,1,1,1,0,0,1,2,8.0,7.2
greendr01,Draymond Green,Team.GOLDEN_STATE_WARRIORS,Location.AWAY,Team.NEW_ORLEANS_PELICANS,Outcome.WIN,1533,2,6,0,3,2,2,1,4,6,2,1,2,6,16.0,7.0
merrisa01,Sam Merrill,Team.CLEVELAND_CAVALIERS,Location.AWAY,Team.DETROIT_PISTONS,Outcome.LOSS,1226,2,5,2,5,0,0,1,3,0,3,0,0,3,-3.0,6.7
simpskj01,KJ Simpson,Team.CHARLOTTE_HORNETS,Location.AWAY,Team.TORONTO_RAPTORS,Outcome.LOSS,1510,5,11,3,5,1,2,0,2,3,1,0,3,5,-6.0,6.6
kolekty01,Tyler Kolek,Team.NEW_YORK_KNICKS,Location.AWAY,Team.MILWAUKEE_BUCKS,Outcome.WIN,1040,2,4,1,2,0,0,0,0,5,0,0,0,0,18.0,6.5
podzibr01,Brandin Podziemski,Team.GOLDEN_STATE_WARRIORS,Location.AWAY,Team.NEW_ORLEANS_PELICANS,Outcome.WIN,1886,4,11,1,7,1,2,0,6,2,1,0,0,3,9.0,6.5
robinmi01,Mitchell Robinson,Team.NEW_YORK_KNICKS,Location.AWAY,Team.MILWAUKEE_BUCKS,Outcome.WIN,1083,1,2,0,0,0,0,4,6,1,1,0,0,2,2.0,6.5
wilsoja03,Jalen Wilson,Team.BROOKLYN_NETS,Location.HOME,Team.LOS_ANGELES_CLIPPERS,Outcome.LOSS,1659,1,10,0,3,6,8,2,5,2,2,0,0,1,2.0,6.5
hallpj01,PJ Hall,Team.DENVER_NUGGETS,Location.HOME,Team.UTAH_JAZZ,Outcome.WIN,277,3,4,1,1,0,0,1,2,0,0,0,0,1,-2.0,6.3
dunnry01,Ryan Dunn,Team.PHOENIX_SUNS,Location.AWAY,Team.MINNESOTA_TIMBERWOLVES,Outcome.LOSS,1331,3,5,3,5,0,0,1,2,1,0,1,2,3,-18.0,6.2
juzanjo01,Johnny Juzang,Team.UTAH_JAZZ,Location.AWAY,Team.DENVER_NUGGETS,Outcome.LOSS,1222,4,7,0,3,2,2,1,3,1,0,0,2,2,-18.0,6.2
robinor01,Orlando Robinson,Team.TORONTO_RAPTORS,Location.HOME,Team.CHARLOTTE_HORNETS,Outcome.WIN,1313,2,5,1,1,0,2,3,7,1,1,0,0,3,2.0,6.2
watfotr01,Trendon Watford,Team.BROOKLYN_NETS,Location.HOME,Team.LOS_ANGELES_CLIPPERS,Outcome.LOSS,1221,3,8,0,2,0,0,1,4,5,2,0,2,2,-12.0,6.2
hollaro01,Ron Holland,Team.DETROIT_PISTONS,Location.HOME,Team.CLEVELAND_CAVALIERS,Outcome.WIN,1140,4,5,2,3,0,0,0,2,1,0,0,3,1,-6.0,6.0
huntede01,De'Andre Hunter,Team.CLEVELAND_CAVALIERS,Location.AWAY,Team.DETROIT_PISTONS,Outcome.LOSS,1170,3,7,0,2,5,6,1,2,0,1,0,2,3,-6.0,6.0
sensabr01,Brice Sensabaugh,Team.UTAH_JAZZ,Location.AWAY,Team.DENVER_NUGGETS,Outcome.LOSS,1332,5,12,2,6,0,0,1,4,1,2,0,3,4,-2.0,5.6
gordoaa01,Aaron Gordon,Team.DENVER_NUGGETS,Location.HOME,Team.UTAH_JAZZ,Outcome.WIN,1561,2,4,1,2,1,4,0,5,5,0,0,2,1,24.0,5.4
mobleev01,Evan Mobley,Team.CLEVELAND_CAVALIERS,Location.AWAY,Team.DETROIT_PISTONS,Outcome.LOSS,1954,3,10,2,6,1,2,0,6,4,0,2,3,1,-23.0,5.4
evbuoto01,Tosan Evbuomwan,Team.BROOKLYN_NETS,Location.HOME,Team.LOS_ANGELES_CLIPPERS,Outcome.LOSS,874,1,3,1,2,1,2,1,2,3,0,0,0,0,6.0,5.3
alvarjo01,Jose Alvarado,Team.NEW_ORLEANS_PELICANS,Location.HOME,Team.GOLDEN_STATE_WARRIORS,Outcome.LOSS,1647,4,12,0,3,2,3,1,2,4,0,1,2,1,-11.0,5.2
beekmre01,Reece Beekman,Team.BROOKLYN_NETS,Location.HOME,Team.LOS_ANGELES_CLIPPERS,Outcome.LOSS,399,0,1,0,1,6,6,0,0,1,1,0,1,2,-1.0,5.2
nurkiju01,Jusuf Nurkić,Team.CHARLOTTE_HORNETS,Location.AWAY,Team.TORONTO_RAPTORS,Outcome.LOSS,1049,1,6,1,1,1,2,2,4,5,0,0,1,0,-3.0,4.9
alexani01,Nickeil Alexander-Walker,Team.MINNESOTA_TIMBERWOLVES,Location.HOME,Team.PHOENIX_SUNS,Outcome.WIN,1231,3,8,1,3,1,1,0,3,3,0,0,1,2,2.0,4.8
okorois01,Isaac Okoro,Team.CLEVELAND_CAVALIERS,Location.AWAY,Team.DETROIT_PISTONS,Outcome.LOSS,1487,1,2,0,1,5,8,1,2,0,0,0,0,4,-9.0,4.5
hawkijo01,Jordan Hawkins,Team.NEW_ORLEANS_PELICANS,Location.HOME,Team.GOLDEN_STATE_WARRIORS,Outcome.LOSS,1642,2,10,2,7,2,2,1,4,1,0,0,0,0,-2.0,4.4
etienty01,Tyson Etienne,Team.BROOKLYN_NETS,Location.HOME,Team.LOS_ANGELES_CLIPPERS,Outcome.LOSS,591,3,7,2,5,0,0,0,0,1,0,0,0,2,0.0,4.2
lewisma05,Maxwell Lewis,Team.BROOKLYN_NETS,Location.HOME,Team.LOS_ANGELES_CLIPPERS,Outcome.LOSS,473,2,3,1,1,0,2,1,1,1,0,0,0,1,-2.0,4.2
mogbojo01,Jonathan Mogbo,Team.TORONTO_RAPTORS,Location.HOME,Team.CHARLOTTE_HORNETS,Outcome.WIN,1483,2,8,1,4,0,0,2,3,2,1,0,0,2,7.0,4.1
greenaj01,A.J. Green,Team.MILWAUKEE_BUCKS,Location.HOME,Team.NEW_YORK_KNICKS,Outcome.LOSS,1535,3,6,2,5,0,0,0,2,0,0,0,0,4,-17.0,4.0
paytoel01,Elfrid Payton,Team.NEW_ORLEANS_PELICANS,Location.HOME,Team.GOLDEN_STATE_WARRIORS,Outcome.LOSS,1401,2,7,0,0,0,1,2,3,10,0,0,4,2,-6.0,4.0
russeda01,D'Angelo Russell,Team.BROOKLYN_NETS,Location.HOME,Team.LOS_ANGELES_CLIPPERS,Outcome.LOSS,1121,2,7,1,3,0,0,1,1,2,2,0,1,1,-21.0,3.9
alexatr01,Trey Alexander,Team.DENVER_NUGGETS,Location.HOME,Team.UTAH_JAZZ,Outcome.WIN,277,2,3,0,1,0,0,0,0,2,0,0,0,1,-2.0,3.7
colliis01,Isaiah Collier,Team.UTAH_JAZZ,Location.AWAY,Team.DENVER_NUGGETS,Outcome.LOSS,1893,0,7,0,2,3,4,0,3,7,1,0,1,0,-18.0,3.5
martico01,Cody Martin,Team.PHOENIX_SUNS,Location.AWAY,Team.MINNESOTA_TIMBERWOLVES,Outcome.LOSS,932,2,3,0,0,0,2,1,3,1,0,0,0,2,-2.0,3.4
martity01,Tyrese Martin,Team.BROOKLYN_NETS,Location.HOME,Team.LOS_ANGELES_CLIPPERS,Outcome.LOSS,1168,2,7,2,5,0,0,0,4,1,0,0,0,1,-11.0,3.4
santogu01,Gui Santos,Team.GOLDEN_STATE_WARRIORS,Location.AWAY,Team.NEW_ORLEANS_PELICANS,Outcome.WIN,933,2,5,0,3,1,2,1,0,1,1,0,1,0,15.0,3.3
princta02,Taurean Prince,Team.MILWAUKEE_BUCKS,Location.HOME,Team.NEW_YORK_KNICKS,Outcome.LOSS,1533,1,4,1,4,0,0,0,3,2,1,1,1,1,0.0,3.2
claxtni01,Nic Claxton,Team.BROOKLYN_NETS,Location.HOME,Team.LOS_ANGELES_CLIPPERS,Outcome.LOSS,1186,3,7,0,1,0,0,0,5,1,0,2,2,2,-18.0,3.1
moodymo01,Moses Moody,Team.GOLDEN_STATE_WARRIORS,Location.AWAY,Team.NEW_ORLEANS_PELICANS,Outcome.WIN,1207,3,7,1,3,0,0,0,1,1,0,0,1,1,1.0,2.9
coffeam01,Amir Coffey,Team.LOS_ANGELES_CLIPPERS,Location.AWAY,Team.BROOKLYN_NETS,Outcome.WIN,812,1,4,1,3,2,2,0,1,1,1,0,1,2,-6.0,2.8
bridgmi02,Miles Bridges,Team.CHARLOTTE_HORNETS,Location.AWAY,Team.TORONTO_RAPTORS,Outcome.LOSS,1844,4,20,1,9,2,2,0,4,6,1,1,3,0,-13.0,2.7
olynyke01,Kelly Olynyk,Team.NEW_ORLEANS_PELICANS,Location.HOME,Team.GOLDEN_STATE_WARRIORS,Outcome.LOSS,1721,0,7,0,2,6,6,2,4,2,2,0,2,6,-3.0,2.7
smithty02,Tyler Smith,Team.MILWAUKEE_BUCKS,Location.HOME,Team.NEW_YORK_KNICKS,Outcome.LOSS,32,1,1,1,1,0,0,0,0,0,0,0,0,0,3.0,2.7
tysonhu01,Hunter Tyson,Team.DENVER_NUGGETS,Location.HOME,Team.UTAH_JAZZ,Outcome.WIN,411,1,3,1,3,0,0,0,1,1,0,1,0,1,1.0,2.6
fontesi01,Simone Fontecchio,Team.DETROIT_PISTONS,Location.HOME,Team.CLEVELAND_CAVALIERS,Outcome.WIN,829,1,3,1,3,0,0,1,0,0,2,0,0,4,1.0,2.4
looneke01,Kevon Looney,Team.GOLDEN_STATE_WARRIORS,Location.AWAY,Team.NEW_ORLEANS_PELICANS,Outcome.WIN,824,0,1,0,0,0,0,4,2,1,0,0,0,3,4.0,2.2
whiteda01,Dariq Whitehead,Team.BROOKLYN_NETS,Location.HOME,Team.LOS_ANGELES_CLIPPERS,Outcome.LOSS,582,2,5,1,4,0,0,0,1,0,0,0,0,1,-12.0,2.2
swideco01,Cole Swider,Team.TORONTO_RAPTORS,Location.HOME,Team.CHARLOTTE_HORNETS,Outcome.WIN,1142,2,5,1,4,0,0,0,0,0,0,1,0,2,7.0,2.2
lawsoaj01,A.J. Lawson,Team.TORONTO_RAPTORS,Location.HOME,Team.CHARLOTTE_HORNETS,Outcome.WIN,552,1,3,0,2,0,0,0,1,0,0,2,0,0,-7.0,2.0
allengr01,Grayson Allen,Team.PHOENIX_SUNS,Location.AWAY,Team.MINNESOTA_TIMBERWOLVES,Outcome.LOSS,732,1,1,1,1,0,0,0,2,0,0,0,1,1,1.0,1.9
bookede01,Devin Booker,Team.PHOENIX_SUNS,Location.AWAY,Team.MINNESOTA_TIMBERWOLVES,Outcome.LOSS,2351,4,14,0,6,2,3,0,0,6,1,0,4,2,-20.0,1.8
clarkja02,Jaylen Clark,Team.MINNESOTA_TIMBERWOLVES,Location.HOME,Team.PHOENIX_SUNS,Outcome.WIN,572,1,2,1,1,0,0,0,2,0,0,0,0,2,-6.0,1.8
pickeja02,Jalen Pickett,Team.DENVER_NUGGETS,Location.HOME,Team.UTAH_JAZZ,Outcome.WIN,1247,0,2,0,1,0,0,0,4,4,1,0,1,2,10.0,1.8
thomptr01,Tristan Thompson,Team.CLEVELAND_CAVALIERS,Location.AWAY,Team.DETROIT_PISTONS,Outcome.LOSS,71,1,1,0,0,0,0,0,0,0,0,0,0,0,2.0,1.7
reevean01,Antonio Reeves,Team.NEW_ORLEANS_PELICANS,Location.HOME,Team.GOLDEN_STATE_WARRIORS,Outcome.LOSS,1138,2,4,0,1,1,2,0,2,1,0,0,2,1,-17.0,1.5
jonesde02,Derrick Jones Jr.,Team.LOS_ANGELES_CLIPPERS,Location.AWAY,Team.BROOKLYN_NETS,Outcome.WIN,915,3,7,0,1,0,0,1,2,0,0,0,1,3,-5.0,1.4
willizi02,Ziaire Williams,Team.BROOKLYN_NETS,Location.HOME,Team.LOS_ANGELES_CLIPPERS,Outcome.LOSS,1082,2,6,1,5,1,1,0,3,1,0,1,2,4,-32.0,1.3
battlja01,Jamison Battle,Team.TORONTO_RAPTORS,Location.HOME,Team.CHARLOTTE_HORNETS,Outcome.WIN,1948,1,7,0,5,0,0,1,3,2,2,0,1,1,10.0,1.1
greenjo02,Josh Green,Team.CHARLOTTE_HORNETS,Location.AWAY,Team.TORONTO_RAPTORS,Outcome.LOSS,1353,2,7,0,3,1,1,0,2,1,1,1,3,0,-8.0,0.9
simmobe01,Ben Simmons,Team.LOS_ANGELES_CLIPPERS,Location.AWAY,Team.BROOKLYN_NETS,Outcome.WIN,1033,0,3,0,0,0,0,0,3,3,1,0,1,0,1.0,0.9
eubandr01,Drew Eubanks,Team.LOS_ANGELES_CLIPPERS,Location.AWAY,Team.BROOKLYN_NETS,Outcome.WIN,537,0,0,0,0,0,0,0,5,0,0,1,1,1,3.0,0.8
curryse01,Seth Curry,Team.CHARLOTTE_HORNETS,Location.AWAY,Team.TORONTO_RAPTORS,Outcome.LOSS,1562,1,6,0,1,0,0,1,3,3,0,0,1,1,-6.0,0.5
willico04,Cody Williams,Team.UTAH_JAZZ,Location.AWAY,Team.DENVER_NUGGETS,Outcome.LOSS,1398,1,6,0,4,0,0,0,1,2,2,0,1,2,-11.0,0.1
jacksan01,Andre Jackson Jr.,Team.MILWAUKEE_BUCKS,Location.HOME,Team.NEW_YORK_KNICKS,Outcome.LOSS,8,0,0,0,0,0,0,0,0,0,0,0,0,0,3.0,0.0
knoxke01,Kevin Knox,Team.GOLDEN_STATE_WARRIORS,Location.AWAY,Team.NEW_ORLEANS_PELICANS,Outcome.WIN,47,0,0,0,0,0,0,0,0,0,0,0,0,0,2.0,0.0
spencpa01,Pat Spencer,Team.GOLDEN_STATE_WARRIORS,Location.AWAY,Team.NEW_ORLEANS_PELICANS,Outcome.WIN,47,0,0,0,0,0,0,0,0,0,0,0,0,0,2.0,0.0
mykhasv01,Svi Mykhailiuk,Team.UTAH_JAZZ,Location.AWAY,Team.DENVER_NUGGETS,Outcome.LOSS,481,1,5,1,4,0,0,0,1,0,0,0,0,1,-16.0,-0.2
achiupr01,Precious Achiuwa,Team.NEW_YORK_KNICKS,Location.AWAY,Team.MILWAUKEE_BUCKS,Outcome.WIN,385,0,1,0,0,0,0,0,2,0,0,0,0,1,9.0,-0.5
sassema01,Marcus Sasser,Team.DETROIT_PISTONS,Location.HOME,Team.CLEVELAND_CAVALIERS,Outcome.WIN,1133,1,9,1,5,1,2,0,1,4,1,0,2,1,-3.0,-0.6
smithni01,Nick Smith Jr.,Team.CHARLOTTE_HORNETS,Location.AWAY,Team.TORONTO_RAPTORS,Outcome.LOSS,1487,2,14,1,5,2,2,0,1,3,0,0,1,0,-6.0,-0.6
jonessp01,Spencer Jones,Team.DENVER_NUGGETS,Location.HOME,Team.UTAH_JAZZ,Outcome.WIN,384,0,1,0,1,0,0,1,0,1,0,0,1,1,-6.0,-0.7
porteke02,Kevin Porter Jr.,Team.MILWAUKEE_BUCKS,Location.HOME,Team.NEW_YORK_KNICKS,Outcome.LOSS,816,1,3,0,1,0,0,0,2,2,0,0,3,0,-16.0,-0.7
richani01,Nick Richards,Team.PHOENIX_SUNS,Location.AWAY,Team.MINNESOTA_TIMBERWOLVES,Outcome.LOSS,1390,1,2,0,0,1,2,2,2,0,0,0,3,4,-5.0,-1.0
greenja02,Javonte Green,Team.CLEVELAND_CAVALIERS,Location.AWAY,Team.DETROIT_PISTONS,Outcome.LOSS,758,0,1,0,1,1,2,0,4,0,0,0,1,4,11.0,-1.5
martike04,KJ Martin,Team.UTAH_JAZZ,Location.AWAY,Team.DENVER_NUGGETS,Outcome.LOSS,979,0,4,0,3,0,0,0,0,2,0,0,0,1,-20.0,-1.8
brownko01,Kobe Brown,Team.LOS_ANGELES_CLIPPERS,Location.AWAY,Team.BROOKLYN_NETS,Outcome.WIN,473,0,1,0,1,1,2,0,0,0,0,0,1,2,2.0,-1.9
