slug,name,team,location,opponent,outcome,seconds_played,made_field_goals,attempted_field_goals,made_three_point_field_goals,attempted_three_point_field_goals,made_free_throws,attempted_free_throws,offensive_rebounds,defensive_rebounds,assists,steals,blocks,turnovers,personal_fouls,plus_minus,game_score
moranja01,Ja Morant,Team.MEMPHIS_GRIZZLIES,Location.HOME,Team.CLEVELAND_CAVALIERS,Outcome.LOSS,2122,17,22,1,4,9,10,0,8,7,1,0,2,3,-6.0,40.1
reaveau01,Austin Reaves,Team.LOS_ANGELES_LAKERS,Location.AWAY,Team.DENVER_NUGGETS,Outcome.LOSS,2357,13,26,4,10,7,7,0,8,13,4,0,4,3,0.0,34.3
ballla01,LaMelo Ball,Team.CHARLOTTE_HORNETS,Location.AWAY,Team.SAN_ANTONIO_SPURS,Outcome.WIN,1747,9,13,7,11,2,2,1,2,15,1,0,4,0,27.0,30.3
banchpa01,Paolo Banchero,Team.ORLANDO_MAGIC,Location.AWAY,Team.MINNESOTA_TIMBERWOLVES,Outcome.LOSS,2243,16,32,2,7,9,11,1,9,3,0,0,1,2,-2.0,29.9
easonta01,Tari Eason,Team.HOUSTON_ROCKETS,Location.HOME,Team.DALLAS_MAVERICKS,Outcome.WIN,1867,11,15,2,3,6,6,2,6,2,1,2,1,0,37.0,29.9
braunch01,Christian Braun,Team.DENVER_NUGGETS,Location.HOME,Team.LOS_ANGELES_LAKERS,Outcome.WIN,2072,9,10,2,3,2,2,1,4,6,1,0,1,1,8.0,24.3
holidjr01,Jrue Holiday,Team.BOSTON_CELTICS,Location.AWAY,Team.MIAMI_HEAT,Outcome.WIN,2118,10,15,5,8,0,0,1,3,3,1,2,1,2,12.0,22.8
okongon01,Onyeka Okongwu,Team.ATLANTA_HAWKS,Location.HOME,Team.LOS_ANGELES_CLIPPERS,Outcome.LOSS,1899,6,10,0,1,6,6,4,6,3,1,3,0,1,-16.0,22.8
siakapa01,Pascal Siakam,Team.INDIANA_PACERS,Location.AWAY,Team.PHILADELPHIA_76ERS,Outcome.WIN,1720,12,20,1,4,2,3,2,5,4,1,2,2,2,28.0,22.7
hardeja01,James Harden,Team.LOS_ANGELES_CLIPPERS,Location.AWAY,Team.ATLANTA_HAWKS,Outcome.WIN,2178,8,14,4,8,5,6,0,8,7,2,2,6,2,24.0,21.9
dowtije01,Jeff Dowtin,Team.PHILADELPHIA_76ERS,Location.HOME,Team.INDIANA_PACERS,Outcome.LOSS,2406,11,20,1,5,1,1,2,3,4,2,1,0,1,-14.0,21.8
jokicni01,Nikola Jokić,Team.DENVER_NUGGETS,Location.HOME,Team.LOS_ANGELES_LAKERS,Outcome.WIN,2267,8,16,0,4,12,17,1,6,5,3,1,4,5,2.0,21.7
bookede01,Devin Booker,Team.PHOENIX_SUNS,Location.HOME,Team.SACRAMENTO_KINGS,Outcome.WIN,2230,8,17,4,10,2,2,1,3,13,1,0,3,1,9.0,21.6
greenjo02,Josh Green,Team.CHARLOTTE_HORNETS,Location.AWAY,Team.SAN_ANTONIO_SPURS,Outcome.WIN,1702,7,11,6,9,0,0,1,0,3,4,0,0,1,7.0,21.5
willibr03,Brandon Williams,Team.DALLAS_MAVERICKS,Location.AWAY,Team.HOUSTON_ROCKETS,Outcome.LOSS,1560,11,14,2,4,1,1,0,4,2,1,0,1,2,-14.0,21.4
murraja01,Jamal Murray,Team.DENVER_NUGGETS,Location.HOME,Team.LOS_ANGELES_LAKERS,Outcome.WIN,2366,9,16,5,9,3,3,0,4,5,0,1,2,2,6.0,21.0
jonesty01,Tyus Jones,Team.PHOENIX_SUNS,Location.HOME,Team.SACRAMENTO_KINGS,Outcome.WIN,1466,6,7,6,6,2,2,0,2,4,0,0,0,0,14.0,20.9
bridgmi02,Miles Bridges,Team.CHARLOTTE_HORNETS,Location.AWAY,Team.SAN_ANTONIO_SPURS,Outcome.WIN,1726,7,14,2,7,5,7,1,6,8,0,1,1,1,12.0,20.6
mobleev01,Evan Mobley,Team.CLEVELAND_CAVALIERS,Location.AWAY,Team.MEMPHIS_GRIZZLIES,Outcome.WIN,1898,9,16,3,6,1,2,2,9,3,1,2,2,0,16.0,20.6
smithni01,Nick Smith Jr.,Team.CHARLOTTE_HORNETS,Location.AWAY,Team.SAN_ANTONIO_SPURS,Outcome.WIN,1643,9,12,6,7,2,2,0,3,5,0,0,4,3,2.0,20.4
edwaran01,Anthony Edwards,Team.MINNESOTA_TIMBERWOLVES,Location.HOME,Team.ORLANDO_MAGIC,Outcome.WIN,2342,9,19,3,8,7,8,0,4,5,0,1,3,2,-5.0,19.5
gordoaa01,Aaron Gordon,Team.DENVER_NUGGETS,Location.HOME,Team.LOS_ANGELES_LAKERS,Outcome.WIN,1888,3,6,2,4,9,10,1,6,4,0,1,0,1,16.0,19.2
greenja05,Jalen Green,Team.HOUSTON_ROCKETS,Location.HOME,Team.DALLAS_MAVERICKS,Outcome.WIN,1910,9,19,4,8,1,2,1,8,5,1,2,2,2,27.0,19.1
duranke01,Kevin Durant,Team.PHOENIX_SUNS,Location.HOME,Team.SACRAMENTO_KINGS,Outcome.WIN,2186,7,15,4,6,4,4,2,2,6,1,2,4,0,14.0,18.9
sabondo01,Domantas Sabonis,Team.SACRAMENTO_KINGS,Location.AWAY,Team.PHOENIX_SUNS,Outcome.LOSS,1805,4,11,0,2,4,4,1,10,12,3,1,2,2,-8.0,18.9
houstca01,Caleb Houstan,Team.ORLANDO_MAGIC,Location.AWAY,Team.MINNESOTA_TIMBERWOLVES,Outcome.LOSS,1592,6,9,6,8,0,0,0,1,1,4,0,0,1,6.0,18.7
leonaka01,Kawhi Leonard,Team.LOS_ANGELES_CLIPPERS,Location.AWAY,Team.ATLANTA_HAWKS,Outcome.WIN,2152,11,21,1,4,2,4,2,4,2,5,0,3,3,3.0,18.7
garlada01,Darius Garland,Team.CLEVELAND_CAVALIERS,Location.AWAY,Team.MEMPHIS_GRIZZLIES,Outcome.WIN,1788,7,17,3,11,3,3,0,2,9,4,0,3,1,17.0,18.4
vassede01,Devin Vassell,Team.SAN_ANTONIO_SPURS,Location.HOME,Team.CHARLOTTE_HORNETS,Outcome.LOSS,1882,9,16,3,7,1,1,1,2,3,1,1,0,3,-14.0,18.3
filipky01,Kyle Filipowski,Team.UTAH_JAZZ,Location.HOME,Team.TORONTO_RAPTORS,Outcome.LOSS,1979,5,11,3,5,5,6,3,8,3,2,1,2,3,14.0,18.0
marshna01,Naji Marshall,Team.DALLAS_MAVERICKS,Location.AWAY,Team.HOUSTON_ROCKETS,Outcome.LOSS,2059,8,15,1,2,4,4,0,5,3,1,1,1,0,-30.0,18.0
knechda01,Dalton Knecht,Team.LOS_ANGELES_LAKERS,Location.AWAY,Team.DENVER_NUGGETS,Outcome.LOSS,2212,13,27,5,13,1,2,1,1,1,0,0,0,5,-10.0,17.6
colliis01,Isaiah Collier,Team.UTAH_JAZZ,Location.HOME,Team.TORONTO_RAPTORS,Outcome.LOSS,2168,6,11,0,0,4,5,1,4,8,1,0,1,1,12.0,17.4
randlju01,Julius Randle,Team.MINNESOTA_TIMBERWOLVES,Location.HOME,Team.ORLANDO_MAGIC,Outcome.WIN,1718,7,13,1,3,7,8,2,5,5,0,0,3,4,-7.0,17.1
quickim01,Immanuel Quickley,Team.TORONTO_RAPTORS,Location.AWAY,Team.UTAH_JAZZ,Outcome.WIN,1508,6,13,2,8,6,6,1,4,5,1,0,2,2,14.0,16.9
turnemy01,Myles Turner,Team.INDIANA_PACERS,Location.AWAY,Team.PHILADELPHIA_76ERS,Outcome.WIN,1672,7,13,2,3,2,2,4,3,1,0,1,0,0,20.0,16.8
castlst01,Stephon Castle,Team.SAN_ANTONIO_SPURS,Location.HOME,Team.CHARLOTTE_HORNETS,Outcome.LOSS,1737,10,17,3,7,3,4,1,2,1,1,1,4,2,-16.0,16.6
clarkjo01,Jordan Clarkson,Team.UTAH_JAZZ,Location.HOME,Team.TORONTO_RAPTORS,Outcome.LOSS,1370,5,9,2,3,7,9,1,1,3,2,0,2,1,-14.0,16.6
herroty01,Tyler Herro,Team.MIAMI_HEAT,Location.HOME,Team.BOSTON_CELTICS,Outcome.LOSS,2266,7,15,3,8,2,2,1,4,6,2,2,4,1,-6.0,16.4
tatumja01,Jayson Tatum,Team.BOSTON_CELTICS,Location.AWAY,Team.MIAMI_HEAT,Outcome.WIN,2213,8,21,5,12,7,7,0,4,5,1,0,5,2,10.0,16.4
barnesc01,Scottie Barnes,Team.TORONTO_RAPTORS,Location.AWAY,Team.UTAH_JAZZ,Outcome.WIN,1458,8,16,1,2,3,6,1,9,3,1,0,1,1,13.0,15.9
sengual01,Alperen Şengün,Team.HOUSTON_ROCKETS,Location.HOME,Team.DALLAS_MAVERICKS,Outcome.WIN,1501,7,16,0,1,2,3,8,7,4,1,0,2,2,22.0,15.9
halibty01,Tyrese Haliburton,Team.INDIANA_PACERS,Location.AWAY,Team.PHILADELPHIA_76ERS,Outcome.WIN,1882,5,13,2,7,2,3,2,3,10,1,0,1,0,15.0,15.8
zubaciv01,Ivica Zubac,Team.LOS_ANGELES_CLIPPERS,Location.AWAY,Team.ATLANTA_HAWKS,Outcome.WIN,1806,8,9,0,0,2,3,1,5,2,0,0,2,2,18.0,15.3
huntede01,De'Andre Hunter,Team.CLEVELAND_CAVALIERS,Location.AWAY,Team.MEMPHIS_GRIZZLIES,Outcome.WIN,1367,4,6,3,5,7,8,0,5,1,1,0,1,5,11.0,15.2
bonaad01,Adem Bona,Team.PHILADELPHIA_76ERS,Location.HOME,Team.INDIANA_PACERS,Outcome.LOSS,2016,5,8,0,0,6,7,4,5,0,2,1,2,5,-8.0,15.0
willima07,Mark Williams,Team.CHARLOTTE_HORNETS,Location.AWAY,Team.SAN_ANTONIO_SPURS,Outcome.WIN,1718,5,6,0,0,4,4,2,8,3,1,0,3,2,14.0,14.9
sochaje01,Jeremy Sochan,Team.SAN_ANTONIO_SPURS,Location.HOME,Team.CHARLOTTE_HORNETS,Outcome.LOSS,968,4,9,1,4,5,6,4,0,2,2,0,0,1,-19.0,14.7
goberru01,Rudy Gobert,Team.MINNESOTA_TIMBERWOLVES,Location.HOME,Team.ORLANDO_MAGIC,Outcome.WIN,2100,5,7,0,0,2,4,4,8,1,2,0,1,2,16.0,14.4
lavinza01,Zach LaVine,Team.SACRAMENTO_KINGS,Location.AWAY,Team.PHOENIX_SUNS,Outcome.LOSS,2173,7,13,2,6,5,6,0,3,2,1,0,2,3,-21.0,14.4
allenja01,Jarrett Allen,Team.CLEVELAND_CAVALIERS,Location.AWAY,Team.MEMPHIS_GRIZZLIES,Outcome.WIN,1522,6,7,0,0,4,8,0,6,3,1,1,2,3,10.0,14.3
vandeja01,Jarred Vanderbilt,Team.LOS_ANGELES_LAKERS,Location.AWAY,Team.DENVER_NUGGETS,Outcome.LOSS,1461,3,6,1,2,2,4,4,3,7,3,0,1,4,-13.0,14.2
miltosh01,Shake Milton,Team.LOS_ANGELES_LAKERS,Location.AWAY,Team.DENVER_NUGGETS,Outcome.LOSS,1700,7,11,1,2,1,1,1,4,3,1,0,2,1,10.0,13.7
dinwisp01,Spencer Dinwiddie,Team.DALLAS_MAVERICKS,Location.AWAY,Team.HOUSTON_ROCKETS,Outcome.LOSS,2078,9,15,2,3,0,1,0,3,2,0,0,1,1,-29.0,13.6
wiggian01,Andrew Wiggins,Team.MIAMI_HEAT,Location.HOME,Team.BOSTON_CELTICS,Outcome.LOSS,2228,9,21,3,8,2,4,0,4,3,4,0,4,2,-11.0,13.6
dunnry01,Ryan Dunn,Team.PHOENIX_SUNS,Location.HOME,Team.SACRAMENTO_KINGS,Outcome.WIN,2009,6,16,2,9,2,2,2,3,3,4,0,1,3,5.0,13.4
pippesc02,Scotty Pippen Jr.,Team.MEMPHIS_GRIZZLIES,Location.HOME,Team.CLEVELAND_CAVALIERS,Outcome.LOSS,1332,3,6,2,4,0,0,0,3,6,3,1,0,1,-3.0,13.4
robinor01,Orlando Robinson,Team.TORONTO_RAPTORS,Location.AWAY,Team.UTAH_JAZZ,Outcome.WIN,2058,4,10,0,0,6,8,3,7,5,0,2,2,4,4.0,13.3
murrake02,Keegan Murray,Team.SACRAMENTO_KINGS,Location.AWAY,Team.PHOENIX_SUNS,Outcome.LOSS,2234,6,13,2,8,0,0,3,5,2,2,0,1,1,-2.0,12.9
derozde01,DeMar DeRozan,Team.SACRAMENTO_KINGS,Location.AWAY,Team.PHOENIX_SUNS,Outcome.LOSS,2030,9,13,3,5,2,3,0,0,1,0,0,5,0,-11.0,12.8
nesmiaa01,Aaron Nesmith,Team.INDIANA_PACERS,Location.AWAY,Team.PHILADELPHIA_76ERS,Outcome.WIN,1677,6,11,3,6,1,2,1,2,2,1,0,0,3,23.0,12.8
toppiob01,Obi Toppin,Team.INDIANA_PACERS,Location.AWAY,Team.PHILADELPHIA_76ERS,Outcome.WIN,1514,4,7,0,2,3,4,2,6,3,1,0,0,2,-14.0,12.8
lawsoaj01,A.J. Lawson,Team.TORONTO_RAPTORS,Location.AWAY,Team.UTAH_JAZZ,Outcome.WIN,1431,6,10,2,5,4,6,1,4,0,0,0,1,2,10.0,12.7
strusma01,Max Strus,Team.CLEVELAND_CAVALIERS,Location.AWAY,Team.MEMPHIS_GRIZZLIES,Outcome.WIN,1326,2,4,2,4,3,3,0,4,5,1,0,0,0,7.0,12.7
mcdanja02,Jaden McDaniels,Team.MINNESOTA_TIMBERWOLVES,Location.HOME,Team.ORLANDO_MAGIC,Outcome.WIN,1915,4,6,2,3,1,2,0,8,2,3,2,2,4,16.0,12.6
whitede01,Derrick White,Team.BOSTON_CELTICS,Location.AWAY,Team.MIAMI_HEAT,Outcome.WIN,2199,7,18,3,11,1,2,1,4,4,2,0,2,0,12.0,12.5
divindo01,Donte DiVincenzo,Team.MINNESOTA_TIMBERWOLVES,Location.HOME,Team.ORLANDO_MAGIC,Outcome.WIN,1801,6,11,2,5,0,0,0,3,5,1,1,1,4,-4.0,12.2
batumni01,Nicolas Batum,Team.LOS_ANGELES_CLIPPERS,Location.AWAY,Team.ATLANTA_HAWKS,Outcome.WIN,1363,4,8,3,5,0,0,3,4,2,1,1,1,1,7.0,12.0
horfoal01,Al Horford,Team.BOSTON_CELTICS,Location.AWAY,Team.MIAMI_HEAT,Outcome.WIN,1898,3,7,1,4,2,2,3,6,5,0,1,1,1,15.0,12.0
mamuksa01,Sandro Mamukelashvili,Team.SAN_ANTONIO_SPURS,Location.HOME,Team.CHARLOTTE_HORNETS,Outcome.LOSS,1027,5,12,3,7,0,0,3,0,1,2,2,0,2,2.0,12.0
sheadja01,Jamal Shead,Team.TORONTO_RAPTORS,Location.AWAY,Team.UTAH_JAZZ,Outcome.WIN,1598,4,9,3,4,0,0,1,1,5,3,2,2,3,2.0,12.0
smithja05,Jabari Smith Jr.,Team.HOUSTON_ROCKETS,Location.HOME,Team.DALLAS_MAVERICKS,Outcome.WIN,1445,6,10,0,2,1,1,2,6,2,0,2,2,1,13.0,12.0
jacksja02,Jaren Jackson Jr.,Team.MEMPHIS_GRIZZLIES,Location.HOME,Team.CLEVELAND_CAVALIERS,Outcome.LOSS,1707,4,10,3,5,2,2,0,3,0,4,2,0,5,-21.0,11.9
westbru01,Russell Westbrook,Team.DENVER_NUGGETS,Location.HOME,Team.LOS_ANGELES_LAKERS,Outcome.WIN,1667,7,16,3,6,0,0,1,5,7,1,0,4,2,2.0,11.9
leverca01,Caris LeVert,Team.ATLANTA_HAWKS,Location.HOME,Team.LOS_ANGELES_CLIPPERS,Outcome.LOSS,1273,4,9,2,4,2,2,0,4,2,2,1,0,2,-12.0,11.8
jaqueja01,Jaime Jaquez Jr.,Team.MIAMI_HEAT,Location.HOME,Team.BOSTON_CELTICS,Outcome.LOSS,1852,5,10,2,3,1,3,2,3,3,0,0,0,0,-8.0,11.6
barrerj01,RJ Barrett,Team.TORONTO_RAPTORS,Location.AWAY,Team.UTAH_JAZZ,Outcome.WIN,1519,7,14,1,4,2,3,0,2,5,1,0,2,3,0.0,11.5
bealbr01,Bradley Beal,Team.PHOENIX_SUNS,Location.HOME,Team.SACRAMENTO_KINGS,Outcome.WIN,1582,5,9,4,7,1,3,0,3,2,1,0,1,2,-1.0,11.4
risacza01,Zaccharie Risacher,Team.ATLANTA_HAWKS,Location.HOME,Team.LOS_ANGELES_CLIPPERS,Outcome.LOSS,2187,6,10,1,3,2,2,2,5,1,2,0,3,4,-8.0,11.4
goodwjo01,Jordan Goodwin,Team.LOS_ANGELES_LAKERS,Location.AWAY,Team.DENVER_NUGGETS,Outcome.LOSS,2014,4,8,2,3,0,0,3,3,2,1,1,0,2,-8.0,11.3
holidaa01,Aaron Holiday,Team.HOUSTON_ROCKETS,Location.HOME,Team.DALLAS_MAVERICKS,Outcome.WIN,970,5,9,3,5,0,0,0,3,4,0,0,0,3,10.0,11.2
ighodos01,Oso Ighodaro,Team.PHOENIX_SUNS,Location.HOME,Team.SACRAMENTO_KINGS,Outcome.WIN,1938,4,5,0,0,3,4,1,5,1,1,1,1,3,23.0,11.1
bogdabo01,Bogdan Bogdanović,Team.LOS_ANGELES_CLIPPERS,Location.AWAY,Team.ATLANTA_HAWKS,Outcome.WIN,1271,4,6,2,2,2,2,0,3,3,0,0,1,1,13.0,11.0
johnske04,Keldon Johnson,Team.SAN_ANTONIO_SPURS,Location.HOME,Team.CHARLOTTE_HORNETS,Outcome.LOSS,1343,4,11,1,4,3,3,2,3,3,1,0,0,1,-5.0,10.9
edwarke02,Kessler Edwards,Team.DALLAS_MAVERICKS,Location.AWAY,Team.HOUSTON_ROCKETS,Outcome.LOSS,2095,4,10,2,5,2,2,1,5,0,1,4,1,2,-19.0,10.8
merrisa01,Sam Merrill,Team.CLEVELAND_CAVALIERS,Location.AWAY,Team.MEMPHIS_GRIZZLIES,Outcome.WIN,1315,5,7,4,5,0,0,1,0,2,0,0,2,1,13.0,10.8
clarkbr01,Brandon Clarke,Team.MEMPHIS_GRIZZLIES,Location.HOME,Team.CLEVELAND_CAVALIERS,Outcome.LOSS,1165,5,7,0,0,3,5,1,4,1,1,0,1,3,-6.0,10.7
coffeam01,Amir Coffey,Team.LOS_ANGELES_CLIPPERS,Location.AWAY,Team.ATLANTA_HAWKS,Outcome.WIN,1393,5,9,2,3,0,0,0,1,3,1,0,0,1,7.0,10.7
sensabr01,Brice Sensabaugh,Team.UTAH_JAZZ,Location.HOME,Team.TORONTO_RAPTORS,Outcome.LOSS,1278,5,7,3,4,0,0,0,1,0,2,0,1,2,-9.0,10.6
monkma01,Malik Monk,Team.SACRAMENTO_KINGS,Location.AWAY,Team.PHOENIX_SUNS,Outcome.LOSS,2522,8,18,0,8,2,2,2,6,5,0,0,4,2,-4.0,10.5
champju02,Julian Champagnie,Team.SAN_ANTONIO_SPURS,Location.HOME,Team.CHARLOTTE_HORNETS,Outcome.LOSS,1193,4,8,3,5,1,1,2,3,2,0,0,1,1,-8.0,10.3
castlco01,Colin Castleton,Team.TORONTO_RAPTORS,Location.AWAY,Team.UTAH_JAZZ,Outcome.WIN,1413,5,5,1,1,2,2,2,5,2,0,0,4,4,1.0,10.2
jonesde02,Derrick Jones Jr.,Team.LOS_ANGELES_CLIPPERS,Location.AWAY,Team.ATLANTA_HAWKS,Outcome.WIN,1350,5,10,0,4,4,5,1,1,0,1,1,0,3,12.0,10.1
weslebl01,Blake Wesley,Team.SAN_ANTONIO_SPURS,Location.HOME,Team.CHARLOTTE_HORNETS,Outcome.LOSS,1416,3,6,1,2,3,4,1,3,3,2,0,2,1,7.0,9.9
butleja02,Jared Butler,Team.PHILADELPHIA_76ERS,Location.HOME,Team.INDIANA_PACERS,Outcome.LOSS,1960,6,13,3,9,2,2,0,3,4,0,1,4,3,-14.0,9.5
mitchda01,Davion Mitchell,Team.MIAMI_HEAT,Location.HOME,Team.BOSTON_CELTICS,Outcome.LOSS,2121,4,8,3,5,1,3,0,9,4,1,0,3,3,-4.0,9.5
nurkiju01,Jusuf Nurkić,Team.CHARLOTTE_HORNETS,Location.AWAY,Team.SAN_ANTONIO_SPURS,Outcome.WIN,770,6,7,0,1,2,2,0,3,1,0,0,2,4,4.0,9.5
brissos01,Oshae Brissett,Team.PHILADELPHIA_76ERS,Location.HOME,Team.INDIANA_PACERS,Outcome.LOSS,1364,5,8,3,5,1,3,1,0,0,1,1,2,2,-10.0,9.2
onealro01,Royce O'Neale,Team.PHOENIX_SUNS,Location.HOME,Team.SACRAMENTO_KINGS,Outcome.WIN,1236,3,4,3,4,0,0,0,3,1,2,0,1,2,10.0,9.2
vanvlfr01,Fred VanVleet,Team.HOUSTON_ROCKETS,Location.HOME,Team.DALLAS_MAVERICKS,Outcome.WIN,1512,3,8,2,4,0,0,0,7,3,1,0,0,0,19.0,8.8
adebaba01,Bam Adebayo,Team.MIAMI_HEAT,Location.HOME,Team.BOSTON_CELTICS,Outcome.LOSS,1957,3,7,0,1,3,3,3,6,2,0,1,2,2,-13.0,8.5
jeffrda01,DaQuan Jeffries,Team.CHARLOTTE_HORNETS,Location.AWAY,Team.SAN_ANTONIO_SPURS,Outcome.WIN,1964,5,9,3,7,0,0,0,1,1,1,0,1,4,4.0,8.1
josepco01,Cory Joseph,Team.ORLANDO_MAGIC,Location.AWAY,Team.MINNESOTA_TIMBERWOLVES,Outcome.LOSS,1683,4,6,0,1,0,1,0,3,3,1,1,0,4,-13.0,8.1
whitmca01,Cam Whitmore,Team.HOUSTON_ROCKETS,Location.HOME,Team.DALLAS_MAVERICKS,Outcome.WIN,412,4,6,2,3,0,0,0,0,1,0,0,0,0,1.0,8.1
conlemi01,Mike Conley,Team.MINNESOTA_TIMBERWOLVES,Location.HOME,Team.ORLANDO_MAGIC,Outcome.WIN,1466,3,6,3,5,0,0,0,1,3,0,0,0,1,20.0,8.0
wareke01,Kel'el Ware,Team.MIAMI_HEAT,Location.HOME,Team.BOSTON_CELTICS,Outcome.LOSS,923,3,4,0,1,1,2,1,2,0,1,1,0,0,1.0,8.0
jeromty01,Ty Jerome,Team.CLEVELAND_CAVALIERS,Location.AWAY,Team.MEMPHIS_GRIZZLIES,Outcome.WIN,995,4,8,1,4,3,3,0,2,5,0,0,3,3,5.0,7.9
juzanjo01,Johnny Juzang,Team.UTAH_JAZZ,Location.HOME,Team.TORONTO_RAPTORS,Outcome.LOSS,1446,5,12,2,8,2,2,0,4,1,2,0,2,4,-10.0,7.9
greenja02,Javonte Green,Team.CLEVELAND_CAVALIERS,Location.AWAY,Team.MEMPHIS_GRIZZLIES,Outcome.WIN,866,3,10,2,8,2,2,2,2,2,1,0,0,2,-7.0,7.8
portemi01,Michael Porter Jr.,Team.DENVER_NUGGETS,Location.HOME,Team.LOS_ANGELES_LAKERS,Outcome.WIN,2000,5,11,1,4,2,2,0,4,2,0,0,1,3,11.0,7.7
mannte01,Terance Mann,Team.ATLANTA_HAWKS,Location.HOME,Team.LOS_ANGELES_CLIPPERS,Outcome.LOSS,1594,4,8,1,5,0,0,0,3,4,0,0,0,3,-19.0,7.5
markkla01,Lauri Markkanen,Team.UTAH_JAZZ,Location.HOME,Team.TORONTO_RAPTORS,Outcome.LOSS,1117,5,14,4,8,2,2,0,5,0,0,0,2,1,10.0,7.3
brookdi01,Dillon Brooks,Team.HOUSTON_ROCKETS,Location.HOME,Team.DALLAS_MAVERICKS,Outcome.WIN,1662,5,13,2,3,0,0,0,2,3,0,0,0,1,21.0,7.2
stevela01,Lamar Stevens,Team.MEMPHIS_GRIZZLIES,Location.HOME,Team.CLEVELAND_CAVALIERS,Outcome.LOSS,912,3,4,1,2,0,0,0,5,1,0,0,0,1,8.0,7.2
templga01,Garrett Temple,Team.TORONTO_RAPTORS,Location.AWAY,Team.UTAH_JAZZ,Outcome.WIN,1228,1,3,1,2,3,4,1,3,3,2,0,1,4,7.0,7.0
bryanth01,Thomas Bryant,Team.INDIANA_PACERS,Location.AWAY,Team.PHILADELPHIA_76ERS,Outcome.WIN,763,3,4,0,1,0,0,0,6,1,0,1,0,2,-10.0,6.8
kolokch01,Christian Koloko,Team.LOS_ANGELES_LAKERS,Location.AWAY,Team.DENVER_NUGGETS,Outcome.LOSS,1170,4,7,0,0,0,0,2,5,2,0,1,1,5,13.0,6.7
youngtr01,Trae Young,Team.ATLANTA_HAWKS,Location.HOME,Team.LOS_ANGELES_CLIPPERS,Outcome.LOSS,2068,6,18,2,6,3,4,3,1,7,0,0,7,0,-15.0,6.7
barlodo01,Dominick Barlow,Team.ATLANTA_HAWKS,Location.HOME,Team.LOS_ANGELES_CLIPPERS,Outcome.LOSS,981,5,8,0,2,0,1,1,3,0,0,0,0,3,-7.0,6.4
wagnefr01,Franz Wagner,Team.ORLANDO_MAGIC,Location.AWAY,Team.MINNESOTA_TIMBERWOLVES,Outcome.LOSS,2045,4,16,0,2,8,8,1,3,4,1,0,5,1,-16.0,6.4
branhma01,Malaki Branham,Team.SAN_ANTONIO_SPURS,Location.HOME,Team.CHARLOTTE_HORNETS,Outcome.LOSS,404,2,2,2,2,1,2,0,0,1,1,0,1,1,15.0,6.3
councri01,Ricky Council IV,Team.PHILADELPHIA_76ERS,Location.HOME,Team.INDIANA_PACERS,Outcome.LOSS,2211,5,14,2,8,2,3,1,3,0,0,3,2,3,-12.0,6.3
nembhan01,Andrew Nembhard,Team.INDIANA_PACERS,Location.AWAY,Team.PHILADELPHIA_76ERS,Outcome.WIN,1963,1,6,1,6,2,2,0,2,7,0,0,0,1,26.0,6.3
alexani01,Nickeil Alexander-Walker,Team.MINNESOTA_TIMBERWOLVES,Location.HOME,Team.ORLANDO_MAGIC,Outcome.WIN,1106,4,8,1,3,3,4,0,3,1,0,0,3,0,-10.0,6.2
barneha02,Harrison Barnes,Team.SAN_ANTONIO_SPURS,Location.HOME,Team.CHARLOTTE_HORNETS,Outcome.LOSS,1283,4,9,2,6,0,1,1,0,1,0,0,0,1,-18.0,5.9
landajo01,Jock Landale,Team.HOUSTON_ROCKETS,Location.HOME,Team.DALLAS_MAVERICKS,Outcome.WIN,1379,3,4,0,0,0,0,3,2,0,1,0,1,3,15.0,5.9
krejcvi01,Vit Krejci,Team.ATLANTA_HAWKS,Location.HOME,Team.LOS_ANGELES_CLIPPERS,Outcome.LOSS,1044,2,4,2,4,0,0,0,2,2,0,1,1,0,-8.0,5.7
pritcpa01,Payton Pritchard,Team.BOSTON_CELTICS,Location.AWAY,Team.MIAMI_HEAT,Outcome.WIN,1630,4,12,3,9,0,0,1,2,0,3,0,2,2,0.0,5.7
sprinja01,Jaden Springer,Team.UTAH_JAZZ,Location.HOME,Team.TORONTO_RAPTORS,Outcome.LOSS,1000,2,4,0,2,2,4,0,1,3,2,1,1,4,6.0,5.7
yabusgu01,Guerschon Yabusele,Team.PHILADELPHIA_76ERS,Location.HOME,Team.INDIANA_PACERS,Outcome.LOSS,2161,1,6,1,3,2,4,2,13,2,1,0,2,1,-3.0,5.7
gilleco01,Collin Gillespie,Team.PHOENIX_SUNS,Location.HOME,Team.SACRAMENTO_KINGS,Outcome.WIN,688,1,3,1,1,2,2,0,1,2,1,0,0,1,15.0,5.6
nnajize01,Zeke Nnaji,Team.DENVER_NUGGETS,Location.HOME,Team.LOS_ANGELES_LAKERS,Outcome.WIN,1019,2,5,0,0,0,0,5,0,0,0,1,0,0,-11.0,5.5
okorois01,Isaac Okoro,Team.CLEVELAND_CAVALIERS,Location.AWAY,Team.MEMPHIS_GRIZZLIES,Outcome.WIN,1248,3,4,1,2,0,0,1,2,2,0,0,2,2,7.0,5.3
elliske01,Keon Ellis,Team.SACRAMENTO_KINGS,Location.AWAY,Team.PHOENIX_SUNS,Outcome.LOSS,1297,2,2,0,0,3,3,0,1,1,1,0,2,3,-18.0,5.2
biyombi01,Bismack Biyombo,Team.SAN_ANTONIO_SPURS,Location.HOME,Team.CHARLOTTE_HORNETS,Outcome.LOSS,1289,0,0,0,0,0,0,1,1,4,3,1,2,1,-11.0,5.1
reidna01,Naz Reid,Team.MINNESOTA_TIMBERWOLVES,Location.HOME,Team.ORLANDO_MAGIC,Outcome.WIN,1642,3,9,2,6,0,2,0,7,3,1,2,2,4,7.0,5.1
edeyza01,Zach Edey,Team.MEMPHIS_GRIZZLIES,Location.HOME,Team.CLEVELAND_CAVALIERS,Outcome.LOSS,648,2,4,0,0,2,2,3,0,1,0,0,1,2,-16.0,5.0
simmobe01,Ben Simmons,Team.LOS_ANGELES_CLIPPERS,Location.AWAY,Team.ATLANTA_HAWKS,Outcome.WIN,1044,1,4,0,0,0,0,0,2,4,2,0,0,0,10.0,5.0
dasiltr01,Tristan Da Silva,Team.ORLANDO_MAGIC,Location.AWAY,Team.MINNESOTA_TIMBERWOLVES,Outcome.LOSS,1315,3,6,2,3,0,0,0,3,0,0,0,1,1,-6.0,4.5
kornelu01,Luke Kornet,Team.BOSTON_CELTICS,Location.AWAY,Team.MIAMI_HEAT,Outcome.WIN,1296,2,3,0,1,0,0,0,4,1,1,0,0,3,10.0,4.4
ingraha01,Harrison Ingram,Team.SAN_ANTONIO_SPURS,Location.HOME,Team.CHARLOTTE_HORNETS,Outcome.LOSS,404,1,1,0,0,0,0,1,2,1,1,0,0,1,15.0,4.3
jamesbr02,Bronny James,Team.LOS_ANGELES_LAKERS,Location.AWAY,Team.DENVER_NUGGETS,Outcome.LOSS,943,1,5,1,5,2,2,2,0,0,1,0,0,0,8.0,4.3
blackan01,Anthony Black,Team.ORLANDO_MAGIC,Location.AWAY,Team.MINNESOTA_TIMBERWOLVES,Outcome.LOSS,1229,2,8,0,2,2,2,2,2,2,0,0,0,1,4.0,4.2
martica02,Caleb Martin,Team.DALLAS_MAVERICKS,Location.AWAY,Team.HOUSTON_ROCKETS,Outcome.LOSS,1416,3,7,1,1,1,1,0,1,2,0,0,1,2,-17.0,4.2
hausesa01,Sam Hauser,Team.BOSTON_CELTICS,Location.AWAY,Team.MIAMI_HEAT,Outcome.WIN,1266,2,4,2,4,0,0,0,3,0,0,0,0,2,-2.0,4.1
morrima02,Markieff Morris,Team.LOS_ANGELES_LAKERS,Location.AWAY,Team.DENVER_NUGGETS,Outcome.LOSS,1421,3,11,1,4,0,0,2,3,3,0,0,0,2,-5.0,4.1
curryse01,Seth Curry,Team.CHARLOTTE_HORNETS,Location.AWAY,Team.SAN_ANTONIO_SPURS,Outcome.WIN,1116,2,4,1,2,0,0,0,2,2,0,0,1,0,11.0,4.0
valanjo01,Jonas Valančiūnas,Team.SACRAMENTO_KINGS,Location.AWAY,Team.PHOENIX_SUNS,Outcome.LOSS,738,2,5,0,0,2,2,5,0,2,0,0,3,3,-15.0,4.0
gueyemo02,Mouhamed Gueye,Team.ATLANTA_HAWKS,Location.HOME,Team.LOS_ANGELES_CLIPPERS,Outcome.LOSS,685,2,4,1,1,0,0,1,3,0,0,1,1,1,-7.0,3.9
reeseal01,Alex Reese,Team.PHILADELPHIA_76ERS,Location.HOME,Team.INDIANA_PACERS,Outcome.LOSS,1110,2,5,1,4,0,0,0,3,0,1,2,1,2,0.0,3.8
watsope01,Peyton Watson,Team.DENVER_NUGGETS,Location.HOME,Team.LOS_ANGELES_LAKERS,Outcome.WIN,988,1,5,0,1,2,4,0,1,1,2,1,0,0,-8.0,3.8
mclaujo01,Jordan McLaughlin,Team.SAN_ANTONIO_SPURS,Location.HOME,Team.CHARLOTTE_HORNETS,Outcome.LOSS,404,1,1,1,1,0,0,0,2,2,0,0,1,0,15.0,3.7
lenal01,Alex Len,Team.LOS_ANGELES_LAKERS,Location.AWAY,Team.DENVER_NUGGETS,Outcome.LOSS,718,1,2,0,0,0,0,4,1,1,0,0,0,3,-8.0,3.6
battlja01,Jamison Battle,Team.TORONTO_RAPTORS,Location.AWAY,Team.UTAH_JAZZ,Outcome.WIN,2187,3,11,1,6,0,0,0,6,0,1,2,0,3,-11.0,3.5
clarkja02,Jaylen Clark,Team.MINNESOTA_TIMBERWOLVES,Location.HOME,Team.ORLANDO_MAGIC,Outcome.WIN,310,1,1,0,0,0,0,0,0,1,1,0,0,0,2.0,3.4
daniedy01,Dyson Daniels,Team.ATLANTA_HAWKS,Location.HOME,Team.LOS_ANGELES_CLIPPERS,Outcome.LOSS,1882,2,12,0,4,2,2,2,4,5,3,0,3,3,-3.0,3.3
wellsja01,Jaylen Wells,Team.MEMPHIS_GRIZZLIES,Location.HOME,Team.CLEVELAND_CAVALIERS,Outcome.LOSS,999,3,5,0,1,1,1,0,0,0,0,0,1,1,-4.0,3.3
harriga01,Gary Harris,Team.ORLANDO_MAGIC,Location.AWAY,Team.MINNESOTA_TIMBERWOLVES,Outcome.LOSS,1259,1,2,1,1,0,0,0,1,1,0,2,0,3,1.0,3.2
garrema01,Marcus Garrett,Team.CHARLOTTE_HORNETS,Location.AWAY,Team.SAN_ANTONIO_SPURS,Outcome.WIN,1133,1,6,1,2,2,2,1,0,3,0,1,1,2,-16.0,2.9
isaacjo01,Jonathan Isaac,Team.ORLANDO_MAGIC,Location.AWAY,Team.MINNESOTA_TIMBERWOLVES,Outcome.LOSS,564,1,3,1,1,0,0,1,0,1,2,0,1,2,-3.0,2.9
mccontj01,T.J. McConnell,Team.INDIANA_PACERS,Location.AWAY,Team.PHILADELPHIA_76ERS,Outcome.WIN,1032,4,4,0,0,0,0,1,1,0,0,0,5,0,-10.0,2.8
chrisca02,Cam Christie,Team.LOS_ANGELES_CLIPPERS,Location.AWAY,Team.ATLANTA_HAWKS,Outcome.WIN,130,1,1,0,0,0,0,0,1,1,0,0,0,0,4.0,2.7
huffja01,Jay Huff,Team.MEMPHIS_GRIZZLIES,Location.HOME,Team.CLEVELAND_CAVALIERS,Outcome.LOSS,220,1,1,0,0,0,0,0,0,0,1,0,0,0,1.0,2.7
konchjo01,John Konchar,Team.MEMPHIS_GRIZZLIES,Location.HOME,Team.CLEVELAND_CAVALIERS,Outcome.LOSS,239,1,1,0,0,0,0,0,1,1,0,0,0,0,11.0,2.7
plumlma01,Mason Plumlee,Team.PHOENIX_SUNS,Location.HOME,Team.SACRAMENTO_KINGS,Outcome.WIN,942,1,3,0,0,0,0,1,4,1,1,0,0,3,-7.0,2.7
willivi01,Vince Williams Jr.,Team.MEMPHIS_GRIZZLIES,Location.HOME,Team.CLEVELAND_CAVALIERS,Outcome.LOSS,1063,1,2,1,1,0,0,0,3,2,0,0,1,2,4.0,2.5
jonesis01,Isaac Jones,Team.SACRAMENTO_KINGS,Location.AWAY,Team.PHOENIX_SUNS,Outcome.LOSS,80,1,1,0,0,0,0,1,0,0,0,0,0,0,2.0,2.4
poweldw01,Dwight Powell,Team.DALLAS_MAVERICKS,Location.AWAY,Team.HOUSTON_ROCKETS,Outcome.LOSS,1190,0,1,0,0,1,2,2,0,2,1,1,1,3,-19.0,2.2
martike04,KJ Martin,Team.UTAH_JAZZ,Location.HOME,Team.TORONTO_RAPTORS,Outcome.LOSS,1258,1,3,0,1,0,0,0,1,3,1,0,0,4,-29.0,2.1
brownko01,Kobe Brown,Team.LOS_ANGELES_CLIPPERS,Location.AWAY,Team.ATLANTA_HAWKS,Outcome.WIN,130,0,0,0,0,0,0,0,1,1,1,0,0,0,4.0,2.0
bitadgo01,Goga Bitadze,Team.ORLANDO_MAGIC,Location.AWAY,Team.MINNESOTA_TIMBERWOLVES,Outcome.LOSS,334,0,0,0,0,0,0,0,1,1,1,1,0,2,6.0,1.9
tateja01,Jae'Sean Tate,Team.HOUSTON_ROCKETS,Location.HOME,Team.DALLAS_MAVERICKS,Outcome.WIN,412,1,3,0,0,0,0,1,4,1,0,0,1,0,1.0,1.9
jacksgg01,GG Jackson II,Team.MEMPHIS_GRIZZLIES,Location.HOME,Team.CLEVELAND_CAVALIERS,Outcome.LOSS,841,2,9,0,2,0,0,2,4,1,0,0,0,0,1.0,1.8
hoodsja01,Jalen Hood-Schifino,Team.PHILADELPHIA_76ERS,Location.HOME,Team.INDIANA_PACERS,Outcome.LOSS,1172,2,8,0,4,1,2,1,2,3,0,0,1,2,1.0,1.4
robindu01,Duncan Robinson,Team.MIAMI_HEAT,Location.HOME,Team.BOSTON_CELTICS,Outcome.LOSS,1573,2,6,2,6,0,0,0,3,0,1,0,2,3,-18.0,1.3
spencca01,Cam Spencer,Team.MEMPHIS_GRIZZLIES,Location.HOME,Team.CLEVELAND_CAVALIERS,Outcome.LOSS,401,1,4,1,4,0,0,0,0,2,0,0,0,2,15.0,1.2
wadede01,Dean Wade,Team.CLEVELAND_CAVALIERS,Location.AWAY,Team.MEMPHIS_GRIZZLIES,Outcome.WIN,1358,1,4,0,3,0,0,1,3,0,0,0,0,0,-1.0,1.2
banede01,Desmond Bane,Team.MEMPHIS_GRIZZLIES,Location.HOME,Team.CLEVELAND_CAVALIERS,Outcome.LOSS,1589,5,16,2,9,0,1,3,3,3,0,0,5,4,-24.0,0.9
paulch01,Chris Paul,Team.SAN_ANTONIO_SPURS,Location.HOME,Team.CHARLOTTE_HORNETS,Outcome.LOSS,1050,1,3,1,1,0,0,0,1,3,0,0,2,2,-18.0,0.9
willico04,Cody Williams,Team.UTAH_JAZZ,Location.HOME,Team.TORONTO_RAPTORS,Outcome.LOSS,1573,2,5,2,4,0,0,0,4,0,0,0,2,4,4.0,0.9
jacksqu01,Quenton Jackson,Team.INDIANA_PACERS,Location.AWAY,Team.PHILADELPHIA_76ERS,Outcome.WIN,91,0,0,0,0,0,0,0,0,1,0,0,0,0,0.0,0.7
millspa02,Patty Mills,Team.LOS_ANGELES_CLIPPERS,Location.AWAY,Team.ATLANTA_HAWKS,Outcome.WIN,111,0,0,0,0,0,0,0,0,1,0,0,0,0,6.0,0.7
moorewe01,Wendell Moore Jr.,Team.CHARLOTTE_HORNETS,Location.AWAY,Team.SAN_ANTONIO_SPURS,Outcome.WIN,518,0,1,0,0,0,0,1,0,1,0,0,0,0,-2.0,0.7
furphjo01,Johnny Furphy,Team.INDIANA_PACERS,Location.AWAY,Team.PHILADELPHIA_76ERS,Outcome.WIN,91,0,0,0,0,0,0,0,0,0,1,0,0,1,0.0,0.6
portecr01,Craig Porter Jr.,Team.CLEVELAND_CAVALIERS,Location.AWAY,Team.MEMPHIS_GRIZZLIES,Outcome.WIN,239,0,1,0,0,1,2,0,0,0,0,1,0,0,-11.0,0.6
greenje02,Jeff Green,Team.HOUSTON_ROCKETS,Location.HOME,Team.DALLAS_MAVERICKS,Outcome.WIN,918,0,0,0,0,0,0,0,4,1,0,0,1,1,18.0,0.5
sheppbe01,Ben Sheppard,Team.INDIANA_PACERS,Location.AWAY,Team.PHILADELPHIA_76ERS,Outcome.WIN,983,1,4,0,2,0,0,0,4,1,1,0,0,5,-11.0,0.5
cartewe01,Wendell Carter Jr.,Team.ORLANDO_MAGIC,Location.AWAY,Team.MINNESOTA_TIMBERWOLVES,Outcome.LOSS,1879,2,5,0,2,0,0,1,1,2,0,1,2,5,-8.0,0.4
bolbo01,Bol Bol,Team.PHOENIX_SUNS,Location.HOME,Team.SACRAMENTO_KINGS,Outcome.WIN,43,0,0,0,0,0,0,0,1,0,0,0,0,0,0.0,0.3
exumda01,Dante Exum,Team.DALLAS_MAVERICKS,Location.AWAY,Team.HOUSTON_ROCKETS,Outcome.LOSS,399,1,3,0,0,0,0,0,0,0,0,0,0,0,-1.0,0.3
howarje01,Jett Howard,Team.ORLANDO_MAGIC,Location.AWAY,Team.MINNESOTA_TIMBERWOLVES,Outcome.LOSS,257,1,2,0,1,0,0,0,1,0,0,0,1,0,-4.0,0.3
quetane01,Neemias Queta,Team.BOSTON_CELTICS,Location.AWAY,Team.MIAMI_HEAT,Outcome.WIN,1353,0,2,0,0,2,2,3,5,0,0,1,3,4,9.0,0.3
bradlto01,Tony Bradley,Team.INDIANA_PACERS,Location.AWAY,Team.PHILADELPHIA_76ERS,Outcome.WIN,91,0,0,0,0,0,0,0,0,0,0,0,0,0,0.0,0.0
crawfis01,Isaiah Crawford,Team.SACRAMENTO_KINGS,Location.AWAY,Team.PHOENIX_SUNS,Outcome.LOSS,80,0,0,0,0,0,0,0,0,0,0,0,0,0,2.0,0.0
eubandr01,Drew Eubanks,Team.LOS_ANGELES_CLIPPERS,Location.AWAY,Team.ATLANTA_HAWKS,Outcome.WIN,130,0,0,0,0,0,0,0,0,0,0,0,0,0,4.0,0.0
laravja01,Jake LaRavia,Team.SACRAMENTO_KINGS,Location.AWAY,Team.PHOENIX_SUNS,Outcome.LOSS,977,1,4,1,3,0,0,0,2,0,0,0,0,3,-11.0,0.0
thomptr01,Tristan Thompson,Team.CLEVELAND_CAVALIERS,Location.AWAY,Team.MEMPHIS_GRIZZLIES,Outcome.WIN,239,0,0,0,0,0,0,0,0,0,0,0,0,0,-11.0,0.0
washity02,TyTy Washington Jr.,Team.PHOENIX_SUNS,Location.HOME,Team.SACRAMENTO_KINGS,Outcome.WIN,80,0,0,0,0,0,0,0,0,0,0,0,0,0,-2.0,0.0
cartede02,Devin Carter,Team.SACRAMENTO_KINGS,Location.AWAY,Team.PHOENIX_SUNS,Outcome.LOSS,384,0,0,0,0,0,0,0,1,0,0,0,0,1,4.0,-0.1
tysonja01,Jaylon Tyson,Team.CLEVELAND_CAVALIERS,Location.AWAY,Team.MEMPHIS_GRIZZLIES,Outcome.WIN,239,0,4,0,3,2,2,1,0,0,0,0,0,0,-11.0,-0.1
dunnkr01,Kris Dunn,Team.LOS_ANGELES_CLIPPERS,Location.AWAY,Team.ATLANTA_HAWKS,Outcome.WIN,1341,0,4,0,1,0,0,0,3,1,1,1,0,2,3.0,-0.3
baglema01,Marvin Bagley III,Team.MEMPHIS_GRIZZLIES,Location.HOME,Team.CLEVELAND_CAVALIERS,Outcome.LOSS,239,0,1,0,0,0,0,0,1,0,0,0,0,0,11.0,-0.4
larsspe01,Pelle Larsson,Team.MIAMI_HEAT,Location.HOME,Team.BOSTON_CELTICS,Outcome.LOSS,941,1,2,0,1,0,0,0,0,0,0,0,1,1,-4.0,-0.4
pickeja02,Jalen Pickett,Team.DENVER_NUGGETS,Location.HOME,Team.LOS_ANGELES_LAKERS,Outcome.WIN,133,0,0,0,0,0,0,0,0,0,0,0,0,1,-1.0,-0.4
willije02,Jeenathan Williams,Team.HOUSTON_ROCKETS,Location.HOME,Team.DALLAS_MAVERICKS,Outcome.WIN,412,0,2,0,2,0,0,0,1,1,0,0,0,0,1.0,-0.4
fultzma01,Markelle Fultz,Team.SACRAMENTO_KINGS,Location.AWAY,Team.PHOENIX_SUNS,Outcome.LOSS,80,0,1,0,0,0,0,0,0,0,0,0,0,0,2.0,-0.7
thompkl01,Klay Thompson,Team.DALLAS_MAVERICKS,Location.AWAY,Team.HOUSTON_ROCKETS,Outcome.LOSS,1561,2,16,0,3,1,1,3,6,3,0,0,1,1,-33.0,-0.8
walshjo01,Jordan Walsh,Team.BOSTON_CELTICS,Location.AWAY,Team.MIAMI_HEAT,Outcome.WIN,427,0,1,0,1,0,0,0,1,0,0,0,0,1,-6.0,-0.8
mathube01,Bennedict Mathurin,Team.INDIANA_PACERS,Location.AWAY,Team.PHILADELPHIA_76ERS,Outcome.WIN,921,1,7,1,4,2,2,0,1,1,0,0,2,1,-7.0,-0.9
diabamo01,Moussa Diabaté,Team.CHARLOTTE_HORNETS,Location.AWAY,Team.SAN_ANTONIO_SPURS,Outcome.WIN,363,0,2,0,0,0,0,1,1,0,0,0,1,0,-8.0,-1.4
highsha01,Haywood Highsmith,Team.MIAMI_HEAT,Location.HOME,Team.BOSTON_CELTICS,Outcome.LOSS,539,0,2,0,1,0,0,0,0,0,1,0,1,0,3.0,-1.4
reddica01,Cam Reddish,Team.LOS_ANGELES_LAKERS,Location.AWAY,Team.DENVER_NUGGETS,Outcome.LOSS,404,0,2,0,1,0,0,0,0,0,0,0,0,0,-12.0,-1.4
sextoco01,Collin Sexton,Team.UTAH_JAZZ,Location.HOME,Team.TORONTO_RAPTORS,Outcome.LOSS,1211,3,13,0,3,2,3,1,0,2,0,0,3,1,-24.0,-1.6
kennalu01,Luke Kennard,Team.MEMPHIS_GRIZZLIES,Location.HOME,Team.CLEVELAND_CAVALIERS,Outcome.LOSS,922,0,5,0,4,0,0,1,0,0,1,0,3,1,-16.0,-5.2
chrisma02,Max Christie,Team.DALLAS_MAVERICKS,Location.AWAY,Team.HOUSTON_ROCKETS,Outcome.LOSS,2042,1,13,0,4,0,0,0,4,0,0,0,0,0,-23.0,-5.5
niangge01,Georges Niang,Team.ATLANTA_HAWKS,Location.HOME,Team.LOS_ANGELES_CLIPPERS,Outcome.LOSS,787,0,5,0,3,0,0,0,0,1,0,0,3,1,-20.0,-6.2
