slug,name,team,location,opponent,outcome,seconds_played,made_field_goals,attempted_field_goals,made_three_point_field_goals,attempted_three_point_field_goals,made_free_throws,attempted_free_throws,offensive_rebounds,defensive_rebounds,assists,steals,blocks,turnovers,personal_fouls,plus_minus,game_score
tatumja01,Jayson Tatum,Team.BOSTON_CELTICS,Location.HOME,Team.CLEVELAND_CAVALIERS,Outcome.LOSS,2435,19,37,4,12,4,5,5,11,9,0,3,3,4,5.0,37.9
mitchdo01,Donovan Mitchell,Team.CLEVELAND_CAVALIERS,Location.AWAY,Team.BOSTON_CELTICS,Outcome.WIN,2108,13,26,5,12,10,11,0,3,5,1,0,2,1,0.0,30.6
siakapa01,Pascal Siakam,Team.INDIANA_PACERS,Location.AWAY,Team.MIAMI_HEAT,Outcome.LOSS,1947,13,21,8,11,2,4,1,5,2,2,0,1,3,-8.0,29.1
jokicni01,Nikola Jokić,Team.DENVER_NUGGETS,Location.AWAY,Team.DETROIT_PISTONS,Outcome.WIN,2050,6,12,0,3,11,12,0,17,15,1,2,7,2,33.0,26.8
gilgesh01,Shai Gilgeous-Alexander,Team.OKLAHOMA_CITY_THUNDER,Location.AWAY,Team.ATLANTA_HAWKS,Outcome.WIN,2065,12,23,3,7,4,4,0,3,5,2,0,1,0,23.0,25.1
zubaciv01,Ivica Zubac,Team.LOS_ANGELES_CLIPPERS,Location.AWAY,Team.LOS_ANGELES_LAKERS,Outcome.LOSS,2274,13,15,0,0,1,2,6,10,0,0,1,3,4,9.0,24.6
brownja02,Jaylen Brown,Team.BOSTON_CELTICS,Location.HOME,Team.CLEVELAND_CAVALIERS,Outcome.LOSS,2035,13,24,4,6,7,10,4,1,2,0,0,3,4,10.0,24.1
murraja01,Jamal Murray,Team.DENVER_NUGGETS,Location.AWAY,Team.DETROIT_PISTONS,Outcome.WIN,2097,10,22,5,9,6,7,1,2,4,2,1,2,1,23.0,23.6
collijo01,John Collins,Team.UTAH_JAZZ,Location.HOME,Team.MINNESOTA_TIMBERWOLVES,Outcome.WIN,1618,12,18,3,6,2,3,3,9,1,0,1,3,3,11.0,22.8
bolbo01,Bol Bol,Team.PHOENIX_SUNS,Location.HOME,Team.NEW_ORLEANS_PELICANS,Outcome.WIN,1568,9,12,5,8,2,2,1,2,2,0,2,1,2,4.0,22.5
portemi01,Michael Porter Jr.,Team.DENVER_NUGGETS,Location.AWAY,Team.DETROIT_PISTONS,Outcome.WIN,2306,10,15,6,7,2,2,2,7,1,0,0,2,3,35.0,22.5
reidna01,Naz Reid,Team.MINNESOTA_TIMBERWOLVES,Location.AWAY,Team.UTAH_JAZZ,Outcome.LOSS,2466,10,25,6,15,1,2,4,7,5,3,1,2,3,-5.0,22.0
halibty01,Tyrese Haliburton,Team.INDIANA_PACERS,Location.AWAY,Team.MIAMI_HEAT,Outcome.LOSS,2160,8,15,3,5,0,0,0,2,10,4,0,1,1,3.0,21.9
hawkijo01,Jordan Hawkins,Team.NEW_ORLEANS_PELICANS,Location.AWAY,Team.PHOENIX_SUNS,Outcome.LOSS,1862,10,17,3,7,1,2,2,0,4,3,1,2,0,-4.0,21.6
braunch01,Christian Braun,Team.DENVER_NUGGETS,Location.AWAY,Team.DETROIT_PISTONS,Outcome.WIN,2111,10,14,2,3,1,1,1,5,2,0,1,0,0,30.0,21.5
barnesc01,Scottie Barnes,Team.TORONTO_RAPTORS,Location.AWAY,Team.CHICAGO_BULLS,Outcome.LOSS,2151,10,19,2,3,2,2,3,5,6,1,1,2,2,0.0,21.4
herroty01,Tyler Herro,Team.MIAMI_HEAT,Location.HOME,Team.INDIANA_PACERS,Outcome.WIN,2032,11,25,3,10,4,5,2,1,7,0,1,1,1,8.0,21.4
jamesle01,LeBron James,Team.LOS_ANGELES_LAKERS,Location.HOME,Team.LOS_ANGELES_CLIPPERS,Outcome.WIN,2237,12,21,2,7,2,3,1,12,3,1,0,4,0,-1.0,21.1
adebaba01,Bam Adebayo,Team.MIAMI_HEAT,Location.HOME,Team.INDIANA_PACERS,Outcome.WIN,1872,8,14,2,4,0,0,2,5,7,2,0,0,1,-2.0,20.8
okongon01,Onyeka Okongwu,Team.ATLANTA_HAWKS,Location.HOME,Team.OKLAHOMA_CITY_THUNDER,Outcome.LOSS,2072,9,12,1,2,4,4,2,11,2,0,1,3,4,-2.0,20.4
missiyv01,Yves Missi,Team.NEW_ORLEANS_PELICANS,Location.AWAY,Team.PHOENIX_SUNS,Outcome.LOSS,1553,11,14,0,0,2,3,3,2,1,0,1,2,0,-3.0,20.3
youngtr01,Trae Young,Team.ATLANTA_HAWKS,Location.HOME,Team.OKLAHOMA_CITY_THUNDER,Outcome.LOSS,2115,5,14,2,5,7,7,0,3,12,3,0,3,1,-4.0,20.1
turnemy01,Myles Turner,Team.INDIANA_PACERS,Location.AWAY,Team.MIAMI_HEAT,Outcome.LOSS,2117,7,12,5,9,3,4,0,3,3,2,0,1,0,1.0,20.0
giddejo01,Josh Giddey,Team.CHICAGO_BULLS,Location.HOME,Team.TORONTO_RAPTORS,Outcome.WIN,2429,7,17,2,6,3,4,0,8,12,1,1,1,3,16.0,19.8
sharpsh01,Shaedon Sharpe,Team.PORTLAND_TRAIL_BLAZERS,Location.AWAY,Team.BROOKLYN_NETS,Outcome.WIN,2153,9,14,4,6,3,5,1,3,5,0,1,3,3,15.0,19.6
colliza01,Zach Collins,Team.CHICAGO_BULLS,Location.HOME,Team.TORONTO_RAPTORS,Outcome.WIN,2403,5,10,0,4,5,6,5,8,5,1,1,1,2,28.0,18.9
mcdanja02,Jaden McDaniels,Team.MINNESOTA_TIMBERWOLVES,Location.AWAY,Team.UTAH_JAZZ,Outcome.LOSS,2097,9,16,2,6,0,0,2,8,5,2,0,2,2,-14.0,18.9
robindu01,Duncan Robinson,Team.MIAMI_HEAT,Location.HOME,Team.INDIANA_PACERS,Outcome.WIN,1716,8,10,4,6,0,0,0,2,5,1,0,2,1,0.0,18.9
dunnkr01,Kris Dunn,Team.LOS_ANGELES_CLIPPERS,Location.AWAY,Team.LOS_ANGELES_LAKERS,Outcome.LOSS,1760,6,9,2,3,0,0,2,7,6,4,0,1,5,12.0,18.8
bantoda01,Dalano Banton,Team.PORTLAND_TRAIL_BLAZERS,Location.AWAY,Team.BROOKLYN_NETS,Outcome.WIN,1473,8,11,3,4,4,5,1,7,0,1,0,3,1,11.0,18.5
whiteco01,Coby White,Team.CHICAGO_BULLS,Location.HOME,Team.TORONTO_RAPTORS,Outcome.WIN,2210,8,19,2,9,6,6,0,4,3,4,0,2,2,11.0,18.4
doncilu01,Luka Dončić,Team.LOS_ANGELES_LAKERS,Location.HOME,Team.LOS_ANGELES_CLIPPERS,Outcome.WIN,2106,9,22,3,9,10,11,1,1,5,3,0,6,5,-13.0,18.3
mcbrimi01,Miles McBride,Team.NEW_YORK_KNICKS,Location.AWAY,Team.MEMPHIS_GRIZZLIES,Outcome.WIN,1688,7,11,3,5,0,0,2,2,3,2,0,0,0,9.0,18.2
brunsja01,Jalen Brunson,Team.NEW_YORK_KNICKS,Location.AWAY,Team.MEMPHIS_GRIZZLIES,Outcome.WIN,2176,10,23,2,6,1,1,1,6,6,3,1,3,1,-2.0,17.9
duranke01,Kevin Durant,Team.PHOENIX_SUNS,Location.HOME,Team.NEW_ORLEANS_PELICANS,Outcome.WIN,2115,7,10,2,2,1,1,1,1,6,3,0,2,3,22.0,17.8
richani01,Nick Richards,Team.PHOENIX_SUNS,Location.HOME,Team.NEW_ORLEANS_PELICANS,Outcome.WIN,1715,8,11,0,0,3,4,1,11,2,0,1,2,1,-4.0,17.8
banede01,Desmond Bane,Team.MEMPHIS_GRIZZLIES,Location.HOME,Team.NEW_YORK_KNICKS,Outcome.LOSS,2103,9,17,0,4,6,6,4,8,4,1,0,6,3,6.0,17.5
thompau01,Ausar Thompson,Team.DETROIT_PISTONS,Location.HOME,Team.DENVER_NUGGETS,Outcome.LOSS,1557,6,11,0,0,1,2,3,1,5,5,0,1,0,-30.0,17.2
leverca01,Caris LeVert,Team.ATLANTA_HAWKS,Location.HOME,Team.OKLAHOMA_CITY_THUNDER,Outcome.LOSS,1644,9,16,3,9,2,2,0,3,3,2,0,3,1,-5.0,17.0
dortlu01,Luguentz Dort,Team.OKLAHOMA_CITY_THUNDER,Location.AWAY,Team.ATLANTA_HAWKS,Outcome.WIN,1931,7,13,6,11,0,0,1,3,1,2,0,0,3,15.0,16.8
hayeski01,Killian Hayes,Team.BROOKLYN_NETS,Location.HOME,Team.PORTLAND_TRAIL_BLAZERS,Outcome.LOSS,1824,5,8,2,3,4,4,2,2,4,1,1,2,1,-12.0,16.5
willija06,Jalen Williams,Team.OKLAHOMA_CITY_THUNDER,Location.AWAY,Team.ATLANTA_HAWKS,Outcome.WIN,1988,6,16,4,8,4,4,1,4,8,1,0,3,1,9.0,16.3
anunoog01,OG Anunoby,Team.NEW_YORK_KNICKS,Location.AWAY,Team.MEMPHIS_GRIZZLIES,Outcome.WIN,2301,7,17,4,10,1,1,2,1,3,1,2,0,0,-4.0,16.1
harteis01,Isaiah Hartenstein,Team.OKLAHOMA_CITY_THUNDER,Location.AWAY,Team.ATLANTA_HAWKS,Outcome.WIN,1627,6,8,0,0,1,2,2,8,6,2,1,2,5,-13.0,16.1
claxtni01,Nic Claxton,Team.BROOKLYN_NETS,Location.HOME,Team.PORTLAND_TRAIL_BLAZERS,Outcome.LOSS,1395,6,9,0,0,4,5,2,3,3,0,0,0,1,-11.0,15.7
onealro01,Royce O'Neale,Team.PHOENIX_SUNS,Location.HOME,Team.NEW_ORLEANS_PELICANS,Outcome.WIN,1543,6,9,6,9,0,0,0,3,3,0,0,1,1,12.0,15.7
bookede01,Devin Booker,Team.PHOENIX_SUNS,Location.HOME,Team.NEW_ORLEANS_PELICANS,Outcome.WIN,2205,6,13,3,9,2,2,0,0,9,1,0,1,3,13.0,15.4
mobleev01,Evan Mobley,Team.CLEVELAND_CAVALIERS,Location.AWAY,Team.BOSTON_CELTICS,Outcome.WIN,1737,6,12,2,5,3,4,5,7,3,0,1,2,4,2.0,15.4
moranja01,Ja Morant,Team.MEMPHIS_GRIZZLIES,Location.HOME,Team.NEW_YORK_KNICKS,Outcome.LOSS,1885,9,22,0,6,7,7,0,4,7,1,0,4,3,8.0,15.1
garzalu01,Luka Garza,Team.MINNESOTA_TIMBERWOLVES,Location.AWAY,Team.UTAH_JAZZ,Outcome.LOSS,1050,5,7,1,3,5,9,1,0,1,2,0,0,0,11.0,14.9
camarto01,Toumani Camara,Team.PORTLAND_TRAIL_BLAZERS,Location.AWAY,Team.BROOKLYN_NETS,Outcome.WIN,2138,6,11,4,7,3,4,0,3,4,1,0,2,3,27.0,14.8
nembhan01,Andrew Nembhard,Team.INDIANA_PACERS,Location.AWAY,Team.MIAMI_HEAT,Outcome.LOSS,2244,4,7,1,2,0,0,1,2,11,1,2,2,1,1.0,14.7
leonaka01,Kawhi Leonard,Team.LOS_ANGELES_CLIPPERS,Location.AWAY,Team.LOS_ANGELES_LAKERS,Outcome.LOSS,2263,8,17,3,8,2,6,2,2,3,2,0,2,1,7.0,14.4
quickim01,Immanuel Quickley,Team.TORONTO_RAPTORS,Location.AWAY,Team.CHICAGO_BULLS,Outcome.LOSS,1949,6,16,4,11,7,8,0,5,5,0,0,2,6,9.0,14.4
edeyza01,Zach Edey,Team.MEMPHIS_GRIZZLIES,Location.HOME,Team.NEW_YORK_KNICKS,Outcome.LOSS,1421,4,5,0,0,2,2,5,6,1,0,2,0,3,5.0,14.3
whitede01,Derrick White,Team.BOSTON_CELTICS,Location.HOME,Team.CLEVELAND_CAVALIERS,Outcome.LOSS,2466,5,12,4,10,2,2,0,1,5,3,0,1,3,-2.0,14.2
shannte01,Terrence Shannon Jr. ,Team.MINNESOTA_TIMBERWOLVES,Location.AWAY,Team.UTAH_JAZZ,Outcome.LOSS,1689,7,16,3,5,0,1,1,3,5,0,1,0,1,-6.0,13.6
kesslwa01,Walker Kessler,Team.UTAH_JAZZ,Location.HOME,Team.MINNESOTA_TIMBERWOLVES,Outcome.WIN,1553,4,7,0,0,1,2,3,10,1,1,2,0,0,23.0,13.5
simonan01,Anfernee Simons,Team.PORTLAND_TRAIL_BLAZERS,Location.AWAY,Team.BROOKLYN_NETS,Outcome.WIN,1885,6,11,2,6,0,0,1,2,6,1,0,2,0,15.0,13.2
clarkbr01,Brandon Clarke,Team.MEMPHIS_GRIZZLIES,Location.HOME,Team.NEW_YORK_KNICKS,Outcome.LOSS,1001,5,5,0,0,1,1,4,3,2,0,0,1,2,-7.0,12.8
garlada01,Darius Garland,Team.CLEVELAND_CAVALIERS,Location.AWAY,Team.BOSTON_CELTICS,Outcome.WIN,1893,9,23,2,7,0,0,1,2,7,0,0,1,0,-17.0,12.7
barrerj01,RJ Barrett,Team.TORONTO_RAPTORS,Location.AWAY,Team.CHICAGO_BULLS,Outcome.LOSS,2424,8,19,1,4,1,1,2,5,8,0,0,3,2,-24.0,12.6
hendesc01,Scoot Henderson,Team.PORTLAND_TRAIL_BLAZERS,Location.AWAY,Team.BROOKLYN_NETS,Outcome.WIN,1600,4,9,1,6,3,4,0,3,9,3,1,4,3,18.0,12.6
huertke01,Kevin Huerter,Team.CHICAGO_BULLS,Location.HOME,Team.TORONTO_RAPTORS,Outcome.WIN,1697,4,10,4,8,3,3,0,1,2,1,1,0,1,13.0,12.6
mannte01,Terance Mann,Team.ATLANTA_HAWKS,Location.HOME,Team.OKLAHOMA_CITY_THUNDER,Outcome.LOSS,1572,5,9,3,4,0,0,4,1,3,0,0,1,1,-17.0,12.5
divindo01,Donte DiVincenzo,Team.MINNESOTA_TIMBERWOLVES,Location.AWAY,Team.UTAH_JAZZ,Outcome.LOSS,1564,4,13,4,10,0,0,0,7,5,2,1,0,2,14.0,12.0
jacksja02,Jaren Jackson Jr.,Team.MEMPHIS_GRIZZLIES,Location.HOME,Team.NEW_YORK_KNICKS,Outcome.LOSS,2034,6,16,1,5,5,6,1,6,1,0,2,1,1,5.0,12.0
jaqueja01,Jaime Jaquez Jr.,Team.MIAMI_HEAT,Location.HOME,Team.INDIANA_PACERS,Outcome.WIN,842,4,4,1,1,2,2,2,2,1,1,0,2,0,-1.0,11.5
mitchda01,Davion Mitchell,Team.MIAMI_HEAT,Location.HOME,Team.INDIANA_PACERS,Outcome.WIN,2199,3,7,2,2,2,2,2,1,8,1,1,3,2,6.0,11.5
martike04,KJ Martin,Team.UTAH_JAZZ,Location.HOME,Team.MINNESOTA_TIMBERWOLVES,Outcome.WIN,1296,5,5,0,0,1,2,1,3,0,1,1,1,0,-8.0,11.4
wiggiaa01,Aaron Wiggins,Team.OKLAHOMA_CITY_THUNDER,Location.AWAY,Team.ATLANTA_HAWKS,Outcome.WIN,1552,5,10,3,5,0,0,3,3,2,0,0,1,0,4.0,11.4
bridgmi01,Mikal Bridges,Team.NEW_YORK_KNICKS,Location.AWAY,Team.MEMPHIS_GRIZZLIES,Outcome.WIN,2009,7,14,0,5,1,2,0,2,3,0,2,0,1,1.0,11.3
allenja01,Jarrett Allen,Team.CLEVELAND_CAVALIERS,Location.AWAY,Team.BOSTON_CELTICS,Outcome.WIN,1423,4,4,0,0,2,2,3,1,1,1,0,1,2,-23.0,11.1
clingdo01,Donovan Clingan,Team.PORTLAND_TRAIL_BLAZERS,Location.AWAY,Team.BROOKLYN_NETS,Outcome.WIN,1679,5,8,0,0,2,7,3,4,3,0,2,1,3,22.0,11.0
colliis01,Isaiah Collier,Team.UTAH_JAZZ,Location.HOME,Team.MINNESOTA_TIMBERWOLVES,Outcome.WIN,1811,4,8,0,2,3,4,0,3,14,0,0,6,1,16.0,10.9
sensabr01,Brice Sensabaugh,Team.UTAH_JAZZ,Location.HOME,Team.MINNESOTA_TIMBERWOLVES,Outcome.WIN,1363,6,10,5,8,0,0,0,3,2,0,0,3,2,-6.0,10.9
beaslma01,Malik Beasley,Team.DETROIT_PISTONS,Location.HOME,Team.DENVER_NUGGETS,Outcome.LOSS,1540,6,18,4,11,0,0,1,3,3,2,0,0,2,3.0,10.7
huntede01,De'Andre Hunter,Team.CLEVELAND_CAVALIERS,Location.AWAY,Team.BOSTON_CELTICS,Outcome.WIN,1731,4,6,3,3,1,2,0,5,1,0,1,1,1,21.0,10.5
johnsca02,Cameron Johnson,Team.BROOKLYN_NETS,Location.HOME,Team.PORTLAND_TRAIL_BLAZERS,Outcome.LOSS,1457,4,11,2,6,4,4,1,3,4,2,0,3,2,-14.0,10.5
robinor01,Orlando Robinson,Team.TORONTO_RAPTORS,Location.AWAY,Team.CHICAGO_BULLS,Outcome.LOSS,1449,4,11,1,3,3,4,3,5,3,0,1,1,1,-16.0,10.5
wareke01,Kel'el Ware,Team.MIAMI_HEAT,Location.HOME,Team.INDIANA_PACERS,Outcome.WIN,1695,2,3,0,0,4,4,3,9,0,1,0,2,0,7.0,10.5
hardeja01,James Harden,Team.LOS_ANGELES_CLIPPERS,Location.AWAY,Team.LOS_ANGELES_LAKERS,Outcome.LOSS,2343,5,22,1,10,7,7,2,5,9,3,0,6,1,-1.0,10.4
vincega01,Gabe Vincent,Team.LOS_ANGELES_LAKERS,Location.HOME,Team.LOS_ANGELES_CLIPPERS,Outcome.WIN,1549,3,7,1,4,0,0,0,1,3,4,1,0,0,11.0,10.4
hartjo01,Josh Hart,Team.NEW_YORK_KNICKS,Location.AWAY,Team.MEMPHIS_GRIZZLIES,Outcome.WIN,1719,2,6,1,2,7,8,0,4,6,1,1,3,5,-4.0,10.3
jonestr01,Tre Jones,Team.CHICAGO_BULLS,Location.HOME,Team.TORONTO_RAPTORS,Outcome.WIN,742,4,6,0,1,2,2,1,0,2,1,0,0,1,0.0,10.1
highsha01,Haywood Highsmith,Team.MIAMI_HEAT,Location.HOME,Team.INDIANA_PACERS,Outcome.WIN,1754,4,6,1,3,0,0,1,2,1,1,2,0,2,2.0,10.0
reedpa01,Paul Reed,Team.DETROIT_PISTONS,Location.HOME,Team.DENVER_NUGGETS,Outcome.LOSS,720,4,6,0,0,0,0,1,3,2,2,0,0,1,5.0,10.0
daniedy01,Dyson Daniels,Team.ATLANTA_HAWKS,Location.HOME,Team.OKLAHOMA_CITY_THUNDER,Outcome.LOSS,1947,5,10,0,0,0,2,1,3,3,2,2,1,1,-7.0,9.9
nnajize01,Zeke Nnaji,Team.DENVER_NUGGETS,Location.AWAY,Team.DETROIT_PISTONS,Outcome.WIN,1232,2,2,2,2,2,4,2,0,2,0,3,0,4,27.0,9.9
schrode01,Dennis Schröder,Team.DETROIT_PISTONS,Location.HOME,Team.DENVER_NUGGETS,Outcome.LOSS,1419,3,7,2,4,0,0,3,3,7,1,0,3,1,-5.0,9.8
sextoco01,Collin Sexton,Team.UTAH_JAZZ,Location.HOME,Team.MINNESOTA_TIMBERWOLVES,Outcome.WIN,1016,5,11,2,4,1,1,0,1,3,0,0,0,0,13.0,9.7
poeltja01,Jakob Poeltl,Team.TORONTO_RAPTORS,Location.AWAY,Team.CHICAGO_BULLS,Outcome.LOSS,1344,5,7,0,0,0,0,1,3,3,2,0,3,1,12.0,9.4
alexani01,Nickeil Alexander-Walker,Team.MINNESOTA_TIMBERWOLVES,Location.AWAY,Team.UTAH_JAZZ,Outcome.LOSS,2093,4,10,2,5,2,2,1,1,2,1,1,1,1,-14.0,9.3
fontesi01,Simone Fontecchio,Team.DETROIT_PISTONS,Location.HOME,Team.DENVER_NUGGETS,Outcome.LOSS,765,4,7,1,3,3,4,0,0,0,1,0,0,0,12.0,9.3
gilleco01,Collin Gillespie,Team.PHOENIX_SUNS,Location.HOME,Team.NEW_ORLEANS_PELICANS,Outcome.WIN,1080,4,5,1,2,0,0,0,2,4,1,0,1,3,7.0,9.3
harrito02,Tobias Harris,Team.DETROIT_PISTONS,Location.HOME,Team.DENVER_NUGGETS,Outcome.LOSS,1537,5,10,2,4,0,0,1,1,3,1,0,1,2,-27.0,9.3
murrakr01,Kris Murray,Team.PORTLAND_TRAIL_BLAZERS,Location.AWAY,Team.BROOKLYN_NETS,Outcome.WIN,1793,5,8,1,4,0,0,0,2,1,3,0,2,1,0.0,9.3
murphtr02,Trey Murphy III,Team.NEW_ORLEANS_PELICANS,Location.AWAY,Team.PHOENIX_SUNS,Outcome.LOSS,2077,3,8,2,5,2,2,0,3,8,1,1,4,2,-19.0,9.0
niangge01,Georges Niang,Team.ATLANTA_HAWKS,Location.HOME,Team.OKLAHOMA_CITY_THUNDER,Outcome.LOSS,1693,4,12,3,9,3,4,0,4,2,0,0,0,1,-5.0,9.0
olynyke01,Kelly Olynyk,Team.NEW_ORLEANS_PELICANS,Location.AWAY,Team.PHOENIX_SUNS,Outcome.LOSS,1593,5,10,1,3,0,0,0,7,5,0,0,1,4,-3.0,9.0
dickgr01,Gradey Dick,Team.TORONTO_RAPTORS,Location.AWAY,Team.CHICAGO_BULLS,Outcome.LOSS,2087,4,11,3,6,2,4,2,7,1,0,0,1,1,-12.0,8.9
dosunay01,Ayo Dosunmu,Team.CHICAGO_BULLS,Location.HOME,Team.TORONTO_RAPTORS,Outcome.WIN,1359,5,9,0,2,1,2,0,5,2,1,0,1,2,9.0,8.4
finnedo01,Dorian Finney-Smith,Team.LOS_ANGELES_LAKERS,Location.HOME,Team.LOS_ANGELES_CLIPPERS,Outcome.WIN,1852,3,6,1,3,0,0,2,3,3,1,0,1,0,-9.0,8.4
balllo01,Lonzo Ball,Team.CHICAGO_BULLS,Location.HOME,Team.TORONTO_RAPTORS,Outcome.WIN,2065,5,13,4,10,0,0,2,0,2,1,0,2,1,12.0,8.3
durenja01,Jalen Duren,Team.DETROIT_PISTONS,Location.HOME,Team.DENVER_NUGGETS,Outcome.LOSS,982,3,5,0,0,2,4,3,5,2,1,0,1,4,-15.0,8.3
reevean01,Antonio Reeves,Team.NEW_ORLEANS_PELICANS,Location.AWAY,Team.PHOENIX_SUNS,Outcome.LOSS,1245,4,7,2,4,1,1,1,1,1,1,0,1,3,-12.0,8.2
georgke01,Keyonte George,Team.UTAH_JAZZ,Location.HOME,Team.MINNESOTA_TIMBERWOLVES,Outcome.WIN,1480,2,8,0,3,1,1,1,3,9,0,0,0,0,-23.0,8.1
dilliro01,Rob Dillingham,Team.MINNESOTA_TIMBERWOLVES,Location.AWAY,Team.UTAH_JAZZ,Outcome.LOSS,1078,2,4,0,1,0,0,1,2,4,3,0,1,1,11.0,7.7
plumlma01,Mason Plumlee,Team.PHOENIX_SUNS,Location.HOME,Team.NEW_ORLEANS_PELICANS,Outcome.WIN,1038,2,5,0,0,2,2,1,8,3,0,0,0,2,25.0,7.7
goodwjo01,Jordan Goodwin,Team.LOS_ANGELES_LAKERS,Location.HOME,Team.LOS_ANGELES_CLIPPERS,Outcome.WIN,1279,3,7,0,3,0,0,3,2,2,3,0,1,2,14.0,7.6
brownbr01,Bruce Brown,Team.NEW_ORLEANS_PELICANS,Location.AWAY,Team.PHOENIX_SUNS,Outcome.LOSS,1764,4,10,1,2,1,2,2,2,3,2,0,2,2,-11.0,7.5
hollaro01,Ron Holland,Team.DETROIT_PISTONS,Location.HOME,Team.DENVER_NUGGETS,Outcome.LOSS,1227,3,5,0,1,2,2,1,3,1,0,1,0,3,6.0,7.5
walkeja01,Jabari Walker,Team.PORTLAND_TRAIL_BLAZERS,Location.AWAY,Team.BROOKLYN_NETS,Outcome.WIN,1034,2,4,0,1,1,2,3,3,3,2,0,1,3,3.0,7.5
cainja01,Jamal Cain,Team.NEW_ORLEANS_PELICANS,Location.AWAY,Team.PHOENIX_SUNS,Outcome.LOSS,725,1,2,1,1,1,2,1,0,1,3,0,0,0,7.0,7.0
cunnica01,Cade Cunningham,Team.DETROIT_PISTONS,Location.HOME,Team.DENVER_NUGGETS,Outcome.LOSS,1680,3,12,0,2,5,5,0,3,5,2,0,2,3,-20.0,7.0
robinje02,Jeremiah Robinson-Earl,Team.NEW_ORLEANS_PELICANS,Location.AWAY,Team.PHOENIX_SUNS,Outcome.LOSS,921,4,5,1,2,0,1,0,1,0,0,0,0,0,-15.0,7.0
willija07,Jaylin Williams,Team.OKLAHOMA_CITY_THUNDER,Location.AWAY,Team.ATLANTA_HAWKS,Outcome.WIN,770,1,1,1,1,0,0,1,3,3,1,0,0,1,17.0,7.0
burksal01,Alec Burks,Team.MIAMI_HEAT,Location.HOME,Team.INDIANA_PACERS,Outcome.WIN,1236,5,9,3,5,0,0,0,3,1,0,0,3,1,12.0,6.9
jeromty01,Ty Jerome,Team.CLEVELAND_CAVALIERS,Location.AWAY,Team.BOSTON_CELTICS,Outcome.WIN,1269,3,10,2,3,0,0,1,3,3,1,0,0,0,34.0,6.9
nesmiaa01,Aaron Nesmith,Team.INDIANA_PACERS,Location.AWAY,Team.MIAMI_HEAT,Outcome.LOSS,2121,3,8,1,4,0,0,2,4,2,0,1,0,1,4.0,6.9
stewais01,Isaiah Stewart,Team.DETROIT_PISTONS,Location.HOME,Team.DENVER_NUGGETS,Outcome.LOSS,1171,2,2,1,1,2,4,1,4,0,0,2,0,5,-4.0,6.9
willivi01,Vince Williams Jr.,Team.MEMPHIS_GRIZZLIES,Location.HOME,Team.NEW_YORK_KNICKS,Outcome.LOSS,1212,3,6,1,2,0,0,0,7,4,0,0,2,0,-19.0,6.9
joeis01,Isaiah Joe,Team.OKLAHOMA_CITY_THUNDER,Location.AWAY,Team.ATLANTA_HAWKS,Outcome.WIN,684,4,8,4,8,0,0,0,0,0,0,0,0,3,-6.0,6.8
shamela01,Landry Shamet,Team.NEW_YORK_KNICKS,Location.AWAY,Team.MEMPHIS_GRIZZLIES,Outcome.WIN,937,2,2,1,1,0,0,0,0,2,1,0,0,0,-2.0,6.8
wallaca01,Cason Wallace,Team.OKLAHOMA_CITY_THUNDER,Location.AWAY,Team.ATLANTA_HAWKS,Outcome.WIN,1679,4,9,0,2,0,0,0,3,4,2,0,1,3,7.0,6.8
filipky01,Kyle Filipowski,Team.UTAH_JAZZ,Location.HOME,Team.MINNESOTA_TIMBERWOLVES,Outcome.WIN,1349,5,10,1,4,0,1,5,8,2,0,0,5,3,-22.0,6.7
robinmi01,Mitchell Robinson,Team.NEW_YORK_KNICKS,Location.AWAY,Team.MEMPHIS_GRIZZLIES,Outcome.WIN,740,3,4,0,0,0,0,1,4,1,0,0,0,1,11.0,6.6
sassema01,Marcus Sasser,Team.DETROIT_PISTONS,Location.HOME,Team.DENVER_NUGGETS,Outcome.LOSS,251,2,3,1,2,1,1,0,0,2,0,0,0,0,7.0,6.1
townska01,Karl-Anthony Towns,Team.NEW_YORK_KNICKS,Location.AWAY,Team.MEMPHIS_GRIZZLIES,Outcome.WIN,1878,4,11,1,5,2,3,1,6,2,0,1,1,5,-10.0,6.1
aldamsa01,Santi Aldama,Team.MEMPHIS_GRIZZLIES,Location.HOME,Team.NEW_YORK_KNICKS,Outcome.LOSS,1281,4,11,1,6,0,0,3,2,2,0,0,1,0,-5.0,6.0
jonesty01,Tyus Jones,Team.PHOENIX_SUNS,Location.HOME,Team.NEW_ORLEANS_PELICANS,Outcome.WIN,1917,3,11,3,8,0,0,0,1,6,1,0,2,0,12.0,6.0
buzelma01,Matas Buzelis,Team.CHICAGO_BULLS,Location.HOME,Team.TORONTO_RAPTORS,Outcome.WIN,1501,4,8,0,4,2,2,0,4,3,0,0,3,1,-11.0,5.9
horfoal01,Al Horford,Team.BOSTON_CELTICS,Location.HOME,Team.CLEVELAND_CAVALIERS,Outcome.LOSS,2254,2,4,1,1,0,0,1,6,2,0,0,1,0,4.0,5.9
johnske07,Keon Johnson,Team.BROOKLYN_NETS,Location.HOME,Team.PORTLAND_TRAIL_BLAZERS,Outcome.LOSS,1781,3,8,1,3,3,4,4,2,0,1,0,3,2,-9.0,5.8
clarkja02,Jaylen Clark,Team.MINNESOTA_TIMBERWOLVES,Location.AWAY,Team.UTAH_JAZZ,Outcome.LOSS,950,2,5,1,3,0,0,1,0,2,3,0,1,2,14.0,5.6
jonesde02,Derrick Jones Jr.,Team.LOS_ANGELES_CLIPPERS,Location.AWAY,Team.LOS_ANGELES_LAKERS,Outcome.LOSS,1710,3,7,2,4,0,0,2,2,1,1,0,2,1,19.0,5.6
jemistr01,Trey Jemison,Team.LOS_ANGELES_LAKERS,Location.HOME,Team.LOS_ANGELES_CLIPPERS,Outcome.WIN,1320,2,3,0,0,1,2,1,5,0,0,1,0,2,19.0,5.4
sharpda01,Day'Ron Sharpe,Team.BROOKLYN_NETS,Location.HOME,Team.PORTLAND_TRAIL_BLAZERS,Outcome.LOSS,1138,3,5,0,0,0,0,4,3,1,0,1,1,6,-10.0,5.4
willike04,Kenrich Williams,Team.OKLAHOMA_CITY_THUNDER,Location.AWAY,Team.ATLANTA_HAWKS,Outcome.WIN,1132,2,4,1,3,0,0,1,3,5,0,0,2,2,9.0,5.3
bryanth01,Thomas Bryant,Team.INDIANA_PACERS,Location.AWAY,Team.MIAMI_HEAT,Outcome.LOSS,763,4,10,0,3,0,0,4,1,1,0,0,0,3,-6.0,5.2
knechda01,Dalton Knecht,Team.LOS_ANGELES_LAKERS,Location.HOME,Team.LOS_ANGELES_CLIPPERS,Outcome.WIN,1074,3,6,2,3,0,0,1,0,1,1,0,1,3,2.0,5.2
thomaca02,Cam Thomas,Team.BROOKLYN_NETS,Location.HOME,Team.PORTLAND_TRAIL_BLAZERS,Outcome.LOSS,1278,7,17,0,4,2,2,2,0,1,0,0,3,2,-13.0,5.2
mccontj01,T.J. McConnell,Team.INDIANA_PACERS,Location.AWAY,Team.MIAMI_HEAT,Outcome.LOSS,793,3,8,1,1,0,0,0,0,5,1,0,2,0,-8.0,5.1
conlemi01,Mike Conley,Team.MINNESOTA_TIMBERWOLVES,Location.AWAY,Team.UTAH_JAZZ,Outcome.LOSS,1413,1,5,1,4,0,0,0,1,6,1,0,0,1,-16.0,5.0
martity01,Tyrese Martin,Team.BROOKLYN_NETS,Location.HOME,Team.PORTLAND_TRAIL_BLAZERS,Outcome.LOSS,1497,2,8,1,5,0,0,4,0,2,3,0,2,1,-7.0,5.0
merrisa01,Sam Merrill,Team.CLEVELAND_CAVALIERS,Location.AWAY,Team.BOSTON_CELTICS,Outcome.WIN,1064,1,1,1,1,0,0,2,1,0,1,0,0,1,22.0,5.0
reaveau01,Austin Reaves,Team.LOS_ANGELES_LAKERS,Location.HOME,Team.LOS_ANGELES_CLIPPERS,Outcome.WIN,542,2,4,2,4,0,0,0,0,0,0,1,0,0,-8.0,4.7
willizi02,Ziaire Williams,Team.BROOKLYN_NETS,Location.HOME,Team.PORTLAND_TRAIL_BLAZERS,Outcome.LOSS,628,2,4,1,2,0,0,0,0,1,1,0,0,0,-13.0,4.7
holmgch01,Chet Holmgren,Team.OKLAHOMA_CITY_THUNDER,Location.AWAY,Team.ATLANTA_HAWKS,Outcome.WIN,890,3,8,0,4,1,2,0,4,3,0,0,1,0,12.0,4.5
vandeja01,Jarred Vanderbilt,Team.LOS_ANGELES_LAKERS,Location.HOME,Team.LOS_ANGELES_CLIPPERS,Outcome.WIN,882,0,1,0,0,3,4,1,4,0,1,0,0,1,20.0,4.4
toppiob01,Obi Toppin,Team.INDIANA_PACERS,Location.AWAY,Team.MIAMI_HEAT,Outcome.LOSS,933,3,4,1,2,0,0,0,1,0,0,0,1,1,3.0,4.3
hardati02,Tim Hardaway Jr.,Team.DETROIT_PISTONS,Location.HOME,Team.DENVER_NUGGETS,Outcome.LOSS,1049,4,11,1,7,1,1,0,1,2,0,0,1,1,-21.0,4.2
okorois01,Isaac Okoro,Team.CLEVELAND_CAVALIERS,Location.AWAY,Team.BOSTON_CELTICS,Outcome.WIN,728,2,4,1,3,0,0,0,3,0,0,1,0,1,3.0,4.2
walteja01,Ja'Kobe Walter,Team.TORONTO_RAPTORS,Location.AWAY,Team.CHICAGO_BULLS,Outcome.LOSS,1309,3,7,0,1,1,1,3,1,1,0,0,1,3,2.0,4.2
willico04,Cody Williams,Team.UTAH_JAZZ,Location.HOME,Team.MINNESOTA_TIMBERWOLVES,Outcome.WIN,1059,3,7,3,4,0,0,0,0,1,0,0,1,2,-10.0,4.2
hayesja02,Jaxson Hayes,Team.LOS_ANGELES_LAKERS,Location.HOME,Team.LOS_ANGELES_CLIPPERS,Outcome.WIN,1559,2,3,0,0,1,2,0,1,2,0,2,2,1,-15.0,4.0
simmobe01,Ben Simmons,Team.LOS_ANGELES_CLIPPERS,Location.AWAY,Team.LOS_ANGELES_LAKERS,Outcome.LOSS,987,1,1,0,0,0,0,1,2,3,0,0,0,3,-19.0,3.9
wilsoja03,Jalen Wilson,Team.BROOKLYN_NETS,Location.HOME,Team.PORTLAND_TRAIL_BLAZERS,Outcome.LOSS,1390,2,8,0,4,5,6,2,3,1,1,0,2,5,2.0,3.8
hausesa01,Sam Hauser,Team.BOSTON_CELTICS,Location.HOME,Team.CLEVELAND_CAVALIERS,Outcome.LOSS,2264,2,8,2,6,0,0,2,4,1,0,0,0,2,18.0,3.7
kennalu01,Luke Kennard,Team.MEMPHIS_GRIZZLIES,Location.HOME,Team.NEW_YORK_KNICKS,Outcome.LOSS,1417,3,7,0,4,0,0,0,1,3,0,0,1,0,-1.0,3.7
sheppbe01,Ben Sheppard,Team.INDIANA_PACERS,Location.AWAY,Team.MIAMI_HEAT,Outcome.LOSS,898,2,3,1,2,0,0,1,3,1,0,0,2,1,-14.0,3.6
alvarjo01,Jose Alvarado,Team.NEW_ORLEANS_PELICANS,Location.AWAY,Team.PHOENIX_SUNS,Outcome.LOSS,1361,1,6,0,2,1,2,2,3,4,0,0,0,1,-16.0,3.5
wadede01,Dean Wade,Team.CLEVELAND_CAVALIERS,Location.AWAY,Team.BOSTON_CELTICS,Outcome.WIN,1150,2,5,1,3,0,0,1,2,1,0,0,0,2,12.0,3.5
westbru01,Russell Westbrook,Team.DENVER_NUGGETS,Location.AWAY,Team.DETROIT_PISTONS,Outcome.WIN,1281,3,7,1,2,1,2,2,2,2,1,1,4,4,-16.0,3.4
payneca01,Cameron Payne,Team.NEW_YORK_KNICKS,Location.AWAY,Team.MEMPHIS_GRIZZLIES,Outcome.WIN,691,1,5,1,4,0,0,0,2,3,2,0,1,1,6.0,3.2
jordade01,DeAndre Jordan,Team.DENVER_NUGGETS,Location.AWAY,Team.DETROIT_PISTONS,Outcome.WIN,614,2,3,0,0,0,2,2,4,0,0,0,1,1,-9.0,3.1
smithja04,Jalen Smith,Team.CHICAGO_BULLS,Location.HOME,Team.TORONTO_RAPTORS,Outcome.WIN,777,2,7,0,4,0,0,2,4,1,1,1,1,2,-18.0,3.1
phillju01,Julian Phillips,Team.CHICAGO_BULLS,Location.HOME,Team.TORONTO_RAPTORS,Outcome.WIN,477,1,1,1,1,0,0,0,1,0,0,0,0,0,-3.0,3.0
pritcpa01,Payton Pritchard,Team.BOSTON_CELTICS,Location.HOME,Team.CLEVELAND_CAVALIERS,Outcome.LOSS,1524,2,4,2,4,0,0,0,0,1,1,0,2,2,-36.0,2.9
roziete01,Terry Rozier,Team.MIAMI_HEAT,Location.HOME,Team.INDIANA_PACERS,Outcome.WIN,681,2,5,0,0,0,0,0,1,3,0,0,0,2,-1.0,2.9
agbajoc01,Ochai Agbaji,Team.TORONTO_RAPTORS,Location.AWAY,Team.CHICAGO_BULLS,Outcome.LOSS,75,1,1,1,1,0,0,0,0,0,0,0,0,0,0.0,2.7
flaglad01,Adam Flagler,Team.OKLAHOMA_CITY_THUNDER,Location.AWAY,Team.ATLANTA_HAWKS,Outcome.WIN,82,1,1,1,1,0,0,0,0,0,0,0,0,0,3.0,2.7
wallake01,Keaton Wallace,Team.ATLANTA_HAWKS,Location.HOME,Team.OKLAHOMA_CITY_THUNDER,Outcome.LOSS,121,1,1,1,1,0,0,0,0,0,0,0,0,0,-1.0,2.7
strusma01,Max Strus,Team.CLEVELAND_CAVALIERS,Location.AWAY,Team.BOSTON_CELTICS,Outcome.WIN,1297,1,3,0,2,0,0,1,3,2,0,0,0,2,-19.0,2.5
anderky01,Kyle Anderson,Team.MIAMI_HEAT,Location.HOME,Team.INDIANA_PACERS,Outcome.WIN,373,1,1,1,1,0,0,0,1,1,0,0,1,1,-6.0,2.3
gueyemo02,Mouhamed Gueye,Team.ATLANTA_HAWKS,Location.HOME,Team.OKLAHOMA_CITY_THUNDER,Outcome.LOSS,571,1,2,0,0,0,0,0,1,0,0,2,0,1,-14.0,2.3
juzanjo01,Johnny Juzang,Team.UTAH_JAZZ,Location.HOME,Team.MINNESOTA_TIMBERWOLVES,Outcome.WIN,1278,1,6,0,3,0,0,2,4,1,1,0,0,1,12.0,2.1
kornelu01,Luke Kornet,Team.BOSTON_CELTICS,Location.HOME,Team.CLEVELAND_CAVALIERS,Outcome.LOSS,1158,0,0,0,0,0,0,2,3,0,1,2,1,4,-26.0,2.1
saricda01,Dario Šarić,Team.DENVER_NUGGETS,Location.AWAY,Team.DETROIT_PISTONS,Outcome.WIN,216,1,2,1,2,0,0,0,0,0,0,0,0,0,-9.0,2.0
achiupr01,Precious Achiuwa,Team.NEW_YORK_KNICKS,Location.AWAY,Team.MEMPHIS_GRIZZLIES,Outcome.WIN,261,1,2,0,0,1,1,1,0,0,0,0,0,2,0.0,1.9
strawju01,Julian Strawther,Team.DENVER_NUGGETS,Location.AWAY,Team.DETROIT_PISTONS,Outcome.WIN,1603,3,7,0,3,0,1,0,1,1,1,0,2,0,-12.0,1.9
risacza01,Zaccharie Risacher,Team.ATLANTA_HAWKS,Location.HOME,Team.OKLAHOMA_CITY_THUNDER,Outcome.LOSS,1909,4,10,2,6,2,4,1,8,2,0,0,7,4,-11.0,1.7
watfotr01,Trendon Watford,Team.BROOKLYN_NETS,Location.HOME,Team.PORTLAND_TRAIL_BLAZERS,Outcome.LOSS,971,2,6,0,0,1,2,0,3,2,2,0,3,3,-8.0,1.3
wellsja01,Jaylen Wells,Team.MEMPHIS_GRIZZLIES,Location.HOME,Team.NEW_YORK_KNICKS,Outcome.LOSS,1326,1,3,1,3,0,0,0,1,2,0,0,1,2,9.0,1.2
barlodo01,Dominick Barlow,Team.ATLANTA_HAWKS,Location.HOME,Team.OKLAHOMA_CITY_THUNDER,Outcome.LOSS,121,0,0,0,0,0,0,0,0,0,1,0,0,0,-1.0,1.0
batumni01,Nicolas Batum,Team.LOS_ANGELES_CLIPPERS,Location.AWAY,Team.LOS_ANGELES_LAKERS,Outcome.LOSS,555,0,1,0,1,2,2,0,0,0,0,0,0,1,-13.0,0.9
mogbojo01,Jonathan Mogbo,Team.TORONTO_RAPTORS,Location.AWAY,Team.CHICAGO_BULLS,Outcome.LOSS,1708,0,4,0,2,0,0,2,2,1,1,1,0,2,-4.0,0.8
ighodos01,Oso Ighodaro,Team.PHOENIX_SUNS,Location.HOME,Team.NEW_ORLEANS_PELICANS,Outcome.WIN,104,0,0,0,0,0,0,0,1,0,0,0,0,0,-4.0,0.3
klintbo01,Bobi Klintman,Team.DETROIT_PISTONS,Location.HOME,Team.DENVER_NUGGETS,Outcome.LOSS,251,0,0,0,0,0,0,0,1,0,0,0,0,0,7.0,0.3
beekmre01,Reece Beekman,Team.BROOKLYN_NETS,Location.HOME,Team.PORTLAND_TRAIL_BLAZERS,Outcome.LOSS,677,0,2,0,1,0,0,0,2,0,2,0,1,0,-4.0,0.2
bogdabo01,Bogdan Bogdanović,Team.LOS_ANGELES_CLIPPERS,Location.AWAY,Team.LOS_ANGELES_LAKERS,Outcome.LOSS,1178,2,8,1,6,1,2,0,0,1,0,0,1,1,-20.0,0.1
craigto01,Torrey Craig,Team.BOSTON_CELTICS,Location.HOME,Team.CLEVELAND_CAVALIERS,Outcome.LOSS,177,0,0,0,0,0,0,0,0,0,0,0,0,0,-8.0,0.0
peterdr01,Drew Peterson,Team.BOSTON_CELTICS,Location.HOME,Team.CLEVELAND_CAVALIERS,Outcome.LOSS,87,0,0,0,0,0,0,0,0,0,0,0,0,0,0.0,0.0
sheadja01,Jamal Shead,Team.TORONTO_RAPTORS,Location.AWAY,Team.CHICAGO_BULLS,Outcome.LOSS,1404,2,8,1,6,0,0,0,2,2,0,0,1,3,-17.0,0.0
walkeja02,Jarace Walker,Team.INDIANA_PACERS,Location.AWAY,Team.MIAMI_HEAT,Outcome.LOSS,424,0,0,0,0,0,0,0,0,0,0,0,0,0,-1.0,0.0
jonessp01,Spencer Jones,Team.DENVER_NUGGETS,Location.AWAY,Team.DETROIT_PISTONS,Outcome.WIN,210,0,0,0,0,0,0,0,1,0,0,0,0,1,-9.0,-0.1
lewisma05,Maxwell Lewis,Team.BROOKLYN_NETS,Location.HOME,Team.PORTLAND_TRAIL_BLAZERS,Outcome.LOSS,364,0,1,0,1,0,0,0,3,1,0,0,1,0,4.0,-0.1
capelca01,Clint Capela,Team.ATLANTA_HAWKS,Location.HOME,Team.OKLAHOMA_CITY_THUNDER,Outcome.LOSS,635,0,2,0,0,0,0,2,2,0,0,0,1,0,-13.0,-0.4
pickeja02,Jalen Pickett,Team.DENVER_NUGGETS,Location.AWAY,Team.DETROIT_PISTONS,Outcome.WIN,464,0,0,0,0,0,0,0,1,1,0,0,1,1,-9.0,-0.4
tysonhu01,Hunter Tyson,Team.DENVER_NUGGETS,Location.AWAY,Team.DETROIT_PISTONS,Outcome.WIN,216,0,0,0,0,0,0,0,0,0,0,0,0,1,-9.0,-0.4
coffeam01,Amir Coffey,Team.LOS_ANGELES_CLIPPERS,Location.AWAY,Team.LOS_ANGELES_LAKERS,Outcome.LOSS,1330,1,7,0,5,2,2,0,1,2,1,0,2,2,-14.0,-0.6
dunnry01,Ryan Dunn,Team.PHOENIX_SUNS,Location.HOME,Team.NEW_ORLEANS_PELICANS,Outcome.WIN,1011,2,2,1,1,0,2,1,1,0,0,0,4,3,2.0,-0.6
reathdu01,Duop Reath,Team.PORTLAND_TRAIL_BLAZERS,Location.AWAY,Team.BROOKLYN_NETS,Outcome.WIN,167,0,1,0,1,0,0,0,0,0,0,0,0,0,-6.0,-0.7
terryda01,Dalen Terry,Team.CHICAGO_BULLS,Location.HOME,Team.TORONTO_RAPTORS,Outcome.WIN,240,0,1,0,0,0,0,0,0,0,0,0,0,1,-7.0,-1.1
cissosi01,Sidy Cissoko,Team.PORTLAND_TRAIL_BLAZERS,Location.AWAY,Team.BROOKLYN_NETS,Outcome.WIN,239,0,0,0,0,0,0,0,0,0,0,0,1,1,-5.0,-1.4
washity02,TyTy Washington Jr.,Team.PHOENIX_SUNS,Location.HOME,Team.NEW_ORLEANS_PELICANS,Outcome.WIN,104,0,1,0,1,0,0,0,0,0,0,0,1,0,-4.0,-1.7
sprinja01,Jaden Springer,Team.UTAH_JAZZ,Location.HOME,Team.MINNESOTA_TIMBERWOLVES,Outcome.WIN,577,0,2,0,1,0,0,0,1,1,0,0,1,1,-1.0,-1.8
pippesc02,Scotty Pippen Jr.,Team.MEMPHIS_GRIZZLIES,Location.HOME,Team.NEW_YORK_KNICKS,Outcome.LOSS,720,0,2,0,1,0,0,2,1,0,0,0,1,3,-6.0,-1.9
waterli01,Lindy Waters III,Team.DETROIT_PISTONS,Location.HOME,Team.DENVER_NUGGETS,Outcome.LOSS,251,0,2,0,2,0,0,0,0,0,0,0,1,0,7.0,-2.4
ruperra01,Rayan Rupert,Team.PORTLAND_TRAIL_BLAZERS,Location.AWAY,Team.BROOKLYN_NETS,Outcome.WIN,239,0,1,0,1,0,0,0,0,0,0,0,1,2,-5.0,-2.5
matkoka01,Karlo Matković,Team.NEW_ORLEANS_PELICANS,Location.AWAY,Team.PHOENIX_SUNS,Outcome.LOSS,1299,1,8,0,2,0,0,2,3,1,0,0,2,1,-9.0,-2.6
