slug,name,team,location,opponent,outcome,seconds_played,made_field_goals,attempted_field_goals,made_three_point_field_goals,attempted_three_point_field_goals,made_free_throws,attempted_free_throws,offensive_rebounds,defensive_rebounds,assists,steals,blocks,turnovers,personal_fouls,plus_minus,game_score
allenja01,Jarrett Allen,Team.CLEVELAND_CAVALIERS,Location.HOME,Team.LOS_ANGELES_CLIPPERS,Outcome.WIN,1874,11,12,0,0,3,6,3,9,3,2,0,0,1,0.0,28.3
anunoog01,OG Anunoby,Team.NEW_YORK_KNICKS,Location.HOME,Team.PORTLAND_TRAIL_BLAZERS,Outcome.WIN,2234,11,16,2,5,4,4,1,6,2,3,2,1,2,10.0,27.7
risacza01,Zaccharie Risacher,Team.ATLANTA_HAWKS,Location.AWAY,Team.MILWAUKEE_BUCKS,Outcome.WIN,2071,12,21,5,11,7,9,4,2,0,1,0,1,3,19.0,27.5
podzibr01,Brandin Podziemski,Team.GOLDEN_STATE_WARRIORS,Location.AWAY,Team.SAN_ANTONIO_SPURS,Outcome.WIN,1615,9,14,7,9,2,2,1,5,5,1,0,2,0,22.0,25.5
porteke02,Kevin Porter Jr.,Team.MILWAUKEE_BUCKS,Location.HOME,Team.ATLANTA_HAWKS,Outcome.LOSS,1371,8,12,3,5,9,9,1,3,5,1,0,2,4,2.0,25.3
daniedy01,Dyson Daniels,Team.ATLANTA_HAWKS,Location.AWAY,Team.MILWAUKEE_BUCKS,Outcome.WIN,2014,10,15,0,3,2,2,3,6,6,5,0,2,4,21.0,25.0
greenja05,Jalen Green,Team.HOUSTON_ROCKETS,Location.AWAY,Team.PHOENIX_SUNS,Outcome.WIN,1620,9,17,4,5,11,13,0,2,2,1,0,2,0,21.0,24.9
avdijde01,Deni Avdija,Team.PORTLAND_TRAIL_BLAZERS,Location.AWAY,Team.NEW_YORK_KNICKS,Outcome.LOSS,2434,14,25,2,7,3,4,0,7,4,3,0,3,3,2.0,24.4
mitchdo01,Donovan Mitchell,Team.CLEVELAND_CAVALIERS,Location.HOME,Team.LOS_ANGELES_CLIPPERS,Outcome.WIN,2196,9,19,2,9,4,4,1,11,7,4,0,2,2,15.0,24.4
powelno01,Norman Powell,Team.LOS_ANGELES_CLIPPERS,Location.AWAY,Team.CLEVELAND_CAVALIERS,Outcome.LOSS,2363,13,24,5,11,3,6,1,0,4,1,0,1,1,9.0,24.3
antetgi01,Giannis Antetokounmpo,Team.MILWAUKEE_BUCKS,Location.HOME,Team.ATLANTA_HAWKS,Outcome.LOSS,1826,11,18,0,1,9,14,1,8,5,1,0,5,3,-18.0,22.2
youngtr01,Trae Young,Team.ATLANTA_HAWKS,Location.AWAY,Team.MILWAUKEE_BUCKS,Outcome.WIN,2228,4,16,2,9,9,11,0,3,19,2,0,2,3,13.0,21.6
randlju01,Julius Randle,Team.MINNESOTA_TIMBERWOLVES,Location.HOME,Team.DETROIT_PISTONS,Outcome.WIN,1928,9,18,1,4,7,7,2,6,5,0,1,2,3,14.0,21.2
hieldbu01,Buddy Hield,Team.GOLDEN_STATE_WARRIORS,Location.AWAY,Team.SAN_ANTONIO_SPURS,Outcome.WIN,1474,8,12,3,6,0,0,1,4,4,3,0,0,1,30.0,21.1
goberru01,Rudy Gobert,Team.MINNESOTA_TIMBERWOLVES,Location.HOME,Team.DETROIT_PISTONS,Outcome.WIN,2293,8,16,0,0,3,4,10,15,0,0,1,1,3,18.0,20.6
barrerj01,RJ Barrett,Team.TORONTO_RAPTORS,Location.AWAY,Team.PHILADELPHIA_76ERS,Outcome.WIN,1711,12,22,4,7,3,8,3,2,5,0,0,3,3,19.0,20.4
walteja01,Ja'Kobe Walter,Team.TORONTO_RAPTORS,Location.AWAY,Team.PHILADELPHIA_76ERS,Outcome.WIN,2050,5,11,3,5,4,4,3,5,4,3,1,1,1,1.0,20.0
bridgmi01,Mikal Bridges,Team.NEW_YORK_KNICKS,Location.HOME,Team.PORTLAND_TRAIL_BLAZERS,Outcome.WIN,2374,12,22,2,6,2,2,0,2,7,0,1,3,4,14.0,19.0
moodymo01,Moses Moody,Team.GOLDEN_STATE_WARRIORS,Location.AWAY,Team.SAN_ANTONIO_SPURS,Outcome.WIN,1473,7,11,3,6,3,4,0,3,3,3,1,2,2,21.0,18.6
mobleev01,Evan Mobley,Team.CLEVELAND_CAVALIERS,Location.HOME,Team.LOS_ANGELES_CLIPPERS,Outcome.WIN,2196,8,16,3,6,3,3,1,6,4,0,3,3,0,15.0,18.4
bookede01,Devin Booker,Team.PHOENIX_SUNS,Location.HOME,Team.HOUSTON_ROCKETS,Outcome.LOSS,1836,12,17,1,4,3,4,1,2,3,0,0,4,4,-26.0,18.3
brookke02,Keion Brooks Jr.,Team.NEW_ORLEANS_PELICANS,Location.HOME,Team.CHARLOTTE_HORNETS,Outcome.WIN,1575,7,12,1,4,2,2,3,5,2,2,3,1,3,8.0,18.3
thompam01,Amen Thompson,Team.HOUSTON_ROCKETS,Location.AWAY,Team.PHOENIX_SUNS,Outcome.WIN,1477,6,10,0,1,0,0,6,4,9,1,0,1,2,32.0,18.3
hartjo01,Josh Hart,Team.NEW_YORK_KNICKS,Location.HOME,Team.PORTLAND_TRAIL_BLAZERS,Outcome.WIN,2290,5,10,1,3,3,4,1,7,9,3,0,1,4,4.0,18.1
butleji01,Jimmy Butler,Team.GOLDEN_STATE_WARRIORS,Location.AWAY,Team.SAN_ANTONIO_SPURS,Outcome.WIN,1412,4,5,1,2,4,4,1,2,8,4,0,4,0,26.0,18.0
sharpsh01,Shaedon Sharpe,Team.PORTLAND_TRAIL_BLAZERS,Location.AWAY,Team.NEW_YORK_KNICKS,Outcome.LOSS,2365,10,18,2,8,1,3,2,5,3,2,1,3,1,4.0,17.9
camarto01,Toumani Camara,Team.PORTLAND_TRAIL_BLAZERS,Location.AWAY,Team.NEW_YORK_KNICKS,Outcome.LOSS,2361,6,8,4,6,0,0,5,3,4,1,0,3,2,-1.0,17.2
hardeja01,James Harden,Team.LOS_ANGELES_CLIPPERS,Location.AWAY,Team.CLEVELAND_CAVALIERS,Outcome.LOSS,2120,7,18,4,12,6,6,1,7,8,0,1,5,3,-17.0,17.1
walkelo01,Lonnie Walker IV,Team.PHILADELPHIA_76ERS,Location.HOME,Team.TORONTO_RAPTORS,Outcome.LOSS,2177,10,18,3,7,0,0,0,3,7,0,0,2,3,-11.0,17.0
beaslma01,Malik Beasley,Team.DETROIT_PISTONS,Location.AWAY,Team.MINNESOTA_TIMBERWOLVES,Outcome.LOSS,2289,8,18,6,13,5,6,0,2,0,0,0,1,0,-14.0,16.8
kuzmaky01,Kyle Kuzma,Team.MILWAUKEE_BUCKS,Location.HOME,Team.ATLANTA_HAWKS,Outcome.LOSS,2113,8,17,4,9,5,6,1,5,1,0,0,1,3,-26.0,16.6
garlada01,Darius Garland,Team.CLEVELAND_CAVALIERS,Location.HOME,Team.LOS_ANGELES_CLIPPERS,Outcome.WIN,1924,5,14,2,5,7,8,2,2,7,0,0,1,1,-2.0,16.3
nurkiju01,Jusuf Nurkić,Team.CHARLOTTE_HORNETS,Location.AWAY,Team.NEW_ORLEANS_PELICANS,Outcome.LOSS,1319,4,10,2,4,3,4,4,8,5,1,3,2,2,11.0,16.2
robinor01,Orlando Robinson,Team.TORONTO_RAPTORS,Location.AWAY,Team.PHILADELPHIA_76ERS,Outcome.WIN,1373,5,7,1,1,2,2,2,2,4,1,1,0,2,18.0,15.8
hoodsja01,Jalen Hood-Schifino,Team.PHILADELPHIA_76ERS,Location.HOME,Team.TORONTO_RAPTORS,Outcome.LOSS,1606,6,8,1,2,5,5,0,2,5,1,1,5,0,5.0,15.6
edwaran01,Anthony Edwards,Team.MINNESOTA_TIMBERWOLVES,Location.HOME,Team.DETROIT_PISTONS,Outcome.WIN,2173,9,19,4,10,3,4,0,6,4,0,2,4,4,5.0,15.3
vanvlfr01,Fred VanVleet,Team.HOUSTON_ROCKETS,Location.AWAY,Team.PHOENIX_SUNS,Outcome.WIN,1706,5,9,3,6,0,0,0,2,7,2,0,1,0,23.0,15.2
johnske04,Keldon Johnson,Team.SAN_ANTONIO_SPURS,Location.HOME,Team.GOLDEN_STATE_WARRIORS,Outcome.LOSS,1286,8,13,2,5,1,1,2,1,2,1,0,2,1,-28.0,14.8
bogdabo01,Bogdan Bogdanović,Team.LOS_ANGELES_CLIPPERS,Location.AWAY,Team.CLEVELAND_CAVALIERS,Outcome.LOSS,1796,6,11,2,4,2,2,0,4,3,2,0,1,1,-5.0,14.6
bridgmi02,Miles Bridges,Team.CHARLOTTE_HORNETS,Location.AWAY,Team.NEW_ORLEANS_PELICANS,Outcome.LOSS,1328,7,16,1,6,5,6,1,5,2,1,0,1,1,4.0,14.4
hardati02,Tim Hardaway Jr.,Team.DETROIT_PISTONS,Location.AWAY,Team.MINNESOTA_TIMBERWOLVES,Outcome.LOSS,1806,5,14,3,8,7,8,1,3,0,1,1,0,2,-21.0,14.3
sengual01,Alperen Şengün,Team.HOUSTON_ROCKETS,Location.AWAY,Team.PHOENIX_SUNS,Outcome.WIN,1581,6,11,0,0,4,7,1,8,3,1,1,1,3,30.0,14.2
conlemi01,Mike Conley,Team.MINNESOTA_TIMBERWOLVES,Location.HOME,Team.DETROIT_PISTONS,Outcome.WIN,1783,5,9,2,2,5,7,1,1,2,1,0,0,3,24.0,14.1
butleja02,Jared Butler,Team.PHILADELPHIA_76ERS,Location.HOME,Team.TORONTO_RAPTORS,Outcome.LOSS,1618,5,9,3,4,2,2,0,1,6,2,0,2,3,-17.0,14.0
curryst01,Stephen Curry,Team.GOLDEN_STATE_WARRIORS,Location.AWAY,Team.SAN_ANTONIO_SPURS,Outcome.WIN,1548,4,10,2,4,3,3,0,3,6,1,1,0,2,24.0,13.6
jonesde02,Derrick Jones Jr.,Team.LOS_ANGELES_CLIPPERS,Location.AWAY,Team.CLEVELAND_CAVALIERS,Outcome.LOSS,1788,5,8,2,4,3,4,2,1,2,1,1,2,1,-5.0,13.4
mamuksa01,Sandro Mamukelashvili,Team.SAN_ANTONIO_SPURS,Location.HOME,Team.GOLDEN_STATE_WARRIORS,Outcome.LOSS,1504,6,10,1,4,1,2,2,9,4,0,1,2,3,-20.0,13.4
councri01,Ricky Council IV,Team.PHILADELPHIA_76ERS,Location.HOME,Team.TORONTO_RAPTORS,Outcome.LOSS,2150,6,15,1,4,4,6,2,9,3,0,0,1,0,-24.0,13.3
okongon01,Onyeka Okongwu,Team.ATLANTA_HAWKS,Location.AWAY,Team.MILWAUKEE_BUCKS,Outcome.WIN,1830,4,8,1,4,4,4,2,8,3,1,0,1,4,21.0,13.3
bonaad01,Adem Bona,Team.PHILADELPHIA_76ERS,Location.HOME,Team.TORONTO_RAPTORS,Outcome.LOSS,1616,5,7,0,0,4,4,2,6,0,1,5,5,2,-17.0,13.0
battlja01,Jamison Battle,Team.TORONTO_RAPTORS,Location.AWAY,Team.PHILADELPHIA_76ERS,Outcome.WIN,1523,6,11,4,8,0,0,1,6,1,0,0,1,0,16.0,12.9
durenja01,Jalen Duren,Team.DETROIT_PISTONS,Location.AWAY,Team.MINNESOTA_TIMBERWOLVES,Outcome.LOSS,1579,6,10,0,0,1,1,5,6,3,1,0,2,5,-7.0,12.8
mogbojo01,Jonathan Mogbo,Team.TORONTO_RAPTORS,Location.AWAY,Team.PHILADELPHIA_76ERS,Outcome.WIN,1507,6,8,1,1,0,0,1,4,3,1,1,2,2,0.0,12.7
zubaciv01,Ivica Zubac,Team.LOS_ANGELES_CLIPPERS,Location.AWAY,Team.CLEVELAND_CAVALIERS,Outcome.LOSS,2196,7,14,0,0,0,0,3,10,2,0,2,1,3,1.0,12.7
greendr01,Draymond Green,Team.GOLDEN_STATE_WARRIORS,Location.AWAY,Team.SAN_ANTONIO_SPURS,Outcome.WIN,1276,6,9,2,4,0,0,0,5,2,1,0,1,2,12.0,12.2
smithni01,Nick Smith Jr.,Team.CHARLOTTE_HORNETS,Location.AWAY,Team.NEW_ORLEANS_PELICANS,Outcome.LOSS,2127,7,16,3,5,2,2,1,3,2,0,0,1,1,-12.0,12.2
plumlma01,Mason Plumlee,Team.PHOENIX_SUNS,Location.HOME,Team.HOUSTON_ROCKETS,Outcome.LOSS,720,3,3,0,0,3,3,2,4,3,1,1,2,1,0.0,12.1
sheadja01,Jamal Shead,Team.TORONTO_RAPTORS,Location.AWAY,Team.PHILADELPHIA_76ERS,Outcome.WIN,1678,4,14,1,4,2,2,1,1,9,3,1,1,2,2.0,12.0
niangge01,Georges Niang,Team.ATLANTA_HAWKS,Location.AWAY,Team.MILWAUKEE_BUCKS,Outcome.WIN,888,6,11,4,8,1,1,0,1,1,0,0,1,2,2.0,10.9
olynyke01,Kelly Olynyk,Team.NEW_ORLEANS_PELICANS,Location.HOME,Team.CHARLOTTE_HORNETS,Outcome.WIN,1200,5,9,0,0,3,4,3,3,2,2,0,3,2,-4.0,10.9
whitmca01,Cam Whitmore,Team.HOUSTON_ROCKETS,Location.AWAY,Team.PHOENIX_SUNS,Outcome.WIN,768,6,10,1,2,0,0,1,1,2,1,0,1,0,0.0,10.8
schrode01,Dennis Schröder,Team.DETROIT_PISTONS,Location.AWAY,Team.MINNESOTA_TIMBERWOLVES,Outcome.LOSS,2003,3,12,0,4,5,6,0,4,11,0,0,0,4,-14.0,10.7
holidaa01,Aaron Holiday,Team.HOUSTON_ROCKETS,Location.AWAY,Team.PHOENIX_SUNS,Outcome.WIN,1256,4,7,3,6,0,0,0,2,1,0,1,0,0,19.0,9.7
reevean01,Antonio Reeves,Team.NEW_ORLEANS_PELICANS,Location.HOME,Team.CHARLOTTE_HORNETS,Outcome.WIN,1657,6,10,4,5,0,0,0,3,2,0,0,2,5,-2.0,9.7
branhma01,Malaki Branham,Team.SAN_ANTONIO_SPURS,Location.HOME,Team.GOLDEN_STATE_WARRIORS,Outcome.LOSS,772,4,8,1,3,4,4,0,1,3,0,0,1,2,-3.0,9.6
morrimo01,Monte Morris,Team.PHOENIX_SUNS,Location.HOME,Team.HOUSTON_ROCKETS,Outcome.LOSS,582,4,6,2,2,0,0,0,2,2,1,0,1,0,-4.0,9.4
gueyemo02,Mouhamed Gueye,Team.ATLANTA_HAWKS,Location.AWAY,Team.MILWAUKEE_BUCKS,Outcome.WIN,1152,3,5,1,2,2,4,3,6,1,0,0,0,3,21.0,9.3
looneke01,Kevon Looney,Team.GOLDEN_STATE_WARRIORS,Location.AWAY,Team.SAN_ANTONIO_SPURS,Outcome.WIN,786,3,5,1,1,1,1,1,6,1,0,1,0,1,28.0,9.2
matkoka01,Karlo Matković,Team.NEW_ORLEANS_PELICANS,Location.HOME,Team.CHARLOTTE_HORNETS,Outcome.WIN,1392,4,9,0,4,2,2,1,4,3,0,1,0,2,11.0,9.2
smithja05,Jabari Smith Jr.,Team.HOUSTON_ROCKETS,Location.AWAY,Team.PHOENIX_SUNS,Outcome.WIN,1563,5,11,0,1,0,0,2,5,2,1,0,0,1,33.0,9.2
wrighde01,Delon Wright,Team.NEW_YORK_KNICKS,Location.HOME,Team.PORTLAND_TRAIL_BLAZERS,Outcome.WIN,2083,3,6,1,2,0,0,2,2,2,2,2,1,2,8.0,9.0
landajo01,Jock Landale,Team.HOUSTON_ROCKETS,Location.AWAY,Team.PHOENIX_SUNS,Outcome.WIN,954,5,7,1,2,0,1,0,1,2,2,0,1,4,4.0,8.8
mannte01,Terance Mann,Team.ATLANTA_HAWKS,Location.AWAY,Team.MILWAUKEE_BUCKS,Outcome.WIN,848,4,5,1,2,0,0,1,0,4,0,0,1,2,-3.0,8.8
mclaujo01,Jordan McLaughlin,Team.SAN_ANTONIO_SPURS,Location.HOME,Team.GOLDEN_STATE_WARRIORS,Outcome.LOSS,1256,3,4,3,4,0,0,0,1,4,0,0,1,2,-5.0,8.7
okorois01,Isaac Okoro,Team.CLEVELAND_CAVALIERS,Location.HOME,Team.LOS_ANGELES_CLIPPERS,Outcome.WIN,666,4,5,3,4,0,0,0,0,0,0,0,0,1,-10.0,8.7
rolliry01,Ryan Rollins,Team.MILWAUKEE_BUCKS,Location.HOME,Team.ATLANTA_HAWKS,Outcome.LOSS,1660,3,6,2,3,2,2,0,4,5,0,0,1,5,-28.0,8.7
vassede01,Devin Vassell,Team.SAN_ANTONIO_SPURS,Location.HOME,Team.GOLDEN_STATE_WARRIORS,Outcome.LOSS,1229,5,10,2,5,0,1,0,3,3,0,0,1,0,-14.0,8.6
santogu01,Gui Santos,Team.GOLDEN_STATE_WARRIORS,Location.AWAY,Team.SAN_ANTONIO_SPURS,Outcome.WIN,1415,2,6,0,3,0,0,3,1,6,2,0,0,2,18.0,8.4
missiyv01,Yves Missi,Team.NEW_ORLEANS_PELICANS,Location.HOME,Team.CHARLOTTE_HORNETS,Outcome.WIN,1463,3,6,0,0,2,4,3,8,2,0,0,1,2,-9.0,8.3
barlodo01,Dominick Barlow,Team.ATLANTA_HAWKS,Location.AWAY,Team.MILWAUKEE_BUCKS,Outcome.WIN,1050,2,2,1,1,3,4,2,0,1,1,0,0,5,0.0,8.1
duranke01,Kevin Durant,Team.PHOENIX_SUNS,Location.HOME,Team.HOUSTON_ROCKETS,Outcome.LOSS,1370,5,11,1,3,0,0,1,6,1,1,0,1,1,-27.0,8.1
divindo01,Donte DiVincenzo,Team.MINNESOTA_TIMBERWOLVES,Location.HOME,Team.DETROIT_PISTONS,Outcome.WIN,577,2,4,2,3,0,0,0,3,3,1,2,1,1,2.0,8.0
simmobe01,Ben Simmons,Team.LOS_ANGELES_CLIPPERS,Location.AWAY,Team.CLEVELAND_CAVALIERS,Outcome.LOSS,1209,2,3,0,0,0,0,0,6,5,1,0,1,0,1.0,8.0
shamela01,Landry Shamet,Team.NEW_YORK_KNICKS,Location.HOME,Team.PORTLAND_TRAIL_BLAZERS,Outcome.WIN,1160,4,9,3,6,0,0,0,4,0,1,0,0,2,22.0,7.7
sheppre01,Reed Sheppard,Team.HOUSTON_ROCKETS,Location.AWAY,Team.PHOENIX_SUNS,Outcome.WIN,720,2,3,2,3,0,0,0,2,3,2,0,1,2,0.0,7.6
townska01,Karl-Anthony Towns,Team.NEW_YORK_KNICKS,Location.HOME,Team.PORTLAND_TRAIL_BLAZERS,Outcome.WIN,1896,4,13,1,2,1,1,3,8,2,1,2,2,3,1.0,7.6
alexani01,Nickeil Alexander-Walker,Team.MINNESOTA_TIMBERWOLVES,Location.HOME,Team.DETROIT_PISTONS,Outcome.WIN,1646,4,10,2,7,1,2,1,1,4,0,1,1,3,18.0,7.5
robinje02,Jeremiah Robinson-Earl,Team.NEW_ORLEANS_PELICANS,Location.HOME,Team.CHARLOTTE_HORNETS,Outcome.WIN,1432,5,10,2,5,0,0,0,3,0,0,0,0,1,6.0,7.5
tateja01,Jae'Sean Tate,Team.HOUSTON_ROCKETS,Location.AWAY,Team.PHOENIX_SUNS,Outcome.WIN,768,1,2,0,0,1,2,0,2,5,2,1,1,0,0.0,7.4
dunnkr01,Kris Dunn,Team.LOS_ANGELES_CLIPPERS,Location.AWAY,Team.CLEVELAND_CAVALIERS,Outcome.LOSS,1753,5,13,3,8,0,0,3,2,0,1,0,0,6,3.0,7.2
barnesc01,Scottie Barnes,Team.TORONTO_RAPTORS,Location.AWAY,Team.PHILADELPHIA_76ERS,Outcome.WIN,1653,4,12,0,2,1,2,0,5,4,1,0,0,0,12.0,7.1
moorewe01,Wendell Moore Jr.,Team.CHARLOTTE_HORNETS,Location.AWAY,Team.NEW_ORLEANS_PELICANS,Outcome.LOSS,1445,4,8,0,1,0,0,2,3,0,3,0,2,1,-1.0,6.9
champju02,Julian Champagnie,Team.SAN_ANTONIO_SPURS,Location.HOME,Team.GOLDEN_STATE_WARRIORS,Outcome.LOSS,1603,4,10,3,7,0,0,0,5,2,0,1,2,1,-19.0,6.8
adamsst01,Steven Adams,Team.HOUSTON_ROCKETS,Location.AWAY,Team.PHOENIX_SUNS,Outcome.WIN,721,2,2,0,0,2,2,2,1,0,0,0,0,1,21.0,6.7
brookdi01,Dillon Brooks,Team.HOUSTON_ROCKETS,Location.AWAY,Team.PHOENIX_SUNS,Outcome.WIN,686,3,7,2,3,0,0,0,1,1,1,1,0,1,1.0,6.6
leverca01,Caris LeVert,Team.ATLANTA_HAWKS,Location.AWAY,Team.MILWAUKEE_BUCKS,Outcome.WIN,1372,4,9,1,6,0,0,0,3,1,0,2,0,2,8.0,6.5
simpskj01,KJ Simpson,Team.CHARLOTTE_HORNETS,Location.AWAY,Team.NEW_ORLEANS_PELICANS,Outcome.LOSS,2120,3,12,1,5,2,2,2,1,4,2,0,1,2,-6.0,6.5
simonan01,Anfernee Simons,Team.PORTLAND_TRAIL_BLAZERS,Location.AWAY,Team.NEW_YORK_KNICKS,Outcome.LOSS,2078,5,20,1,8,4,5,1,2,4,2,0,2,1,-16.0,6.3
huntede01,De'Andre Hunter,Team.CLEVELAND_CAVALIERS,Location.HOME,Team.LOS_ANGELES_CLIPPERS,Outcome.WIN,1284,4,9,2,6,0,0,0,1,3,1,0,1,4,11.0,6.1
greenje02,Jeff Green,Team.HOUSTON_ROCKETS,Location.AWAY,Team.PHOENIX_SUNS,Outcome.WIN,580,2,2,2,2,0,0,1,1,0,0,0,0,1,11.0,6.0
knoxke01,Kevin Knox,Team.GOLDEN_STATE_WARRIORS,Location.AWAY,Team.SAN_ANTONIO_SPURS,Outcome.WIN,772,3,4,0,0,0,0,0,2,0,1,0,0,0,3.0,6.0
leeda03,Damion Lee,Team.PHOENIX_SUNS,Location.HOME,Team.HOUSTON_ROCKETS,Outcome.LOSS,470,1,3,0,1,4,4,0,0,1,1,0,0,0,-2.0,6.0
allengr01,Grayson Allen,Team.PHOENIX_SUNS,Location.HOME,Team.HOUSTON_ROCKETS,Outcome.LOSS,1099,2,5,1,2,2,2,0,0,2,1,0,1,0,-22.0,5.7
spencpa01,Pat Spencer,Team.GOLDEN_STATE_WARRIORS,Location.AWAY,Team.SAN_ANTONIO_SPURS,Outcome.WIN,612,2,3,1,2,0,0,0,0,4,0,0,0,2,5.0,5.7
achiupr01,Precious Achiuwa,Team.NEW_YORK_KNICKS,Location.HOME,Team.PORTLAND_TRAIL_BLAZERS,Outcome.WIN,654,5,6,0,0,0,2,0,2,0,0,0,2,0,-2.0,5.6
edwarju01,Justin Edwards,Team.PHILADELPHIA_76ERS,Location.HOME,Team.TORONTO_RAPTORS,Outcome.LOSS,1652,6,17,0,4,0,0,1,6,4,0,0,1,3,-21.0,5.6
jackstr02,Trayce Jackson-Davis,Team.GOLDEN_STATE_WARRIORS,Location.AWAY,Team.SAN_ANTONIO_SPURS,Outcome.WIN,560,4,7,0,1,0,3,3,0,2,0,0,1,1,10.0,5.6
onealro01,Royce O'Neale,Team.PHOENIX_SUNS,Location.HOME,Team.HOUSTON_ROCKETS,Outcome.LOSS,901,2,5,2,5,0,0,0,3,3,0,0,0,2,-10.0,5.5
okogijo01,Josh Okogie,Team.CHARLOTTE_HORNETS,Location.AWAY,Team.NEW_ORLEANS_PELICANS,Outcome.LOSS,631,1,4,0,2,4,4,0,2,1,2,0,1,1,8.0,5.5
princta02,Taurean Prince,Team.MILWAUKEE_BUCKS,Location.HOME,Team.ATLANTA_HAWKS,Outcome.LOSS,1577,2,5,2,5,1,1,1,3,0,1,1,1,3,-15.0,5.4
brownbr01,Bruce Brown,Team.NEW_ORLEANS_PELICANS,Location.HOME,Team.CHARLOTTE_HORNETS,Outcome.WIN,1839,1,8,0,2,1,2,2,10,2,1,3,1,0,7.0,5.3
agbajoc01,Ochai Agbaji,Team.TORONTO_RAPTORS,Location.AWAY,Team.PHILADELPHIA_76ERS,Outcome.WIN,1504,4,9,1,3,0,0,0,3,2,1,0,2,1,16.0,5.2
merrisa01,Sam Merrill,Team.CLEVELAND_CAVALIERS,Location.HOME,Team.LOS_ANGELES_CLIPPERS,Outcome.WIN,1337,2,7,2,7,0,0,1,3,2,1,0,0,2,-5.0,5.1
swideco01,Cole Swider,Team.TORONTO_RAPTORS,Location.AWAY,Team.PHILADELPHIA_76ERS,Outcome.WIN,1104,3,7,2,5,0,0,1,3,0,0,0,0,2,7.0,5.1
paulch01,Chris Paul,Team.SAN_ANTONIO_SPURS,Location.HOME,Team.GOLDEN_STATE_WARRIORS,Outcome.LOSS,1057,2,3,2,3,0,0,0,1,4,1,0,3,2,-24.0,5.0
ighodos01,Oso Ighodaro,Team.PHOENIX_SUNS,Location.HOME,Team.HOUSTON_ROCKETS,Outcome.LOSS,1175,1,2,0,0,3,4,0,4,2,0,2,1,5,-23.0,4.6
jenkida01,Daniss Jenkins,Team.DETROIT_PISTONS,Location.AWAY,Team.MINNESOTA_TIMBERWOLVES,Outcome.LOSS,133,2,2,1,1,0,0,0,0,0,0,0,0,0,1.0,4.4
minotjo01,Josh Minott,Team.MINNESOTA_TIMBERWOLVES,Location.HOME,Team.DETROIT_PISTONS,Outcome.WIN,133,2,2,1,1,0,0,0,0,0,0,0,0,0,-1.0,4.4
thompau01,Ausar Thompson,Team.DETROIT_PISTONS,Location.AWAY,Team.MINNESOTA_TIMBERWOLVES,Outcome.LOSS,2019,6,15,0,2,2,5,2,2,1,0,0,1,5,-15.0,4.4
quinole01,Lester Quiñones,Team.NEW_ORLEANS_PELICANS,Location.HOME,Team.CHARLOTTE_HORNETS,Outcome.WIN,717,2,3,1,2,0,0,0,1,1,0,0,0,1,2.0,4.3
wheelph02,Phillip Wheeler,Team.PHILADELPHIA_76ERS,Location.HOME,Team.TORONTO_RAPTORS,Outcome.LOSS,766,1,4,0,1,2,2,0,1,0,1,2,0,0,-1.0,4.3
alvarjo01,Jose Alvarado,Team.NEW_ORLEANS_PELICANS,Location.HOME,Team.CHARLOTTE_HORNETS,Outcome.WIN,1828,4,16,1,7,3,3,2,3,4,2,0,5,1,1.0,4.1
richani01,Nick Richards,Team.PHOENIX_SUNS,Location.HOME,Team.HOUSTON_ROCKETS,Outcome.LOSS,1124,3,6,0,0,0,0,3,2,0,1,0,1,4,-16.0,4.1
robinmi01,Mitchell Robinson,Team.NEW_YORK_KNICKS,Location.HOME,Team.PORTLAND_TRAIL_BLAZERS,Outcome.WIN,840,1,1,0,0,0,0,1,3,2,0,2,2,0,19.0,4.1
garzalu01,Luka Garza,Team.MINNESOTA_TIMBERWOLVES,Location.HOME,Team.DETROIT_PISTONS,Outcome.WIN,138,1,1,0,0,2,2,0,0,1,0,0,0,1,-1.0,4.0
gibsota01,Taj Gibson,Team.CHARLOTTE_HORNETS,Location.AWAY,Team.NEW_ORLEANS_PELICANS,Outcome.LOSS,888,2,4,0,0,0,0,0,1,0,1,3,1,1,-4.0,4.0
lopezbr01,Brook Lopez,Team.MILWAUKEE_BUCKS,Location.HOME,Team.ATLANTA_HAWKS,Outcome.LOSS,1793,2,4,0,2,1,2,0,1,1,1,1,1,1,-11.0,3.9
martico01,Cody Martin,Team.PHOENIX_SUNS,Location.HOME,Team.HOUSTON_ROCKETS,Outcome.LOSS,686,2,3,0,1,0,0,0,2,0,1,0,0,1,-10.0,3.9
baglema02,Marcus Bagley,Team.PHILADELPHIA_76ERS,Location.HOME,Team.TORONTO_RAPTORS,Outcome.LOSS,1551,2,7,0,4,0,0,2,5,0,0,2,0,1,-3.0,3.8
mcdanja02,Jaden McDaniels,Team.MINNESOTA_TIMBERWOLVES,Location.HOME,Team.DETROIT_PISTONS,Outcome.WIN,1794,1,6,0,2,0,2,1,8,3,1,2,0,3,15.0,3.8
greenja02,Javonte Green,Team.CLEVELAND_CAVALIERS,Location.HOME,Team.LOS_ANGELES_CLIPPERS,Outcome.WIN,303,1,1,0,0,0,0,0,0,0,2,0,0,0,2.0,3.7
clingdo01,Donovan Clingan,Team.PORTLAND_TRAIL_BLAZERS,Location.AWAY,Team.NEW_YORK_KNICKS,Outcome.LOSS,1973,1,4,0,1,0,0,3,7,0,0,2,0,4,6.0,3.6
connapa01,Pat Connaughton,Team.MILWAUKEE_BUCKS,Location.HOME,Team.ATLANTA_HAWKS,Outcome.LOSS,1063,3,6,0,1,0,0,0,1,3,0,0,1,2,-8.0,3.6
trentga02,Gary Trent Jr.,Team.MILWAUKEE_BUCKS,Location.HOME,Team.ATLANTA_HAWKS,Outcome.LOSS,1733,2,9,1,6,5,5,0,3,0,0,0,1,2,0.0,3.6
bolbo01,Bol Bol,Team.PHOENIX_SUNS,Location.HOME,Team.HOUSTON_ROCKETS,Outcome.LOSS,558,3,5,1,3,0,0,0,0,1,0,0,2,0,-6.0,3.4
diabamo01,Moussa Diabaté,Team.CHARLOTTE_HORNETS,Location.AWAY,Team.NEW_ORLEANS_PELICANS,Outcome.LOSS,1010,1,5,0,0,4,5,1,6,0,0,0,1,2,-3.0,3.2
hollaro01,Ron Holland,Team.DETROIT_PISTONS,Location.AWAY,Team.MINNESOTA_TIMBERWOLVES,Outcome.LOSS,442,1,4,0,0,2,2,0,2,1,1,0,0,2,-1.0,3.1
wadede01,Dean Wade,Team.CLEVELAND_CAVALIERS,Location.HOME,Team.LOS_ANGELES_CLIPPERS,Outcome.WIN,1200,2,6,1,5,0,0,0,2,1,1,0,0,2,-1.0,3.1
clarkja02,Jaylen Clark,Team.MINNESOTA_TIMBERWOLVES,Location.HOME,Team.DETROIT_PISTONS,Outcome.WIN,1092,2,4,0,1,2,3,0,2,0,0,0,0,3,1.0,3.0
jeffrda01,DaQuan Jeffries,Team.CHARLOTTE_HORNETS,Location.AWAY,Team.NEW_ORLEANS_PELICANS,Outcome.LOSS,1778,2,9,1,4,0,0,1,2,2,3,0,2,1,-5.0,2.8
postqu01,Quinten Post,Team.GOLDEN_STATE_WARRIORS,Location.AWAY,Team.SAN_ANTONIO_SPURS,Outcome.WIN,1063,3,9,1,6,0,0,0,2,1,1,0,1,1,2.0,2.8
reeseal01,Alex Reese,Team.PHILADELPHIA_76ERS,Location.HOME,Team.TORONTO_RAPTORS,Outcome.LOSS,1264,1,4,0,3,0,0,1,5,0,1,0,0,0,-1.0,2.8
sassema01,Marcus Sasser,Team.DETROIT_PISTONS,Location.AWAY,Team.MINNESOTA_TIMBERWOLVES,Outcome.LOSS,380,1,3,1,2,0,0,0,1,3,0,0,1,0,-1.0,2.7
weslebl01,Blake Wesley,Team.SAN_ANTONIO_SPURS,Location.HOME,Team.GOLDEN_STATE_WARRIORS,Outcome.LOSS,1611,2,5,0,2,1,4,1,1,2,2,0,2,2,-30.0,2.7
barneha02,Harrison Barnes,Team.SAN_ANTONIO_SPURS,Location.HOME,Team.GOLDEN_STATE_WARRIORS,Outcome.LOSS,1050,2,6,1,3,1,1,0,1,3,0,0,2,1,-17.0,2.6
jacksan01,Andre Jackson Jr.,Team.MILWAUKEE_BUCKS,Location.HOME,Team.ATLANTA_HAWKS,Outcome.LOSS,666,0,2,0,1,1,2,2,1,1,1,0,0,0,7.0,2.6
reathdu01,Duop Reath,Team.PORTLAND_TRAIL_BLAZERS,Location.AWAY,Team.NEW_YORK_KNICKS,Outcome.LOSS,831,2,3,0,1,0,0,1,0,0,0,0,1,0,-21.0,2.4
salauti01,Tidjane Salaün,Team.CHARLOTTE_HORNETS,Location.AWAY,Team.NEW_ORLEANS_PELICANS,Outcome.LOSS,1754,1,7,0,6,2,2,0,7,4,2,0,2,5,-12.0,2.4
paytoel01,Elfrid Payton,Team.NEW_ORLEANS_PELICANS,Location.HOME,Team.CHARLOTTE_HORNETS,Outcome.WIN,1158,1,7,0,0,0,0,0,3,6,2,1,3,0,3.0,2.3
krejcvi01,Vit Krejci,Team.ATLANTA_HAWKS,Location.AWAY,Team.MILWAUKEE_BUCKS,Outcome.WIN,947,1,2,1,2,0,0,0,2,0,0,0,0,1,3.0,2.2
kolekty01,Tyler Kolek,Team.NEW_YORK_KNICKS,Location.HOME,Team.PORTLAND_TRAIL_BLAZERS,Outcome.WIN,833,0,1,0,1,0,0,1,1,3,0,1,1,0,9.0,2.1
kuminjo01,Jonathan Kuminga,Team.GOLDEN_STATE_WARRIORS,Location.AWAY,Team.SAN_ANTONIO_SPURS,Outcome.WIN,394,1,2,0,0,2,2,0,1,0,0,0,1,1,9.0,1.9
waterli01,Lindy Waters III,Team.DETROIT_PISTONS,Location.AWAY,Team.MINNESOTA_TIMBERWOLVES,Outcome.LOSS,800,0,2,0,1,0,0,3,1,1,0,0,0,0,-14.0,1.7
reidna01,Naz Reid,Team.MINNESOTA_TIMBERWOLVES,Location.HOME,Team.DETROIT_PISTONS,Outcome.WIN,577,1,3,0,1,0,0,0,2,1,0,0,0,0,2.0,1.6
strusma01,Max Strus,Team.CLEVELAND_CAVALIERS,Location.HOME,Team.LOS_ANGELES_CLIPPERS,Outcome.WIN,1420,1,4,0,3,1,2,2,1,6,0,0,3,4,0.0,1.5
gilleco01,Collin Gillespie,Team.PHOENIX_SUNS,Location.HOME,Team.HOUSTON_ROCKETS,Outcome.LOSS,1353,1,9,1,4,0,0,1,3,4,1,1,2,0,-20.0,1.2
stewais01,Isaiah Stewart,Team.DETROIT_PISTONS,Location.AWAY,Team.MINNESOTA_TIMBERWOLVES,Outcome.LOSS,442,0,2,0,0,0,0,2,2,1,0,1,0,2,-1.0,1.2
coffeam01,Amir Coffey,Team.LOS_ANGELES_CLIPPERS,Location.AWAY,Team.CLEVELAND_CAVALIERS,Outcome.LOSS,218,0,0,0,0,1,2,0,1,0,0,0,0,0,-8.0,0.9
jonesty01,Tyus Jones,Team.PHOENIX_SUNS,Location.HOME,Team.HOUSTON_ROCKETS,Outcome.LOSS,892,2,9,1,5,0,0,0,1,3,0,0,1,0,-11.0,0.9
fontesi01,Simone Fontecchio,Team.DETROIT_PISTONS,Location.AWAY,Team.MINNESOTA_TIMBERWOLVES,Outcome.LOSS,1515,1,8,1,5,0,0,3,2,1,0,0,0,1,2.0,0.8
bassech01,Charles Bassey,Team.SAN_ANTONIO_SPURS,Location.HOME,Team.GOLDEN_STATE_WARRIORS,Outcome.LOSS,594,0,0,0,0,0,0,0,1,0,0,1,0,1,-7.0,0.6
murrakr01,Kris Murray,Team.PORTLAND_TRAIL_BLAZERS,Location.AWAY,Team.NEW_YORK_KNICKS,Outcome.LOSS,290,0,0,0,0,0,0,0,1,0,0,0,0,0,-12.0,0.3
castlst01,Stephon Castle,Team.SAN_ANTONIO_SPURS,Location.HOME,Team.GOLDEN_STATE_WARRIORS,Outcome.LOSS,1347,3,11,1,4,2,3,1,2,2,0,0,4,2,-25.0,0.0
dadiepa01,Pacome Dadiet,Team.NEW_YORK_KNICKS,Location.HOME,Team.PORTLAND_TRAIL_BLAZERS,Outcome.WIN,36,0,0,0,0,0,0,0,0,0,0,0,0,0,0.0,0.0
dilliro01,Rob Dillingham,Team.MINNESOTA_TIMBERWOLVES,Location.HOME,Team.DETROIT_PISTONS,Outcome.WIN,133,0,1,0,0,0,0,0,0,1,0,0,0,0,-1.0,0.0
klintbo01,Bobi Klintman,Team.DETROIT_PISTONS,Location.AWAY,Team.MINNESOTA_TIMBERWOLVES,Outcome.LOSS,133,0,0,0,0,0,0,0,0,0,0,0,0,0,1.0,0.0
millele01,Leonard Miller,Team.MINNESOTA_TIMBERWOLVES,Location.HOME,Team.DETROIT_PISTONS,Outcome.WIN,133,0,0,0,0,0,0,0,0,0,0,0,0,0,-1.0,0.0
ruperra01,Rayan Rupert,Team.PORTLAND_TRAIL_BLAZERS,Location.AWAY,Team.NEW_YORK_KNICKS,Outcome.LOSS,74,0,0,0,0,0,0,0,0,0,0,0,0,0,-2.0,0.0
walkeja01,Jabari Walker,Team.PORTLAND_TRAIL_BLAZERS,Location.AWAY,Team.NEW_YORK_KNICKS,Outcome.LOSS,74,0,0,0,0,0,0,0,0,0,0,0,0,0,-2.0,0.0
lawsoaj01,A.J. Lawson,Team.TORONTO_RAPTORS,Location.AWAY,Team.PHILADELPHIA_76ERS,Outcome.WIN,297,0,2,0,2,0,0,1,2,0,0,0,0,0,-1.0,-0.1
nancepe01,Pete Nance,Team.MILWAUKEE_BUCKS,Location.HOME,Team.ATLANTA_HAWKS,Outcome.LOSS,152,0,0,0,0,0,0,0,0,0,0,0,0,1,-2.0,-0.4
smithty02,Tyler Smith,Team.MILWAUKEE_BUCKS,Location.HOME,Team.ATLANTA_HAWKS,Outcome.LOSS,152,0,1,0,1,0,0,0,1,0,0,0,0,0,-2.0,-0.4
dunnry01,Ryan Dunn,Team.PHOENIX_SUNS,Location.HOME,Team.HOUSTON_ROCKETS,Outcome.LOSS,1164,1,3,0,2,0,0,2,0,0,0,1,2,3,-16.0,-0.8
livinch01,Chris Livingston,Team.MILWAUKEE_BUCKS,Location.HOME,Team.ATLANTA_HAWKS,Outcome.LOSS,142,0,2,0,1,1,2,0,0,0,0,0,0,0,-2.0,-0.8
sochaje01,Jeremy Sochan,Team.SAN_ANTONIO_SPURS,Location.HOME,Team.GOLDEN_STATE_WARRIORS,Outcome.LOSS,1091,1,4,0,2,0,0,1,1,1,0,0,1,3,-18.0,-0.9
batumni01,Nicolas Batum,Team.LOS_ANGELES_CLIPPERS,Location.AWAY,Team.CLEVELAND_CAVALIERS,Outcome.LOSS,957,0,2,0,2,1,2,0,3,1,0,0,1,2,-4.0,-1.0
bouyeja01,Jamaree Bouyea,Team.MILWAUKEE_BUCKS,Location.HOME,Team.ATLANTA_HAWKS,Outcome.LOSS,152,0,0,0,0,0,0,0,0,0,0,0,1,0,-2.0,-1.0
micicva01,Vasilije Micić,Team.PHOENIX_SUNS,Location.HOME,Team.HOUSTON_ROCKETS,Outcome.LOSS,470,0,0,0,0,0,0,0,0,0,0,0,1,0,-2.0,-1.0
bantoda01,Dalano Banton,Team.PORTLAND_TRAIL_BLAZERS,Location.AWAY,Team.NEW_YORK_KNICKS,Outcome.LOSS,1123,0,6,0,3,0,0,1,0,4,0,0,0,1,-19.0,-1.1
thybuma01,Matisse Thybulle,Team.PORTLAND_TRAIL_BLAZERS,Location.AWAY,Team.NEW_YORK_KNICKS,Outcome.LOSS,723,0,2,0,1,0,0,0,1,0,1,1,2,0,-22.0,-1.4
minayju01,Justin Minaya,Team.PORTLAND_TRAIL_BLAZERS,Location.AWAY,Team.NEW_YORK_KNICKS,Outcome.LOSS,74,0,1,0,1,0,2,0,0,0,0,0,0,0,-2.0,-1.5
reedpa01,Paul Reed,Team.DETROIT_PISTONS,Location.AWAY,Team.MINNESOTA_TIMBERWOLVES,Outcome.LOSS,859,1,5,0,2,2,4,0,3,0,0,1,2,3,-11.0,-1.5
cainja01,Jamal Cain,Team.NEW_ORLEANS_PELICANS,Location.HOME,Team.CHARLOTTE_HORNETS,Outcome.WIN,139,0,2,0,2,0,0,0,0,0,0,0,1,0,-3.0,-2.4
