slug,name,team,location,opponent,outcome,seconds_played,made_field_goals,attempted_field_goals,made_three_point_field_goals,attempted_three_point_field_goals,made_free_throws,attempted_free_throws,offensive_rebounds,defensive_rebounds,assists,steals,blocks,turnovers,personal_fouls,plus_minus,game_score
reaveau01,Austin Reaves,Team.LOS_ANGELES_LAKERS,Location.AWAY,Team.MEMPHIS_GRIZZLIES,Outcome.WIN,2241,8,16,5,8,10,10,3,4,8,1,1,3,2,-5.0,29.8
gilgesh01,Shai Gilgeous-Alexander,Team.OKLAHOMA_CITY_THUNDER,Location.HOME,Team.INDIANA_PACERS,Outcome.WIN,1871,10,23,3,6,10,12,3,4,8,1,0,0,2,17.0,29.2
banede01,Desmond Bane,Team.MEMPHIS_GRIZZLIES,Location.HOME,Team.LOS_ANGELES_LAKERS,Outcome.LOSS,1978,12,18,5,8,0,0,1,3,6,2,0,0,2,3.0,28.2
herroty01,Tyler Herro,Team.MIAMI_HEAT,Location.AWAY,Team.PHILADELPHIA_76ERS,Outcome.WIN,2014,11,17,5,9,3,3,2,1,7,0,0,2,1,2.0,26.7
tatumja01,Jayson Tatum,Team.BOSTON_CELTICS,Location.AWAY,Team.SAN_ANTONIO_SPURS,Outcome.WIN,2153,10,22,2,9,7,7,1,9,8,0,1,1,1,9.0,25.9
doncilu01,Luka Dončić,Team.LOS_ANGELES_LAKERS,Location.AWAY,Team.MEMPHIS_GRIZZLIES,Outcome.WIN,2302,8,18,2,9,11,12,0,8,9,2,0,3,3,11.0,25.7
buzelma01,Matas Buzelis,Team.CHICAGO_BULLS,Location.HOME,Team.DALLAS_MAVERICKS,Outcome.LOSS,2257,10,17,5,7,3,4,0,9,6,0,1,2,1,9.0,24.9
joneska01,Kai Jones,Team.DALLAS_MAVERICKS,Location.AWAY,Team.CHICAGO_BULLS,Outcome.WIN,1887,7,8,0,0,1,1,4,3,3,4,2,0,2,4.0,22.6
vucevni01,Nikola Vučević,Team.CHICAGO_BULLS,Location.HOME,Team.DALLAS_MAVERICKS,Outcome.LOSS,1826,9,18,2,5,5,6,4,5,5,1,0,1,3,-10.0,22.2
holidjr01,Jrue Holiday,Team.BOSTON_CELTICS,Location.AWAY,Team.SAN_ANTONIO_SPURS,Outcome.WIN,2092,8,12,5,7,0,0,1,5,6,0,0,0,2,14.0,21.4
jamesle01,LeBron James,Team.LOS_ANGELES_LAKERS,Location.AWAY,Team.MEMPHIS_GRIZZLIES,Outcome.WIN,2247,10,21,2,5,3,4,1,5,8,3,1,3,3,-1.0,21.2
dortlu01,Luguentz Dort,Team.OKLAHOMA_CITY_THUNDER,Location.HOME,Team.INDIANA_PACERS,Outcome.WIN,1984,8,11,6,7,0,0,0,5,0,2,1,1,0,17.0,20.7
kornelu01,Luke Kornet,Team.BOSTON_CELTICS,Location.AWAY,Team.SAN_ANTONIO_SPURS,Outcome.WIN,1874,7,10,0,0,1,2,7,9,4,1,0,0,3,21.0,20.6
wareke01,Kel'el Ware,Team.MIAMI_HEAT,Location.AWAY,Team.PHILADELPHIA_76ERS,Outcome.WIN,1832,6,6,1,1,0,0,4,10,2,1,2,0,1,1.0,20.4
johnske04,Keldon Johnson,Team.SAN_ANTONIO_SPURS,Location.HOME,Team.BOSTON_CELTICS,Outcome.LOSS,2018,9,12,2,3,3,3,1,5,3,0,0,1,3,1.0,20.3
johnsca02,Cameron Johnson,Team.BROOKLYN_NETS,Location.AWAY,Team.WASHINGTON_WIZARDS,Outcome.WIN,1438,5,10,1,5,7,7,2,7,7,0,0,1,1,7.0,20.0
wilsoja03,Jalen Wilson,Team.BROOKLYN_NETS,Location.AWAY,Team.WASHINGTON_WIZARDS,Outcome.WIN,1395,5,9,4,7,6,6,2,5,3,0,0,1,1,-2.0,19.3
banchpa01,Paolo Banchero,Team.ORLANDO_MAGIC,Location.HOME,Team.SACRAMENTO_KINGS,Outcome.WIN,1762,9,19,1,5,5,11,2,4,6,1,0,1,0,22.0,18.7
jacksja02,Jaren Jackson Jr.,Team.MEMPHIS_GRIZZLIES,Location.HOME,Team.LOS_ANGELES_LAKERS,Outcome.LOSS,1711,8,13,3,4,5,6,0,4,1,1,1,1,4,6.0,18.7
jonesco02,Colby Jones,Team.WASHINGTON_WIZARDS,Location.HOME,Team.BROOKLYN_NETS,Outcome.LOSS,1711,7,11,1,5,5,7,0,2,4,3,0,1,3,6.0,18.5
butleja02,Jared Butler,Team.PHILADELPHIA_76ERS,Location.HOME,Team.MIAMI_HEAT,Outcome.LOSS,1794,7,12,4,4,1,3,0,2,10,1,0,2,3,2.0,18.0
martity01,Tyrese Martin,Team.BROOKLYN_NETS,Location.AWAY,Team.WASHINGTON_WIZARDS,Outcome.WIN,1838,7,11,3,5,3,4,2,3,4,0,0,1,2,5.0,18.0
wagnefr01,Franz Wagner,Team.ORLANDO_MAGIC,Location.HOME,Team.SACRAMENTO_KINGS,Outcome.WIN,1428,8,12,2,6,3,4,1,1,3,0,0,0,2,16.0,17.7
castlst01,Stephon Castle,Team.SAN_ANTONIO_SPURS,Location.HOME,Team.BOSTON_CELTICS,Outcome.LOSS,1771,7,18,1,7,7,10,0,2,8,1,0,0,2,-11.0,17.4
halibty01,Tyrese Haliburton,Team.INDIANA_PACERS,Location.AWAY,Team.OKLAHOMA_CITY_THUNDER,Outcome.LOSS,1721,6,12,4,9,2,2,1,3,3,2,0,0,1,-19.0,17.3
whiteco01,Coby White,Team.CHICAGO_BULLS,Location.HOME,Team.DALLAS_MAVERICKS,Outcome.LOSS,2126,8,16,2,4,7,9,1,10,2,0,0,4,0,9.0,17.3
derozde01,DeMar DeRozan,Team.SACRAMENTO_KINGS,Location.AWAY,Team.ORLANDO_MAGIC,Outcome.LOSS,1734,7,11,2,3,5,5,1,3,1,0,2,1,4,-15.0,17.2
dinwisp01,Spencer Dinwiddie,Team.DALLAS_MAVERICKS,Location.AWAY,Team.CHICAGO_BULLS,Outcome.WIN,2158,6,11,2,4,0,1,0,8,11,0,1,1,3,0.0,16.9
larsspe01,Pelle Larsson,Team.MIAMI_HEAT,Location.AWAY,Team.PHILADELPHIA_76ERS,Outcome.WIN,1800,5,11,2,2,2,3,3,3,4,4,2,1,3,25.0,16.9
bonaad01,Adem Bona,Team.PHILADELPHIA_76ERS,Location.HOME,Team.MIAMI_HEAT,Outcome.LOSS,1774,8,9,0,0,0,0,2,8,1,1,3,3,2,-5.0,16.7
joeis01,Isaiah Joe,Team.OKLAHOMA_CITY_THUNDER,Location.HOME,Team.INDIANA_PACERS,Outcome.WIN,1607,7,9,5,7,0,0,1,4,0,0,0,1,0,10.0,16.4
houstca01,Caleb Houstan,Team.ORLANDO_MAGIC,Location.HOME,Team.SACRAMENTO_KINGS,Outcome.WIN,1517,6,7,6,7,0,0,0,4,2,0,0,1,2,17.0,16.3
edeyza01,Zach Edey,Team.MEMPHIS_GRIZZLIES,Location.HOME,Team.LOS_ANGELES_LAKERS,Outcome.LOSS,1590,7,10,0,0,0,2,5,6,2,1,3,1,4,1.0,16.2
timmedr01,Drew Timme,Team.BROOKLYN_NETS,Location.AWAY,Team.WASHINGTON_WIZARDS,Outcome.WIN,1719,9,14,0,3,1,1,3,3,3,0,0,1,2,-12.0,16.1
pippesc02,Scotty Pippen Jr.,Team.MEMPHIS_GRIZZLIES,Location.HOME,Team.LOS_ANGELES_LAKERS,Outcome.LOSS,1098,6,8,3,4,1,1,0,3,5,1,0,1,4,-6.0,15.6
bitadgo01,Goga Bitadze,Team.ORLANDO_MAGIC,Location.HOME,Team.SACRAMENTO_KINGS,Outcome.WIN,1076,5,10,0,1,2,2,5,5,5,1,1,1,2,18.0,15.4
sochaje01,Jeremy Sochan,Team.SAN_ANTONIO_SPURS,Location.HOME,Team.BOSTON_CELTICS,Outcome.LOSS,1886,4,12,0,4,10,12,4,4,3,2,0,2,3,2.0,15.3
burksal01,Alec Burks,Team.MIAMI_HEAT,Location.AWAY,Team.PHILADELPHIA_76ERS,Outcome.WIN,1193,7,13,6,12,0,0,1,2,0,1,0,0,2,14.0,15.2
moranja01,Ja Morant,Team.MEMPHIS_GRIZZLIES,Location.HOME,Team.LOS_ANGELES_LAKERS,Outcome.LOSS,1883,9,23,1,5,3,5,1,7,10,1,0,4,3,0.0,14.3
thompkl01,Klay Thompson,Team.DALLAS_MAVERICKS,Location.AWAY,Team.CHICAGO_BULLS,Outcome.WIN,1823,6,13,5,10,3,3,0,1,1,0,0,0,0,4.0,14.3
wallaca01,Cason Wallace,Team.OKLAHOMA_CITY_THUNDER,Location.HOME,Team.INDIANA_PACERS,Outcome.WIN,1819,5,10,2,4,2,2,1,1,3,2,1,1,0,7.0,13.8
johnsaj01,AJ Johnson,Team.WASHINGTON_WIZARDS,Location.HOME,Team.BROOKLYN_NETS,Outcome.LOSS,2535,6,14,3,7,5,6,0,1,4,0,1,2,1,-8.0,13.6
washipj01,P.J. Washington,Team.DALLAS_MAVERICKS,Location.AWAY,Team.CHICAGO_BULLS,Outcome.WIN,1927,8,15,1,5,2,2,1,6,2,0,2,2,4,8.0,13.4
highsha01,Haywood Highsmith,Team.MIAMI_HEAT,Location.AWAY,Team.PHILADELPHIA_76ERS,Outcome.WIN,2008,5,9,3,7,0,0,1,5,3,2,0,1,2,18.0,13.2
adebaba01,Bam Adebayo,Team.MIAMI_HEAT,Location.AWAY,Team.PHILADELPHIA_76ERS,Outcome.WIN,1680,5,14,2,2,4,5,2,5,5,0,0,1,1,23.0,12.8
edwarju01,Justin Edwards,Team.PHILADELPHIA_76ERS,Location.HOME,Team.MIAMI_HEAT,Outcome.LOSS,2128,6,10,4,6,1,2,1,2,3,2,0,3,4,-16.0,12.8
nembhan01,Andrew Nembhard,Team.INDIANA_PACERS,Location.AWAY,Team.OKLAHOMA_CITY_THUNDER,Outcome.LOSS,1804,6,13,1,4,3,4,0,5,7,0,0,1,4,-15.0,12.7
vincega01,Gabe Vincent,Team.LOS_ANGELES_LAKERS,Location.AWAY,Team.MEMPHIS_GRIZZLIES,Outcome.WIN,1385,5,7,4,6,1,1,1,1,1,1,0,1,3,9.0,12.6
willija06,Jalen Williams,Team.OKLAHOMA_CITY_THUNDER,Location.HOME,Team.INDIANA_PACERS,Outcome.WIN,1754,7,14,0,2,4,5,0,2,6,0,0,2,2,10.0,12.6
colliza01,Zach Collins,Team.CHICAGO_BULLS,Location.HOME,Team.DALLAS_MAVERICKS,Outcome.LOSS,1054,5,8,2,4,1,1,3,4,2,0,0,1,2,9.0,12.3
vassede01,Devin Vassell,Team.SAN_ANTONIO_SPURS,Location.HOME,Team.BOSTON_CELTICS,Outcome.LOSS,2261,5,12,4,6,0,0,0,5,3,1,0,0,0,-12.0,12.2
sabondo01,Domantas Sabonis,Team.SACRAMENTO_KINGS,Location.AWAY,Team.ORLANDO_MAGIC,Outcome.LOSS,1768,4,12,0,1,6,8,3,10,4,1,0,2,3,-22.0,12.1
barneha02,Harrison Barnes,Team.SAN_ANTONIO_SPURS,Location.HOME,Team.BOSTON_CELTICS,Outcome.LOSS,1459,5,11,3,8,0,0,1,2,2,2,0,0,1,-5.0,11.6
paulch01,Chris Paul,Team.SAN_ANTONIO_SPURS,Location.HOME,Team.BOSTON_CELTICS,Outcome.LOSS,2113,5,8,2,5,0,0,0,5,5,0,0,1,2,-4.0,11.6
martija02,Jaylen Martin,Team.WASHINGTON_WIZARDS,Location.HOME,Team.BROOKLYN_NETS,Outcome.LOSS,1822,5,10,1,4,2,2,2,4,3,0,0,0,3,9.0,11.5
willike04,Kenrich Williams,Team.OKLAHOMA_CITY_THUNDER,Location.HOME,Team.INDIANA_PACERS,Outcome.WIN,1593,4,8,1,2,1,2,0,8,5,1,0,0,3,23.0,11.3
davisan02,Anthony Davis,Team.DALLAS_MAVERICKS,Location.AWAY,Team.CHICAGO_BULLS,Outcome.WIN,1803,7,23,0,4,4,7,1,6,5,1,2,0,2,-13.0,11.1
johnske07,Keon Johnson,Team.BROOKLYN_NETS,Location.AWAY,Team.WASHINGTON_WIZARDS,Outcome.WIN,1838,5,9,5,7,0,0,0,4,3,0,1,2,4,5.0,11.1
toppiob01,Obi Toppin,Team.INDIANA_PACERS,Location.AWAY,Team.OKLAHOMA_CITY_THUNDER,Outcome.LOSS,1329,5,9,2,6,0,0,1,2,5,0,2,2,2,-14.0,11.1
hachiru01,Rui Hachimura,Team.LOS_ANGELES_LAKERS,Location.AWAY,Team.MEMPHIS_GRIZZLIES,Outcome.WIN,1708,5,8,3,5,0,0,0,3,0,0,1,0,1,-3.0,10.6
marshna01,Naji Marshall,Team.DALLAS_MAVERICKS,Location.AWAY,Team.CHICAGO_BULLS,Outcome.WIN,1612,7,14,0,2,0,0,2,5,2,1,1,2,1,0.0,10.6
whitede01,Derrick White,Team.BOSTON_CELTICS,Location.AWAY,Team.SAN_ANTONIO_SPURS,Outcome.WIN,2401,4,13,3,12,2,3,1,7,6,0,1,2,1,10.0,10.4
champju01,Justin Champagnie,Team.WASHINGTON_WIZARDS,Location.HOME,Team.BROOKLYN_NETS,Outcome.LOSS,1024,3,6,1,2,2,2,1,8,1,0,1,0,1,-12.0,10.1
cartewe01,Wendell Carter Jr.,Team.ORLANDO_MAGIC,Location.HOME,Team.SACRAMENTO_KINGS,Outcome.WIN,1012,3,4,3,3,3,4,0,4,0,0,0,0,3,19.0,10.0
willibr03,Brandon Williams,Team.DALLAS_MAVERICKS,Location.AWAY,Team.CHICAGO_BULLS,Outcome.WIN,956,3,8,0,1,6,6,0,1,3,1,0,1,0,7.0,10.0
brownja02,Jaylen Brown,Team.BOSTON_CELTICS,Location.AWAY,Team.SAN_ANTONIO_SPURS,Outcome.WIN,1789,6,9,1,4,1,2,0,2,4,0,0,2,3,1.0,9.9
wellsja01,Jaylen Wells,Team.MEMPHIS_GRIZZLIES,Location.HOME,Team.LOS_ANGELES_LAKERS,Outcome.LOSS,1417,3,8,1,3,4,4,1,2,3,1,0,0,3,4.0,9.8
carrica01,Bub Carrington,Team.WASHINGTON_WIZARDS,Location.HOME,Team.BROOKLYN_NETS,Outcome.LOSS,1293,3,4,1,1,3,3,0,3,2,0,0,1,1,-4.0,9.3
councri01,Ricky Council IV,Team.PHILADELPHIA_76ERS,Location.HOME,Team.MIAMI_HEAT,Outcome.LOSS,1637,5,12,0,4,3,4,0,6,4,0,0,2,0,-17.0,8.8
walkeja02,Jarace Walker,Team.INDIANA_PACERS,Location.AWAY,Team.OKLAHOMA_CITY_THUNDER,Outcome.LOSS,1603,3,8,2,5,2,2,0,4,4,1,0,1,2,-12.0,8.8
sheppbe01,Ben Sheppard,Team.INDIANA_PACERS,Location.AWAY,Team.OKLAHOMA_CITY_THUNDER,Outcome.LOSS,1311,3,8,2,6,2,2,0,4,2,0,1,0,1,-6.0,8.5
terryda01,Dalen Terry,Team.CHICAGO_BULLS,Location.HOME,Team.DALLAS_MAVERICKS,Outcome.LOSS,1570,3,6,2,3,0,0,2,3,4,1,0,1,4,10.0,8.5
sarral01,Alex Sarr,Team.WASHINGTON_WIZARDS,Location.HOME,Team.BROOKLYN_NETS,Outcome.LOSS,1484,4,12,0,5,4,4,0,4,1,0,3,1,0,-7.0,8.2
poolejo01,Jordan Poole,Team.WASHINGTON_WIZARDS,Location.HOME,Team.BROOKLYN_NETS,Outcome.LOSS,1246,2,9,2,8,6,6,1,1,4,0,0,1,3,-5.0,8.1
caldwke01,Kentavious Caldwell-Pope,Team.ORLANDO_MAGIC,Location.HOME,Team.SACRAMENTO_KINGS,Outcome.WIN,1468,3,8,1,3,1,1,2,1,2,2,1,1,1,17.0,8.0
walkelo01,Lonnie Walker IV,Team.PHILADELPHIA_76ERS,Location.HOME,Team.MIAMI_HEAT,Outcome.LOSS,1232,4,9,2,6,0,0,0,1,2,1,0,0,0,-9.0,8.0
fultzma01,Markelle Fultz,Team.SACRAMENTO_KINGS,Location.AWAY,Team.ORLANDO_MAGIC,Outcome.LOSS,816,3,9,0,1,0,0,2,1,4,3,0,1,0,2.0,7.4
clownno01,Noah Clowney,Team.BROOKLYN_NETS,Location.AWAY,Team.WASHINGTON_WIZARDS,Outcome.WIN,1153,4,12,3,8,2,2,1,4,1,0,0,0,4,13.0,7.2
grimequ01,Quentin Grimes,Team.PHILADELPHIA_76ERS,Location.HOME,Team.MIAMI_HEAT,Outcome.LOSS,1800,6,14,3,7,0,1,1,3,3,0,0,3,2,-22.0,7.1
finnedo01,Dorian Finney-Smith,Team.LOS_ANGELES_LAKERS,Location.AWAY,Team.MEMPHIS_GRIZZLIES,Outcome.WIN,2084,4,9,3,7,0,0,0,5,1,0,0,1,2,15.0,6.7
siakapa01,Pascal Siakam,Team.INDIANA_PACERS,Location.AWAY,Team.OKLAHOMA_CITY_THUNDER,Outcome.LOSS,1628,4,11,1,5,2,4,2,7,1,0,1,2,1,-22.0,6.6
josepco01,Cory Joseph,Team.ORLANDO_MAGIC,Location.HOME,Team.SACRAMENTO_KINGS,Outcome.WIN,1356,1,4,1,4,0,0,0,7,6,1,0,1,1,15.0,6.5
murrake02,Keegan Murray,Team.SACRAMENTO_KINGS,Location.AWAY,Team.ORLANDO_MAGIC,Outcome.LOSS,1798,4,9,1,4,0,0,0,3,0,0,3,0,2,-35.0,6.5
turnemy01,Myles Turner,Team.INDIANA_PACERS,Location.AWAY,Team.OKLAHOMA_CITY_THUNDER,Outcome.LOSS,1208,2,6,0,1,7,10,2,3,1,0,0,3,0,-1.0,6.4
phillju01,Julian Phillips,Team.CHICAGO_BULLS,Location.HOME,Team.DALLAS_MAVERICKS,Outcome.LOSS,986,2,2,0,0,0,0,0,2,1,2,0,0,2,14.0,5.9
jonesis01,Isaac Jones,Team.SACRAMENTO_KINGS,Location.AWAY,Team.ORLANDO_MAGIC,Outcome.LOSS,583,3,3,0,0,0,0,1,0,0,0,0,0,0,5.0,5.8
mccontj01,T.J. McConnell,Team.INDIANA_PACERS,Location.AWAY,Team.OKLAHOMA_CITY_THUNDER,Outcome.LOSS,772,4,6,0,0,0,0,0,1,3,0,0,2,0,-11.0,5.8
porzikr01,Kristaps Porziņģis,Team.BOSTON_CELTICS,Location.AWAY,Team.SAN_ANTONIO_SPURS,Outcome.WIN,1517,4,11,1,4,2,2,3,5,1,0,2,3,5,-3.0,5.6
scheiba01,Baylor Scheierman,Team.BOSTON_CELTICS,Location.AWAY,Team.SAN_ANTONIO_SPURS,Outcome.WIN,1137,2,4,2,4,1,2,1,1,2,0,0,1,1,-1.0,5.6
hausesa01,Sam Hauser,Team.BOSTON_CELTICS,Location.AWAY,Team.SAN_ANTONIO_SPURS,Outcome.WIN,1437,4,13,3,11,0,0,1,1,1,1,0,0,2,-1.0,5.4
vukcetr01,Tristan Vukcevic,Team.WASHINGTON_WIZARDS,Location.HOME,Team.BROOKLYN_NETS,Outcome.LOSS,1430,4,10,0,2,0,0,0,6,0,0,2,0,1,4.0,5.4
mitchda01,Davion Mitchell,Team.MIAMI_HEAT,Location.AWAY,Team.PHILADELPHIA_76ERS,Outcome.WIN,1938,2,8,1,5,1,2,0,1,8,2,0,3,2,18.0,4.9
nesmiaa01,Aaron Nesmith,Team.INDIANA_PACERS,Location.AWAY,Team.OKLAHOMA_CITY_THUNDER,Outcome.LOSS,1325,3,8,1,3,0,0,2,2,0,1,1,0,4,-7.0,4.7
bryanth01,Thomas Bryant,Team.INDIANA_PACERS,Location.AWAY,Team.OKLAHOMA_CITY_THUNDER,Outcome.LOSS,738,2,3,1,2,0,0,0,1,0,1,0,0,1,-4.0,4.6
mamuksa01,Sandro Mamukelashvili,Team.SAN_ANTONIO_SPURS,Location.HOME,Team.BOSTON_CELTICS,Outcome.LOSS,994,2,5,1,2,1,2,2,0,0,0,1,0,1,-12.0,4.6
thorjt01,JT Thor,Team.WASHINGTON_WIZARDS,Location.HOME,Team.BROOKLYN_NETS,Outcome.LOSS,1407,2,6,0,0,1,2,3,3,0,1,0,0,2,0.0,4.4
lylestr01,Trey Lyles,Team.SACRAMENTO_KINGS,Location.AWAY,Team.ORLANDO_MAGIC,Outcome.LOSS,1478,1,4,0,3,2,2,0,7,1,1,1,1,2,-15.0,4.3
mcderdo01,Doug McDermott,Team.SACRAMENTO_KINGS,Location.AWAY,Team.ORLANDO_MAGIC,Outcome.LOSS,795,3,7,2,6,0,0,0,0,0,0,0,0,0,1.0,4.3
carlsbr01,Branden Carlson,Team.OKLAHOMA_CITY_THUNDER,Location.HOME,Team.INDIANA_PACERS,Outcome.WIN,757,1,5,0,3,2,2,1,2,0,1,2,0,1,2.0,4.2
vandeja01,Jarred Vanderbilt,Team.LOS_ANGELES_LAKERS,Location.AWAY,Team.MEMPHIS_GRIZZLIES,Outcome.WIN,592,3,5,0,1,0,0,1,3,1,0,0,1,2,-1.0,4.2
smartma01,Marcus Smart,Team.WASHINGTON_WIZARDS,Location.HOME,Team.BROOKLYN_NETS,Outcome.LOSS,448,1,3,0,0,1,1,0,1,2,1,0,0,0,2.0,4.0
giddejo01,Josh Giddey,Team.CHICAGO_BULLS,Location.HOME,Team.DALLAS_MAVERICKS,Outcome.LOSS,1600,3,12,0,3,2,2,2,6,4,0,2,4,1,-14.0,3.8
huertke01,Kevin Huerter,Team.CHICAGO_BULLS,Location.HOME,Team.DALLAS_MAVERICKS,Outcome.LOSS,1927,3,9,1,5,1,2,0,3,6,0,0,3,2,-13.0,3.8
queentr01,Trevelin Queen,Team.ORLANDO_MAGIC,Location.HOME,Team.SACRAMENTO_KINGS,Outcome.WIN,545,2,6,1,3,0,0,2,0,1,1,0,1,0,-5.0,3.7
hardyja02,Jaden Hardy,Team.DALLAS_MAVERICKS,Location.AWAY,Team.CHICAGO_BULLS,Outcome.WIN,535,2,4,1,3,1,1,0,0,0,0,0,0,1,-7.0,3.6
baglema02,Marcus Bagley,Team.PHILADELPHIA_76ERS,Location.HOME,Team.MIAMI_HEAT,Outcome.LOSS,1095,1,3,0,2,0,0,0,5,0,1,3,1,1,-22.0,3.5
isaacjo01,Jonathan Isaac,Team.ORLANDO_MAGIC,Location.HOME,Team.SACRAMENTO_KINGS,Outcome.WIN,1147,1,1,0,0,0,1,0,1,1,2,0,0,2,8.0,3.5
carusal01,Alex Caruso,Team.OKLAHOMA_CITY_THUNDER,Location.HOME,Team.INDIANA_PACERS,Outcome.WIN,1111,3,5,0,2,0,0,1,4,2,0,0,2,4,22.0,3.4
yabusgu01,Guerschon Yabusele,Team.PHILADELPHIA_76ERS,Location.HOME,Team.MIAMI_HEAT,Outcome.LOSS,1796,0,1,0,1,1,4,1,4,3,1,1,1,2,-17.0,3.0
valanjo01,Jonas Valančiūnas,Team.SACRAMENTO_KINGS,Location.AWAY,Team.ORLANDO_MAGIC,Outcome.LOSS,680,2,4,0,0,0,0,1,3,0,0,0,0,2,-7.0,2.8
knechda01,Dalton Knecht,Team.LOS_ANGELES_LAKERS,Location.AWAY,Team.MEMPHIS_GRIZZLIES,Outcome.WIN,323,1,2,0,1,0,0,1,0,2,0,0,0,1,3.0,2.7
howarje01,Jett Howard,Team.ORLANDO_MAGIC,Location.HOME,Team.SACRAMENTO_KINGS,Outcome.WIN,394,1,2,1,2,0,0,0,2,0,0,0,0,0,1.0,2.6
anderky01,Kyle Anderson,Team.MIAMI_HEAT,Location.AWAY,Team.PHILADELPHIA_76ERS,Outcome.WIN,1207,3,11,0,2,0,0,2,2,2,1,0,1,1,2.0,2.5
lavinza01,Zach LaVine,Team.SACRAMENTO_KINGS,Location.AWAY,Team.ORLANDO_MAGIC,Outcome.LOSS,1724,3,8,1,2,3,3,0,2,3,0,0,5,2,-34.0,2.5
blackan01,Anthony Black,Team.ORLANDO_MAGIC,Location.HOME,Team.SACRAMENTO_KINGS,Outcome.WIN,1524,3,7,1,1,1,1,0,4,2,2,0,5,4,15.0,2.3
jonesdi01,Dillon Jones,Team.OKLAHOMA_CITY_THUNDER,Location.HOME,Team.INDIANA_PACERS,Outcome.WIN,773,1,3,0,1,0,0,0,3,1,2,0,1,2,0.0,2.1
willivi01,Vince Williams Jr.,Team.MEMPHIS_GRIZZLIES,Location.HOME,Team.LOS_ANGELES_LAKERS,Outcome.LOSS,1069,1,4,1,3,0,0,0,3,2,0,0,0,2,-11.0,2.1
bradlto01,Tony Bradley,Team.INDIANA_PACERS,Location.AWAY,Team.OKLAHOMA_CITY_THUNDER,Outcome.LOSS,271,1,1,0,0,0,0,0,1,0,0,0,0,0,4.0,2.0
dasiltr01,Tristan Da Silva,Team.ORLANDO_MAGIC,Location.HOME,Team.SACRAMENTO_KINGS,Outcome.WIN,726,1,5,1,3,0,0,0,2,2,0,0,0,1,-2.0,1.5
furphjo01,Johnny Furphy,Team.INDIANA_PACERS,Location.AWAY,Team.OKLAHOMA_CITY_THUNDER,Outcome.LOSS,349,0,0,0,0,0,0,0,2,0,0,1,0,0,1.0,1.3
harteis01,Isaiah Hartenstein,Team.OKLAHOMA_CITY_THUNDER,Location.HOME,Team.INDIANA_PACERS,Outcome.WIN,860,2,5,0,1,0,0,0,5,1,0,0,1,3,1.0,1.3
martica02,Caleb Martin,Team.DALLAS_MAVERICKS,Location.AWAY,Team.CHICAGO_BULLS,Outcome.WIN,374,1,2,0,0,0,0,0,2,0,0,0,0,1,-12.0,1.2
cartede02,Devin Carter,Team.SACRAMENTO_KINGS,Location.AWAY,Team.ORLANDO_MAGIC,Outcome.LOSS,32,0,0,0,0,0,0,0,0,0,1,0,0,0,2.0,1.0
kennalu01,Luke Kennard,Team.MEMPHIS_GRIZZLIES,Location.HOME,Team.LOS_ANGELES_LAKERS,Outcome.LOSS,1280,0,0,0,0,0,0,0,0,2,0,0,0,1,-9.0,1.0
steveis01,Isaiah Stevens,Team.MIAMI_HEAT,Location.AWAY,Team.PHILADELPHIA_76ERS,Outcome.WIN,120,0,0,0,0,0,0,0,0,0,1,0,0,0,2.0,1.0
jacksqu01,Quenton Jackson,Team.INDIANA_PACERS,Location.AWAY,Team.OKLAHOMA_CITY_THUNDER,Outcome.LOSS,341,0,2,0,1,1,2,0,0,1,1,0,0,0,1.0,0.9
weslebl01,Blake Wesley,Team.SAN_ANTONIO_SPURS,Location.HOME,Team.BOSTON_CELTICS,Outcome.LOSS,967,1,5,1,2,0,0,2,1,0,0,0,0,2,1.0,0.8
aldamsa01,Santi Aldama,Team.MEMPHIS_GRIZZLIES,Location.HOME,Team.LOS_ANGELES_LAKERS,Outcome.LOSS,1581,4,10,0,4,0,0,1,4,2,0,0,4,3,-7.0,0.7
jaqueja01,Jaime Jaquez Jr.,Team.MIAMI_HEAT,Location.AWAY,Team.PHILADELPHIA_76ERS,Outcome.WIN,120,0,0,0,0,0,0,0,0,1,0,0,0,0,2.0,0.7
hayesja02,Jaxson Hayes,Team.LOS_ANGELES_LAKERS,Location.AWAY,Team.MEMPHIS_GRIZZLIES,Outcome.WIN,1026,1,1,0,0,0,0,0,5,0,0,0,1,4,3.0,0.6
flaglad01,Adam Flagler,Team.OKLAHOMA_CITY_THUNDER,Location.HOME,Team.INDIANA_PACERS,Outcome.WIN,271,0,1,0,1,0,0,1,1,0,0,0,0,0,-4.0,0.3
harriga01,Gary Harris,Team.ORLANDO_MAGIC,Location.HOME,Team.SACRAMENTO_KINGS,Outcome.WIN,445,1,4,0,1,0,0,1,1,1,0,0,1,0,9.0,0.3
johnske10,Keshad Johnson,Team.MIAMI_HEAT,Location.AWAY,Team.PHILADELPHIA_76ERS,Outcome.WIN,120,0,0,0,0,0,0,0,1,0,0,0,0,0,2.0,0.3
huffja01,Jay Huff,Team.MEMPHIS_GRIZZLIES,Location.HOME,Team.LOS_ANGELES_LAKERS,Outcome.LOSS,299,0,0,0,0,0,0,0,0,0,0,0,0,0,-8.0,0.0
roziete01,Terry Rozier,Team.MIAMI_HEAT,Location.AWAY,Team.PHILADELPHIA_76ERS,Outcome.WIN,248,0,2,0,1,0,0,1,0,1,0,0,0,0,4.0,0.0
whiteda01,Dariq Whitehead,Team.BROOKLYN_NETS,Location.AWAY,Team.WASHINGTON_WIZARDS,Outcome.WIN,1042,0,3,0,1,0,0,1,3,1,0,0,0,1,-2.0,-0.2
poweldw01,Dwight Powell,Team.DALLAS_MAVERICKS,Location.AWAY,Team.CHICAGO_BULLS,Outcome.WIN,456,0,0,0,0,0,0,0,0,0,1,0,0,3,9.0,-0.2
watfotr01,Trendon Watford,Team.BROOKLYN_NETS,Location.AWAY,Team.WASHINGTON_WIZARDS,Outcome.WIN,1442,3,9,1,3,0,0,0,2,1,0,2,4,2,-4.0,-0.2
crowdja01,Jae Crowder,Team.SACRAMENTO_KINGS,Location.AWAY,Team.ORLANDO_MAGIC,Outcome.LOSS,394,0,2,0,2,0,0,0,1,1,0,0,0,0,-1.0,-0.4
chrisma02,Max Christie,Team.DALLAS_MAVERICKS,Location.AWAY,Team.CHICAGO_BULLS,Outcome.WIN,869,0,3,0,1,0,0,0,1,1,1,0,0,1,5.0,-0.5
crawfis01,Isaiah Crawford,Team.SACRAMENTO_KINGS,Location.AWAY,Team.ORLANDO_MAGIC,Outcome.LOSS,140,0,1,0,0,0,0,0,0,0,0,0,0,0,1.0,-0.7
goodwjo01,Jordan Goodwin,Team.LOS_ANGELES_LAKERS,Location.AWAY,Team.MEMPHIS_GRIZZLIES,Outcome.WIN,490,0,2,0,1,0,0,1,0,0,0,0,0,0,4.0,-0.7
hoodsja01,Jalen Hood-Schifino,Team.PHILADELPHIA_76ERS,Location.HOME,Team.MIAMI_HEAT,Outcome.LOSS,777,1,3,0,1,0,0,0,0,2,0,0,2,1,-9.0,-0.7
lewisma05,Maxwell Lewis,Team.BROOKLYN_NETS,Location.AWAY,Team.WASHINGTON_WIZARDS,Outcome.WIN,1042,1,6,1,4,0,0,1,3,0,0,1,1,3,-2.0,-0.7
chrisjo01,Josh Christopher,Team.MIAMI_HEAT,Location.AWAY,Team.PHILADELPHIA_76ERS,Outcome.WIN,120,0,2,0,2,0,0,0,1,0,0,0,0,0,2.0,-1.1
monkma01,Malik Monk,Team.SACRAMENTO_KINGS,Location.AWAY,Team.ORLANDO_MAGIC,Outcome.LOSS,1360,4,9,1,5,0,2,0,2,2,0,0,6,2,-29.0,-1.3
willizi02,Ziaire Williams,Team.BROOKLYN_NETS,Location.AWAY,Team.WASHINGTON_WIZARDS,Outcome.WIN,1493,0,5,0,3,0,0,0,3,2,2,0,1,3,7.0,-1.4
elliske01,Keon Ellis,Team.SACRAMENTO_KINGS,Location.AWAY,Team.ORLANDO_MAGIC,Outcome.LOSS,1098,0,2,0,1,0,0,1,0,1,0,0,0,4,-3.0,-1.6
stevela01,Lamar Stevens,Team.MEMPHIS_GRIZZLIES,Location.HOME,Team.LOS_ANGELES_LAKERS,Outcome.LOSS,491,0,1,0,1,0,0,0,0,0,0,0,1,1,-8.0,-2.1
wheelph02,Phillip Wheeler,Team.PHILADELPHIA_76ERS,Location.HOME,Team.MIAMI_HEAT,Outcome.LOSS,367,0,3,0,1,0,0,1,0,0,0,0,1,0,0.0,-2.4
champju02,Julian Champagnie,Team.SAN_ANTONIO_SPURS,Location.HOME,Team.BOSTON_CELTICS,Outcome.LOSS,931,0,4,0,3,0,0,0,1,1,0,0,0,2,-10.0,-2.6
willipa01,Patrick Williams,Team.CHICAGO_BULLS,Location.HOME,Team.DALLAS_MAVERICKS,Outcome.LOSS,1054,0,3,0,2,0,0,0,2,1,0,0,3,2,-19.0,-4.6
